area,iso3,area_type,year,intensity_gco2e_per_kwh,emissions_mtco2e,generation_twh
ASEAN,,Region,2000,589.337,250.632,425.278
ASEAN,,Region,2001,586.326,264.915,451.822
ASEAN,,Region,2002,588.213,283.132,481.343
ASEAN,,Region,2003,591.346,299.56,506.573
ASEAN,,Region,2004,595.46,324.908,545.642
ASEAN,,Region,2005,596.318,341.181,572.146
ASEAN,,Region,2006,595.497,356.035,597.879
ASEAN,,Region,2007,599.542,378.864,631.922
ASEAN,,Region,2008,590.612,388.812,658.321
ASEAN,,Region,2009,590.909,401.167,678.898
ASEAN,,Region,2010,591.54,440.459,744.597
ASEAN,,Region,2011,588.544,460.861,783.053
ASEAN,,Region,2012,587.926,498.371,847.677
ASEAN,,Region,2013,586.008,524.296,894.691
ASEAN,,Region,2014,585.762,539.907,921.717
ASEAN,,Region,2015,599.349,578.356,964.974
ASEAN,,Region,2016,596.815,614.95,1030.387
ASEAN,,Region,2017,580.0,623.601,1075.174
ASEAN,,Region,2018,587.128,673.392,1146.925
ASEAN,,Region,2019,607.588,734.388,1208.694
ASEAN,,Region,2020,600.055,721.137,1201.784
ASEAN,,Region,2021,586.32,736.924,1256.863
ASEAN,,Region,2022,574.514,768.459,1337.582
ASEAN,,Region,2023,590.329,833.156,1411.343
ASEAN,,Region,2024,593.776,891.171,1500.853
ASEAN,,Region,2025,584.344,887.1,1518.113
AU,,Region,2000,621.632,273.083,439.3
AU,,Region,2001,620.162,283.78,457.59
AU,,Region,2002,617.642,300.026,485.76
AU,,Region,2003,626.182,317.512,507.06
AU,,Region,2004,624.495,335.941,537.94
AU,,Region,2005,625.407,349.271,558.47
AU,,Region,2006,627.783,366.895,584.43
AU,,Region,2007,627.407,381.313,607.76
AU,,Region,2008,622.163,385.206,619.14
AU,,Region,2009,614.926,382.453,621.95
AU,,Region,2010,611.614,409.653,669.79
AU,,Region,2011,610.907,419.088,686.01
AU,,Region,2012,609.755,440.676,722.71
AU,,Region,2013,604.699,446.371,738.17
AU,,Region,2014,598.552,458.06,765.28
AU,,Region,2015,597.802,470.596,787.21
AU,,Region,2016,595.003,477.752,802.94
AU,,Region,2017,588.771,484.394,822.72
AU,,Region,2018,584.318,498.353,852.88
AU,,Region,2019,575.118,502.072,872.99
AU,,Region,2020,564.556,484.039,857.38
AU,,Region,2021,557.129,502.948,902.75
AU,,Region,2022,549.476,505.622,920.19
AU,,Region,2023,544.53,505.269,927.9
AU,,Region,2024,544.351,523.802,962.251
AU,,Region,2025,530.72,528.321,995.48
Afghanistan,AFG,Country or economy,2000,247.917,0.119,0.48
Afghanistan,AFG,Country or economy,2001,213.043,0.147,0.69
Afghanistan,AFG,Country or economy,2002,171.831,0.122,0.71
Afghanistan,AFG,Country or economy,2003,245.055,0.223,0.91
Afghanistan,AFG,Country or economy,2004,227.848,0.18,0.79
Afghanistan,AFG,Country or economy,2005,220.732,0.181,0.82
Afghanistan,AFG,Country or economy,2006,250.0,0.225,0.9
Afghanistan,AFG,Country or economy,2007,225.743,0.228,1.01
Afghanistan,AFG,Country or economy,2008,261.538,0.204,0.78
Afghanistan,AFG,Country or economy,2009,119.101,0.106,0.89
Afghanistan,AFG,Country or economy,2010,135.227,0.119,0.88
Afghanistan,AFG,Country or economy,2011,197.403,0.152,0.77
Afghanistan,AFG,Country or economy,2012,145.455,0.128,0.88
Afghanistan,AFG,Country or economy,2013,177.477,0.197,1.11
Afghanistan,AFG,Country or economy,2014,136.207,0.158,1.16
Afghanistan,AFG,Country or economy,2015,127.119,0.15,1.18
Afghanistan,AFG,Country or economy,2016,122.314,0.148,1.21
Afghanistan,AFG,Country or economy,2017,132.54,0.167,1.26
Afghanistan,AFG,Country or economy,2018,158.974,0.186,1.17
Afghanistan,AFG,Country or economy,2019,117.123,0.171,1.46
Afghanistan,AFG,Country or economy,2020,94.068,0.111,1.18
Afghanistan,AFG,Country or economy,2021,110.377,0.117,1.06
Afghanistan,AFG,Country or economy,2022,119.792,0.115,0.96
Afghanistan,AFG,Country or economy,2023,118.557,0.115,0.97
Afghanistan,AFG,Country or economy,2024,117.172,0.116,0.99
Africa,,Region,2000,621.069,273.935,441.07
Africa,,Region,2001,619.752,284.745,459.45
Africa,,Region,2002,617.154,300.986,487.7
Africa,,Region,2003,625.658,318.554,509.15
Africa,,Region,2004,623.983,337.038,540.14
Africa,,Region,2005,625.173,350.566,560.75
Africa,,Region,2006,627.507,368.221,586.8
Africa,,Region,2007,627.191,382.731,610.23
Africa,,Region,2008,622.001,386.692,621.69
Africa,,Region,2009,614.847,384.021,624.58
Africa,,Region,2010,611.518,411.246,672.5
Africa,,Region,2011,610.905,420.773,688.77
Africa,,Region,2012,609.645,442.322,725.54
Africa,,Region,2013,604.505,447.938,741.0
Africa,,Region,2014,598.468,459.713,768.15
Africa,,Region,2015,597.638,472.206,790.12
Africa,,Region,2016,594.878,479.406,805.89
Africa,,Region,2017,588.707,486.101,825.71
Africa,,Region,2018,584.149,499.938,855.84
Africa,,Region,2019,575.1,503.816,876.05
Africa,,Region,2020,564.904,486.484,861.18
Africa,,Region,2021,557.182,504.723,905.85
Africa,,Region,2022,549.263,507.113,923.26
Africa,,Region,2023,544.049,506.499,930.98
Africa,,Region,2024,544.226,525.494,965.58
Africa,,Region,2025,530.675,530.076,998.872
Albania,ALB,Country or economy,2000,47.992,0.227,4.73
Albania,ALB,Country or economy,2001,52.846,0.195,3.69
Albania,ALB,Country or economy,2002,63.073,0.234,3.71
Albania,ALB,Country or economy,2003,37.094,0.194,5.23
Albania,ALB,Country or economy,2004,39.82,0.221,5.55
Albania,ALB,Country or economy,2005,31.911,0.172,5.39
Albania,ALB,Country or economy,2006,35.119,0.177,5.04
Albania,ALB,Country or economy,2007,39.576,0.112,2.83
Albania,ALB,Country or economy,2008,23.67,0.089,3.76
Albania,ALB,Country or economy,2009,23.846,0.124,5.2
Albania,ALB,Country or economy,2010,23.778,0.18,7.57
Albania,ALB,Country or economy,2011,32.936,0.138,4.19
Albania,ALB,Country or economy,2012,23.729,0.112,4.72
Albania,ALB,Country or economy,2013,23.707,0.165,6.96
Albania,ALB,Country or economy,2014,23.729,0.112,4.72
Albania,ALB,Country or economy,2015,23.769,0.14,5.89
Albania,ALB,Country or economy,2016,23.779,0.185,7.78
Albania,ALB,Country or economy,2017,23.841,0.108,4.53
Albania,ALB,Country or economy,2018,23.743,0.203,8.55
Albania,ALB,Country or economy,2019,23.846,0.124,5.2
Albania,ALB,Country or economy,2020,23.917,0.127,5.31
Albania,ALB,Country or economy,2021,23.826,0.213,8.94
Albania,ALB,Country or economy,2022,24.247,0.169,6.97
Albania,ALB,Country or economy,2023,24.528,0.221,9.01
Albania,ALB,Country or economy,2024,24.7,0.206,8.34
Algeria,DZA,Country or economy,2000,638.465,16.217,25.4
Algeria,DZA,Country or economy,2001,638.054,16.985,26.62
Algeria,DZA,Country or economy,2002,638.192,17.646,27.65
Algeria,DZA,Country or economy,2003,634.156,18.752,29.57
Algeria,DZA,Country or economy,2004,634.624,19.832,31.25
Algeria,DZA,Country or economy,2005,629.549,21.348,33.91
Algeria,DZA,Country or economy,2006,635.68,22.395,35.23
Algeria,DZA,Country or economy,2007,635.87,23.648,37.19
Algeria,DZA,Country or economy,2008,635.198,25.554,40.23
Algeria,DZA,Country or economy,2009,634.623,24.433,38.5
Algeria,DZA,Country or economy,2010,637.218,29.14,45.73
Algeria,DZA,Country or economy,2011,633.503,32.448,51.22
Algeria,DZA,Country or economy,2012,632.822,36.324,57.4
Algeria,DZA,Country or economy,2013,636.016,38.091,59.89
Algeria,DZA,Country or economy,2014,636.922,40.935,64.27
Algeria,DZA,Country or economy,2015,637.435,43.881,68.84
Algeria,DZA,Country or economy,2016,636.472,45.215,71.04
Algeria,DZA,Country or economy,2017,634.205,48.244,76.07
Algeria,DZA,Country or economy,2018,632.86,48.572,76.75
Algeria,DZA,Country or economy,2019,632.851,51.647,81.61
Algeria,DZA,Country or economy,2020,632.632,50.212,79.37
Algeria,DZA,Country or economy,2021,633.598,54.236,85.6
Algeria,DZA,Country or economy,2022,633.629,57.958,91.47
Algeria,DZA,Country or economy,2023,633.552,60.745,95.88
Algeria,DZA,Country or economy,2024,632.846,60.981,96.36
American Samoa,ASM,Country or economy,2000,658.824,0.112,0.17
American Samoa,ASM,Country or economy,2001,658.824,0.112,0.17
American Samoa,ASM,Country or economy,2002,655.556,0.118,0.18
American Samoa,ASM,Country or economy,2003,657.895,0.125,0.19
American Samoa,ASM,Country or economy,2004,657.895,0.125,0.19
American Samoa,ASM,Country or economy,2005,657.895,0.125,0.19
American Samoa,ASM,Country or economy,2006,657.895,0.125,0.19
American Samoa,ASM,Country or economy,2007,657.895,0.125,0.19
American Samoa,ASM,Country or economy,2008,657.895,0.125,0.19
American Samoa,ASM,Country or economy,2009,655.556,0.118,0.18
American Samoa,ASM,Country or economy,2010,656.25,0.105,0.16
American Samoa,ASM,Country or economy,2011,656.25,0.105,0.16
American Samoa,ASM,Country or economy,2012,656.25,0.105,0.16
American Samoa,ASM,Country or economy,2013,660.0,0.099,0.15
American Samoa,ASM,Country or economy,2014,660.0,0.099,0.15
American Samoa,ASM,Country or economy,2015,656.25,0.105,0.16
American Samoa,ASM,Country or economy,2016,658.824,0.112,0.17
American Samoa,ASM,Country or economy,2017,656.25,0.105,0.16
American Samoa,ASM,Country or economy,2018,656.25,0.105,0.16
American Samoa,ASM,Country or economy,2019,656.25,0.105,0.16
American Samoa,ASM,Country or economy,2020,658.824,0.112,0.17
American Samoa,ASM,Country or economy,2021,658.824,0.112,0.17
American Samoa,ASM,Country or economy,2022,622.222,0.112,0.18
American Samoa,ASM,Country or economy,2023,658.824,0.112,0.17
American Samoa,ASM,Country or economy,2024,622.222,0.112,0.18
Angola,AGO,Country or economy,2000,256.944,0.37,1.44
Angola,AGO,Country or economy,2001,263.415,0.432,1.64
Angola,AGO,Country or economy,2002,247.159,0.435,1.76
Angola,AGO,Country or economy,2003,262.814,0.523,1.99
Angola,AGO,Country or economy,2004,162.5,0.364,2.24
Angola,AGO,Country or economy,2005,122.814,0.323,2.63
Angola,AGO,Country or economy,2006,117.45,0.35,2.98
Angola,AGO,Country or economy,2007,170.679,0.553,3.24
Angola,AGO,Country or economy,2008,164.691,0.667,4.05
Angola,AGO,Country or economy,2009,235.642,1.157,4.91
Angola,AGO,Country or economy,2010,227.106,1.24,5.46
Angola,AGO,Country or economy,2011,207.597,1.175,5.66
Angola,AGO,Country or economy,2012,207.772,1.604,7.72
Angola,AGO,Country or economy,2013,289.939,2.363,8.15
Angola,AGO,Country or economy,2014,323.849,3.096,9.56
Angola,AGO,Country or economy,2015,312.577,3.057,9.78
Angola,AGO,Country or economy,2016,287.523,3.157,10.98
Angola,AGO,Country or economy,2017,205.735,2.224,10.81
Angola,AGO,Country or economy,2018,154.414,2.029,13.14
Angola,AGO,Country or economy,2019,186.536,2.951,15.82
Angola,AGO,Country or economy,2020,171.624,2.885,16.81
Angola,AGO,Country or economy,2021,172.76,2.911,16.85
Angola,AGO,Country or economy,2022,172.559,2.987,17.31
Angola,AGO,Country or economy,2023,182.984,2.882,15.75
Angola,AGO,Country or economy,2024,185.055,2.885,15.59
Antigua and Barbuda,ATG,Country or economy,2000,660.0,0.099,0.15
Antigua and Barbuda,ATG,Country or economy,2001,658.824,0.112,0.17
Antigua and Barbuda,ATG,Country or economy,2002,657.895,0.125,0.19
Antigua and Barbuda,ATG,Country or economy,2003,657.143,0.138,0.21
Antigua and Barbuda,ATG,Country or economy,2004,659.091,0.145,0.22
Antigua and Barbuda,ATG,Country or economy,2005,658.333,0.158,0.24
Antigua and Barbuda,ATG,Country or economy,2006,657.692,0.171,0.26
Antigua and Barbuda,ATG,Country or economy,2007,658.621,0.191,0.29
Antigua and Barbuda,ATG,Country or economy,2008,656.667,0.197,0.3
Antigua and Barbuda,ATG,Country or economy,2009,657.576,0.217,0.33
Antigua and Barbuda,ATG,Country or economy,2010,657.576,0.217,0.33
Antigua and Barbuda,ATG,Country or economy,2011,657.576,0.217,0.33
Antigua and Barbuda,ATG,Country or economy,2012,657.576,0.217,0.33
Antigua and Barbuda,ATG,Country or economy,2013,657.576,0.217,0.33
Antigua and Barbuda,ATG,Country or economy,2014,658.824,0.224,0.34
Antigua and Barbuda,ATG,Country or economy,2015,640.0,0.224,0.35
Antigua and Barbuda,ATG,Country or economy,2016,658.824,0.224,0.34
Antigua and Barbuda,ATG,Country or economy,2017,640.0,0.224,0.35
Antigua and Barbuda,ATG,Country or economy,2018,641.667,0.231,0.36
Antigua and Barbuda,ATG,Country or economy,2019,641.667,0.231,0.36
Antigua and Barbuda,ATG,Country or economy,2020,622.857,0.218,0.35
Antigua and Barbuda,ATG,Country or economy,2021,622.857,0.218,0.35
Antigua and Barbuda,ATG,Country or economy,2022,625.0,0.225,0.36
Antigua and Barbuda,ATG,Country or economy,2023,625.0,0.225,0.36
Antigua and Barbuda,ATG,Country or economy,2024,608.108,0.225,0.37
Argentina,ARG,Country or economy,1985,259.678,11.766,45.31
Argentina,ARG,Country or economy,1986,285.717,14.003,49.01
Argentina,ARG,Country or economy,1987,289.277,15.08,52.13
Argentina,ARG,Country or economy,1988,366.406,19.24,52.51
Argentina,ARG,Country or economy,1989,383.196,19.497,50.88
Argentina,ARG,Country or economy,1990,306.784,15.646,51.0
Argentina,ARG,Country or economy,1991,340.253,18.326,53.86
Argentina,ARG,Country or economy,1992,323.525,18.153,56.11
Argentina,ARG,Country or economy,1993,299.919,18.556,61.87
Argentina,ARG,Country or economy,1994,284.258,18.653,65.62
Argentina,ARG,Country or economy,1995,304.407,20.447,67.17
Argentina,ARG,Country or economy,1996,341.055,23.792,69.76
Argentina,ARG,Country or economy,1997,301.339,21.835,72.46
Argentina,ARG,Country or economy,1998,322.934,23.952,74.17
Argentina,ARG,Country or economy,1999,379.046,30.608,80.75
Argentina,ARG,Country or economy,2000,355.484,31.631,88.98
Argentina,ARG,Country or economy,2001,302.019,27.224,90.14
Argentina,ARG,Country or economy,2002,294.858,24.942,84.59
Argentina,ARG,Country or economy,2003,316.401,29.131,92.07
Argentina,ARG,Country or economy,2004,357.64,35.857,100.26
Argentina,ARG,Country or economy,2005,357.201,37.774,105.75
Argentina,ARG,Country or economy,2006,349.934,39.693,113.43
Argentina,ARG,Country or economy,2007,388.143,44.062,113.52
Argentina,ARG,Country or economy,2008,400.632,48.841,121.91
Argentina,ARG,Country or economy,2009,382.35,46.769,122.32
Argentina,ARG,Country or economy,2010,401.603,50.602,126.0
Argentina,ARG,Country or economy,2011,419.863,54.368,129.49
Argentina,ARG,Country or economy,2012,432.253,58.795,136.02
Argentina,ARG,Country or economy,2013,422.316,58.892,139.45
Argentina,ARG,Country or economy,2014,424.217,58.771,138.54
Argentina,ARG,Country or economy,2015,426.626,62.04,145.42
Argentina,ARG,Country or economy,2016,431.934,63.572,147.18
Argentina,ARG,Country or economy,2017,425.458,61.951,145.61
Argentina,ARG,Country or economy,2018,414.232,60.801,146.78
Argentina,ARG,Country or economy,2019,397.613,55.479,139.53
Argentina,ARG,Country or economy,2020,394.711,57.091,144.64
Argentina,ARG,Country or economy,2021,406.98,62.329,153.15
Argentina,ARG,Country or economy,2022,392.7,57.181,145.61
Argentina,ARG,Country or economy,2023,350.848,52.122,148.56
Argentina,ARG,Country or economy,2024,344.889,52.599,152.51
Argentina,ARG,Country or economy,2025,342.275,52.416,153.14
Armenia,ARM,Country or economy,2000,280.104,1.619,5.78
Armenia,ARM,Country or economy,2001,291.115,1.671,5.74
Armenia,ARM,Country or economy,2002,184.181,0.978,5.31
Armenia,ARM,Country or economy,2003,179.057,0.949,5.3
Armenia,ARM,Country or economy,2004,173.402,1.004,5.79
Armenia,ARM,Country or economy,2005,185.855,1.13,6.08
Armenia,ARM,Country or economy,2006,161.996,0.925,5.71
Armenia,ARM,Country or economy,2007,164.198,0.931,5.67
Armenia,ARM,Country or economy,2008,193.39,1.141,5.9
Armenia,ARM,Country or economy,2009,135.11,0.735,5.44
Armenia,ARM,Country or economy,2010,146.411,0.918,6.27
Armenia,ARM,Country or economy,2011,204.438,1.474,7.21
Armenia,ARM,Country or economy,2012,263.683,2.062,7.82
Armenia,ARM,Country or economy,2013,256.876,1.924,7.49
Armenia,ARM,Country or economy,2014,264.276,1.99,7.53
Armenia,ARM,Country or economy,2015,226.358,1.709,7.55
Armenia,ARM,Country or economy,2016,222.817,1.582,7.1
Armenia,ARM,Country or economy,2017,232.537,1.751,7.53
Armenia,ARM,Country or economy,2018,270.092,2.05,7.59
Armenia,ARM,Country or economy,2019,248.331,1.86,7.49
Armenia,ARM,Country or economy,2020,251.832,1.924,7.64
Armenia,ARM,Country or economy,2021,266.839,2.06,7.72
Armenia,ARM,Country or economy,2022,241.296,2.384,9.88
Armenia,ARM,Country or economy,2023,262.775,2.273,8.65
Armenia,ARM,Country or economy,2024,240.31,2.17,9.03
Armenia,ARM,Country or economy,2025,244.003,2.075,8.504
Aruba,ABW,Country or economy,2000,657.692,0.513,0.78
Aruba,ABW,Country or economy,2001,658.025,0.533,0.81
Aruba,ABW,Country or economy,2002,658.537,0.54,0.82
Aruba,ABW,Country or economy,2003,658.333,0.553,0.84
Aruba,ABW,Country or economy,2004,657.471,0.572,0.87
Aruba,ABW,Country or economy,2005,658.242,0.599,0.91
Aruba,ABW,Country or economy,2006,658.242,0.599,0.91
Aruba,ABW,Country or economy,2007,658.511,0.619,0.94
Aruba,ABW,Country or economy,2008,658.242,0.599,0.91
Aruba,ABW,Country or economy,2009,637.895,0.606,0.95
Aruba,ABW,Country or economy,2010,581.915,0.547,0.94
Aruba,ABW,Country or economy,2011,580.645,0.54,0.93
Aruba,ABW,Country or economy,2012,558.696,0.514,0.92
Aruba,ABW,Country or economy,2013,554.255,0.521,0.94
Aruba,ABW,Country or economy,2014,547.872,0.515,0.94
Aruba,ABW,Country or economy,2015,538.144,0.522,0.97
Aruba,ABW,Country or economy,2016,561.702,0.528,0.94
Aruba,ABW,Country or economy,2017,564.948,0.548,0.97
Aruba,ABW,Country or economy,2018,551.546,0.535,0.97
Aruba,ABW,Country or economy,2019,547.475,0.542,0.99
Aruba,ABW,Country or economy,2020,547.475,0.542,0.99
Aruba,ABW,Country or economy,2021,549.0,0.549,1.0
Aruba,ABW,Country or economy,2022,549.0,0.549,1.0
Aruba,ABW,Country or economy,2023,549.0,0.549,1.0
Aruba,ABW,Country or economy,2024,549.0,0.549,1.0
Asia,,Region,2000,626.09,2658.251,4245.794
Asia,,Region,2001,626.253,2776.032,4432.762
Asia,,Region,2002,636.356,3005.068,4722.309
Asia,,Region,2003,658.511,3339.042,5070.597
Asia,,Region,2004,651.48,3608.923,5539.572
Asia,,Region,2005,659.015,3918.859,5946.536
Asia,,Region,2006,664.639,4272.495,6428.295
Asia,,Region,2007,675.509,4715.192,6980.205
Asia,,Region,2008,663.857,4826.696,7270.691
Asia,,Region,2009,669.664,5019.301,7495.249
Asia,,Region,2010,663.451,5450.297,8215.069
Asia,,Region,2011,681.218,6025.242,8844.802
Asia,,Region,2012,678.541,6291.372,9271.908
Asia,,Region,2013,679.069,6669.231,9821.136
Asia,,Region,2014,667.447,6891.298,10324.863
Asia,,Region,2015,653.594,6808.151,10416.483
Asia,,Region,2016,643.97,7054.711,10955.026
Asia,,Region,2017,639.161,7413.02,11598.051
Asia,,Region,2018,634.629,7860.159,12385.448
Asia,,Region,2019,622.093,7953.933,12785.772
Asia,,Region,2020,610.326,7922.815,12981.279
Asia,,Region,2021,605.023,8480.065,14016.106
Asia,,Region,2022,594.487,8660.078,14567.307
Asia,,Region,2023,593.077,9079.86,15309.738
Asia,,Region,2024,574.022,9288.327,16181.147
Asia,,Region,2025,548.4,9196.133,16769.017
Australia,AUS,Country or economy,1985,759.4,93.915,123.67
Australia,AUS,Country or economy,1986,761.461,98.632,129.53
Australia,AUS,Country or economy,1987,771.968,104.841,135.81
Australia,AUS,Country or economy,1988,771.493,110.609,143.37
Australia,AUS,Country or economy,1989,777.329,117.711,151.43
Australia,AUS,Country or economy,1990,785.52,122.274,155.66
Australia,AUS,Country or economy,1991,785.18,124.027,157.96
Australia,AUS,Country or economy,1992,785.823,126.824,161.39
Australia,AUS,Country or economy,1993,785.742,129.946,165.38
Australia,AUS,Country or economy,1994,788.398,134.146,170.15
Australia,AUS,Country or economy,1995,792.895,138.939,175.23
Australia,AUS,Country or economy,1996,795.337,143.272,180.14
Australia,AUS,Country or economy,1997,800.053,151.194,188.98
Australia,AUS,Country or economy,1998,803.519,160.294,199.49
Australia,AUS,Country or economy,1999,803.113,166.156,206.89
Australia,AUS,Country or economy,2000,806.046,174.775,216.83
Australia,AUS,Country or economy,2001,803.166,180.118,224.26
Australia,AUS,Country or economy,2002,794.684,177.604,223.49
Australia,AUS,Country or economy,2003,792.127,178.981,225.95
Australia,AUS,Country or economy,2004,792.867,181.749,229.23
Australia,AUS,Country or economy,2005,791.77,182.693,230.74
Australia,AUS,Country or economy,2006,790.495,188.13,237.99
Australia,AUS,Country or economy,2007,791.073,192.381,243.19
Australia,AUS,Country or economy,2008,791.507,194.22,245.38
Australia,AUS,Country or economy,2009,785.17,196.214,249.9
Australia,AUS,Country or economy,2010,775.643,194.663,250.97
Australia,AUS,Country or economy,2011,749.419,192.061,256.28
Australia,AUS,Country or economy,2012,747.112,187.271,250.66
Australia,AUS,Country or economy,2013,726.306,181.257,249.56
Australia,AUS,Country or economy,2014,734.311,181.852,247.65
Australia,AUS,Country or economy,2015,729.899,185.387,253.99
Australia,AUS,Country or economy,2016,713.701,184.299,258.23
Australia,AUS,Country or economy,2017,718.23,186.0,258.97
Australia,AUS,Country or economy,2018,688.539,180.831,262.63
Australia,AUS,Country or economy,2019,670.256,178.221,265.9
Australia,AUS,Country or economy,2020,642.455,170.347,265.15
Australia,AUS,Country or economy,2021,606.05,162.088,267.45
Australia,AUS,Country or economy,2022,577.957,157.736,272.92
Australia,AUS,Country or economy,2023,556.86,152.084,273.11
Australia,AUS,Country or economy,2024,553.963,156.018,281.64
Australia,AUS,Country or economy,2025,524.623,150.441,286.76
Austria,AUT,Country or economy,1990,249.929,12.314,49.27
Austria,AUT,Country or economy,1991,262.699,13.177,50.16
Austria,AUT,Country or economy,1992,201.664,10.061,49.89
Austria,AUT,Country or economy,1993,183.551,9.418,51.31
Austria,AUT,Country or economy,1994,196.015,10.183,51.95
Austria,AUT,Country or economy,1995,207.302,11.412,55.05
Austria,AUT,Country or economy,1996,233.265,12.468,53.45
Austria,AUT,Country or economy,1997,233.243,12.966,55.59
Austria,AUT,Country or economy,1998,210.534,11.752,55.82
Austria,AUT,Country or economy,1999,204.404,12.207,59.72
Austria,AUT,Country or economy,2000,203.454,12.134,59.64
Austria,AUT,Country or economy,2001,229.206,13.977,60.98
Austria,AUT,Country or economy,2002,226.208,13.715,60.63
Austria,AUT,Country or economy,2003,282.422,16.372,57.97
Austria,AUT,Country or economy,2004,259.45,16.047,61.85
Austria,AUT,Country or economy,2005,253.954,16.347,64.37
Austria,AUT,Country or economy,2006,253.11,15.746,62.21
Austria,AUT,Country or economy,2007,232.564,14.612,62.83
Austria,AUT,Country or economy,2008,220.534,14.198,64.38
Austria,AUT,Country or economy,2009,195.907,12.971,66.21
Austria,AUT,Country or economy,2010,226.792,15.381,67.82
Austria,AUT,Country or economy,2011,238.65,14.844,62.2
Austria,AUT,Country or economy,2012,185.929,12.764,68.65
Austria,AUT,Country or economy,2013,173.308,11.187,64.55
Austria,AUT,Country or economy,2014,150.609,9.27,61.55
Austria,AUT,Country or economy,2015,171.9,10.62,61.78
Austria,AUT,Country or economy,2016,154.725,10.037,64.87
Austria,AUT,Country or economy,2017,163.02,10.937,67.09
Austria,AUT,Country or economy,2018,157.878,10.21,64.67
Austria,AUT,Country or economy,2019,152.794,10.801,70.69
Austria,AUT,Country or economy,2020,133.275,9.2,69.03
Austria,AUT,Country or economy,2021,135.383,9.026,66.67
Austria,AUT,Country or economy,2022,140.918,9.085,64.47
Austria,AUT,Country or economy,2023,111.553,7.918,70.98
Austria,AUT,Country or economy,2024,103.457,8.119,78.477
Austria,AUT,Country or economy,2025,116.698,8.534,73.129
Azerbaijan,AZE,Country or economy,2000,617.719,11.539,18.68
Azerbaijan,AZE,Country or economy,2001,648.734,12.3,18.96
Azerbaijan,AZE,Country or economy,2002,623.34,11.644,18.68
Azerbaijan,AZE,Country or economy,2003,615.287,13.081,21.26
Azerbaijan,AZE,Country or economy,2004,612.017,13.293,21.72
Azerbaijan,AZE,Country or economy,2005,610.201,13.937,22.84
Azerbaijan,AZE,Country or economy,2006,630.6,15.456,24.51
Azerbaijan,AZE,Country or economy,2007,630.477,13.757,21.82
Azerbaijan,AZE,Country or economy,2008,639.824,13.833,21.62
Azerbaijan,AZE,Country or economy,2009,629.549,11.867,18.85
Azerbaijan,AZE,Country or economy,2010,588.645,10.99,18.67
Azerbaijan,AZE,Country or economy,2011,623.68,12.642,20.27
Azerbaijan,AZE,Country or economy,2012,659.556,15.15,22.97
Azerbaijan,AZE,Country or economy,2013,669.29,15.561,23.25
Azerbaijan,AZE,Country or economy,2014,677.101,16.677,24.63
Azerbaijan,AZE,Country or economy,2015,663.899,16.312,24.57
Azerbaijan,AZE,Country or economy,2016,651.67,16.194,24.85
Azerbaijan,AZE,Country or economy,2017,659.001,15.961,24.22
Azerbaijan,AZE,Country or economy,2018,661.878,16.633,25.13
Azerbaijan,AZE,Country or economy,2019,667.977,17.334,25.95
Azerbaijan,AZE,Country or economy,2020,680.233,17.516,25.75
Azerbaijan,AZE,Country or economy,2021,676.61,18.803,27.79
Azerbaijan,AZE,Country or economy,2022,671.596,19.436,28.94
Azerbaijan,AZE,Country or economy,2023,670.402,19.502,29.09
Azerbaijan,AZE,Country or economy,2024,634.411,17.662,27.84
Azerbaijan,AZE,Country or economy,2025,642.045,17.741,27.632
Bahamas,BHS,Country or economy,2000,658.235,1.119,1.7
Bahamas,BHS,Country or economy,2001,658.192,1.165,1.77
Bahamas,BHS,Country or economy,2002,658.201,1.244,1.89
Bahamas,BHS,Country or economy,2003,658.0,1.316,2.0
Bahamas,BHS,Country or economy,2004,658.081,1.303,1.98
Bahamas,BHS,Country or economy,2005,657.895,1.375,2.09
Bahamas,BHS,Country or economy,2006,658.019,1.395,2.12
Bahamas,BHS,Country or economy,2007,657.778,1.48,2.25
Bahamas,BHS,Country or economy,2008,657.778,1.48,2.25
Bahamas,BHS,Country or economy,2009,657.944,1.408,2.14
Bahamas,BHS,Country or economy,2010,658.209,1.323,2.01
Bahamas,BHS,Country or economy,2011,658.049,1.349,2.05
Bahamas,BHS,Country or economy,2012,657.895,1.25,1.9
Bahamas,BHS,Country or economy,2013,657.979,1.237,1.88
Bahamas,BHS,Country or economy,2014,657.812,1.263,1.92
Bahamas,BHS,Country or economy,2015,658.0,1.316,2.0
Bahamas,BHS,Country or economy,2016,657.868,1.296,1.97
Bahamas,BHS,Country or economy,2017,657.789,1.309,1.99
Bahamas,BHS,Country or economy,2018,658.0,1.316,2.0
Bahamas,BHS,Country or economy,2019,658.209,1.323,2.01
Bahamas,BHS,Country or economy,2020,655.172,1.33,2.03
Bahamas,BHS,Country or economy,2021,654.902,1.336,2.04
Bahamas,BHS,Country or economy,2022,652.195,1.337,2.05
Bahamas,BHS,Country or economy,2023,652.489,1.442,2.21
Bahamas,BHS,Country or economy,2024,652.444,1.468,2.25
Bahrain,BHR,Country or economy,2000,904.762,12.54,13.86
Bahrain,BHR,Country or economy,2001,904.72,13.227,14.62
Bahrain,BHR,Country or economy,2002,904.718,13.806,15.26
Bahrain,BHR,Country or economy,2003,904.713,14.204,15.7
Bahrain,BHR,Country or economy,2004,904.768,14.612,16.15
Bahrain,BHR,Country or economy,2005,904.75,17.525,19.37
Bahrain,BHR,Country or economy,2006,898.764,18.91,21.04
Bahrain,BHR,Country or economy,2007,901.888,19.589,21.72
Bahrain,BHR,Country or economy,2008,904.733,20.646,22.82
Bahrain,BHR,Country or economy,2009,904.743,20.411,22.56
Bahrain,BHR,Country or economy,2010,904.744,21.551,23.82
Bahrain,BHR,Country or economy,2011,904.725,22.021,24.34
Bahrain,BHR,Country or economy,2012,904.723,22.41,24.77
Bahrain,BHR,Country or economy,2013,904.747,23.442,25.91
Bahrain,BHR,Country or economy,2014,904.439,24.655,27.26
Bahrain,BHR,Country or economy,2015,904.423,25.767,28.49
Bahrain,BHR,Country or economy,2016,904.453,25.795,28.52
Bahrain,BHR,Country or economy,2017,904.447,26.437,29.23
Bahrain,BHR,Country or economy,2018,904.433,26.726,29.55
Bahrain,BHR,Country or economy,2019,904.228,29.939,33.11
Bahrain,BHR,Country or economy,2020,904.224,30.183,33.38
Bahrain,BHR,Country or economy,2021,903.716,30.645,33.91
Bahrain,BHR,Country or economy,2022,902.831,32.213,35.68
Bahrain,BHR,Country or economy,2023,902.669,33.823,37.47
Bahrain,BHR,Country or economy,2024,902.477,34.249,37.95
Bangladesh,BGD,Country or economy,2000,645.546,10.29,15.94
Bangladesh,BGD,Country or economy,2001,647.181,11.248,17.38
Bangladesh,BGD,Country or economy,2002,647.863,12.277,18.95
Bangladesh,BGD,Country or economy,2003,647.583,12.997,20.07
Bangladesh,BGD,Country or economy,2004,652.925,16.408,25.13
Bangladesh,BGD,Country or economy,2005,654.451,17.644,26.96
Bangladesh,BGD,Country or economy,2006,656.034,19.786,30.16
Bangladesh,BGD,Country or economy,2007,672.959,20.855,30.99
Bangladesh,BGD,Country or economy,2008,672.393,23.016,34.23
Bangladesh,BGD,Country or economy,2009,682.084,25.394,37.23
Bangladesh,BGD,Country or economy,2010,675.355,27.595,40.86
Bangladesh,BGD,Country or economy,2011,672.456,29.736,44.22
Bangladesh,BGD,Country or economy,2012,674.044,32.772,48.62
Bangladesh,BGD,Country or economy,2013,673.753,35.938,53.34
Bangladesh,BGD,Country or economy,2014,676.628,37.925,56.05
Bangladesh,BGD,Country or economy,2015,675.966,40.078,59.29
Bangladesh,BGD,Country or economy,2016,672.601,46.47,69.09
Bangladesh,BGD,Country or economy,2017,672.24,49.376,73.45
Bangladesh,BGD,Country or economy,2018,672.988,53.267,79.15
Bangladesh,BGD,Country or economy,2019,675.244,57.47,85.11
Bangladesh,BGD,Country or economy,2020,678.832,58.013,85.46
Bangladesh,BGD,Country or economy,2021,679.038,64.95,95.65
Bangladesh,BGD,Country or economy,2022,676.45,69.167,102.25
Bangladesh,BGD,Country or economy,2023,682.716,68.77,100.73
Bangladesh,BGD,Country or economy,2024,695.842,70.795,101.74
Bangladesh,BGD,Country or economy,2025,696.348,71.969,103.352
Barbados,BRB,Country or economy,2000,655.696,0.518,0.79
Barbados,BRB,Country or economy,2001,656.627,0.545,0.83
Barbados,BRB,Country or economy,2002,656.977,0.565,0.86
Barbados,BRB,Country or economy,2003,657.471,0.572,0.87
Barbados,BRB,Country or economy,2004,657.303,0.585,0.89
Barbados,BRB,Country or economy,2005,657.576,0.651,0.99
Barbados,BRB,Country or economy,2006,656.863,0.67,1.02
Barbados,BRB,Country or economy,2007,656.19,0.689,1.05
Barbados,BRB,Country or economy,2008,657.143,0.69,1.05
Barbados,BRB,Country or economy,2009,657.009,0.703,1.07
Barbados,BRB,Country or economy,2010,657.282,0.677,1.03
Barbados,BRB,Country or economy,2011,657.692,0.684,1.04
Barbados,BRB,Country or economy,2012,656.637,0.742,1.13
Barbados,BRB,Country or economy,2013,656.436,0.663,1.01
Barbados,BRB,Country or economy,2014,650.485,0.67,1.03
Barbados,BRB,Country or economy,2015,650.962,0.677,1.04
Barbados,BRB,Country or economy,2016,644.762,0.677,1.05
Barbados,BRB,Country or economy,2017,638.462,0.664,1.04
Barbados,BRB,Country or economy,2018,638.462,0.664,1.04
Barbados,BRB,Country or economy,2019,633.019,0.671,1.06
Barbados,BRB,Country or economy,2020,616.038,0.653,1.06
Barbados,BRB,Country or economy,2021,610.377,0.647,1.06
Barbados,BRB,Country or economy,2022,611.009,0.666,1.09
Barbados,BRB,Country or economy,2023,606.364,0.667,1.1
Barbados,BRB,Country or economy,2024,600.901,0.667,1.11
Belarus,BLR,Country or economy,2000,517.739,13.513,26.1
Belarus,BLR,Country or economy,2001,516.633,12.952,25.07
Belarus,BLR,Country or economy,2002,515.646,13.644,26.46
Belarus,BLR,Country or economy,2003,514.082,13.69,26.63
Belarus,BLR,Country or economy,2004,515.288,16.077,31.2
Belarus,BLR,Country or economy,2005,512.435,15.865,30.96
Belarus,BLR,Country or economy,2006,515.247,16.39,31.81
Belarus,BLR,Country or economy,2007,509.111,16.205,31.83
Belarus,BLR,Country or economy,2008,512.154,17.951,35.05
Belarus,BLR,Country or economy,2009,534.08,16.22,30.37
Belarus,BLR,Country or economy,2010,510.974,17.833,34.9
Belarus,BLR,Country or economy,2011,509.071,16.387,32.19
Belarus,BLR,Country or economy,2012,510.127,15.717,30.81
Belarus,BLR,Country or economy,2013,505.935,15.942,31.51
Belarus,BLR,Country or economy,2014,507.34,17.625,34.74
Belarus,BLR,Country or economy,2015,506.806,17.277,34.09
Belarus,BLR,Country or economy,2016,506.285,16.996,33.57
Belarus,BLR,Country or economy,2017,499.826,17.249,34.51
Belarus,BLR,Country or economy,2018,500.872,19.529,38.99
Belarus,BLR,Country or economy,2019,498.764,20.18,40.46
Belarus,BLR,Country or economy,2020,498.677,19.219,38.54
Belarus,BLR,Country or economy,2021,433.188,17.869,41.25
Belarus,BLR,Country or economy,2022,439.026,16.323,37.18
Belarus,BLR,Country or economy,2023,360.254,15.037,41.74
Belarus,BLR,Country or economy,2024,329.463,15.096,45.82
Belarus,BLR,Country or economy,2025,315.173,14.318,45.429
Belgium,BEL,Country or economy,1990,312.918,21.995,70.29
Belgium,BEL,Country or economy,1991,310.676,22.117,71.19
Belgium,BEL,Country or economy,1992,301.666,21.545,71.42
Belgium,BEL,Country or economy,1993,310.83,21.783,70.08
Belgium,BEL,Country or economy,1994,325.694,23.235,71.34
Belgium,BEL,Country or economy,1995,319.859,23.516,73.52
Belgium,BEL,Country or economy,1996,303.886,22.834,75.14
Belgium,BEL,Country or economy,1997,272.766,21.243,77.88
Belgium,BEL,Country or economy,1998,291.838,23.957,82.09
Belgium,BEL,Country or economy,1999,245.58,20.474,83.37
Belgium,BEL,Country or economy,2000,269.706,22.329,82.79
Belgium,BEL,Country or economy,2001,252.893,19.885,78.63
Belgium,BEL,Country or economy,2002,249.741,20.214,80.94
Belgium,BEL,Country or economy,2003,249.085,20.816,83.57
Belgium,BEL,Country or economy,2004,247.594,20.528,82.91
Belgium,BEL,Country or economy,2005,241.076,20.342,84.38
Belgium,BEL,Country or economy,2006,231.605,19.302,83.34
Belgium,BEL,Country or economy,2007,224.202,19.463,86.81
Belgium,BEL,Country or economy,2008,218.372,18.138,83.06
Belgium,BEL,Country or economy,2009,216.901,19.469,89.76
Belgium,BEL,Country or economy,2010,212.661,19.786,93.04
Belgium,BEL,Country or economy,2011,192.854,17.218,89.28
Belgium,BEL,Country or economy,2012,202.748,16.526,81.51
Belgium,BEL,Country or economy,2013,184.088,15.086,81.95
Belgium,BEL,Country or economy,2014,189.902,13.521,71.2
Belgium,BEL,Country or economy,2015,215.417,14.741,68.43
Belgium,BEL,Country or economy,2016,158.771,13.386,84.31
Belgium,BEL,Country or economy,2017,159.527,13.614,85.34
Belgium,BEL,Country or economy,2018,186.774,13.797,73.87
Belgium,BEL,Country or economy,2019,156.576,14.513,92.69
Belgium,BEL,Country or economy,2020,166.508,14.701,88.29
Belgium,BEL,Country or economy,2021,131.821,13.103,99.4
Belgium,BEL,Country or economy,2022,139.213,13.132,94.33
Belgium,BEL,Country or economy,2023,134.677,11.061,82.13
Belgium,BEL,Country or economy,2024,126.931,9.644,75.978
Belgium,BEL,Country or economy,2025,125.854,9.063,72.012
Belize,BLZ,Country or economy,2000,215.385,0.028,0.13
Belize,BLZ,Country or economy,2001,215.385,0.028,0.13
Belize,BLZ,Country or economy,2002,250.0,0.035,0.14
Belize,BLZ,Country or economy,2003,418.75,0.067,0.16
Belize,BLZ,Country or economy,2004,385.714,0.054,0.14
Belize,BLZ,Country or economy,2005,381.25,0.061,0.16
Belize,BLZ,Country or economy,2006,114.286,0.024,0.21
Belize,BLZ,Country or economy,2007,140.909,0.031,0.22
Belize,BLZ,Country or economy,2008,52.381,0.011,0.21
Belize,BLZ,Country or economy,2009,154.167,0.037,0.24
Belize,BLZ,Country or economy,2010,145.238,0.061,0.42
Belize,BLZ,Country or economy,2011,96.97,0.032,0.33
Belize,BLZ,Country or economy,2012,142.105,0.054,0.38
Belize,BLZ,Country or economy,2013,105.405,0.039,0.37
Belize,BLZ,Country or economy,2014,111.111,0.04,0.36
Belize,BLZ,Country or economy,2015,122.222,0.044,0.36
Belize,BLZ,Country or economy,2016,107.895,0.041,0.38
Belize,BLZ,Country or economy,2017,107.5,0.043,0.4
Belize,BLZ,Country or economy,2018,131.707,0.054,0.41
Belize,BLZ,Country or economy,2019,165.385,0.086,0.52
Belize,BLZ,Country or economy,2020,156.818,0.069,0.44
Belize,BLZ,Country or economy,2021,186.111,0.067,0.36
Belize,BLZ,Country or economy,2022,170.213,0.08,0.47
Belize,BLZ,Country or economy,2023,160.0,0.072,0.45
Belize,BLZ,Country or economy,2024,170.213,0.08,0.47
Benin,BEN,Country or economy,2000,662.5,0.053,0.08
Benin,BEN,Country or economy,2001,650.0,0.039,0.06
Benin,BEN,Country or economy,2002,650.0,0.039,0.06
Benin,BEN,Country or economy,2003,662.5,0.053,0.08
Benin,BEN,Country or economy,2004,662.5,0.053,0.08
Benin,BEN,Country or economy,2005,654.545,0.072,0.11
Benin,BEN,Country or economy,2006,660.0,0.099,0.15
Benin,BEN,Country or economy,2007,659.091,0.145,0.22
Benin,BEN,Country or economy,2008,656.522,0.151,0.23
Benin,BEN,Country or economy,2009,661.538,0.086,0.13
Benin,BEN,Country or economy,2010,654.545,0.072,0.11
Benin,BEN,Country or economy,2011,660.0,0.066,0.1
Benin,BEN,Country or economy,2012,660.0,0.033,0.05
Benin,BEN,Country or economy,2013,638.462,0.083,0.13
Benin,BEN,Country or economy,2014,635.294,0.216,0.34
Benin,BEN,Country or economy,2015,631.25,0.202,0.32
Benin,BEN,Country or economy,2016,655.556,0.177,0.27
Benin,BEN,Country or economy,2017,625.0,0.2,0.32
Benin,BEN,Country or economy,2018,631.579,0.12,0.19
Benin,BEN,Country or economy,2019,601.852,0.325,0.54
Benin,BEN,Country or economy,2020,594.949,0.589,0.99
Benin,BEN,Country or economy,2021,587.611,0.664,1.13
Benin,BEN,Country or economy,2022,589.899,0.584,0.99
Benin,BEN,Country or economy,2023,584.0,0.584,1.0
Benin,BEN,Country or economy,2024,579.208,0.585,1.01
Bhutan,BTN,Country or economy,2000,24.022,0.043,1.79
Bhutan,BTN,Country or economy,2001,23.958,0.046,1.92
Bhutan,BTN,Country or economy,2002,23.853,0.052,2.18
Bhutan,BTN,Country or economy,2003,23.6,0.059,2.5
Bhutan,BTN,Country or economy,2004,23.605,0.055,2.33
Bhutan,BTN,Country or economy,2005,23.664,0.062,2.62
Bhutan,BTN,Country or economy,2006,23.714,0.106,4.47
Bhutan,BTN,Country or economy,2007,23.729,0.154,6.49
Bhutan,BTN,Country or economy,2008,23.803,0.164,6.89
Bhutan,BTN,Country or economy,2009,23.81,0.165,6.93
Bhutan,BTN,Country or economy,2010,23.691,0.172,7.26
Bhutan,BTN,Country or economy,2011,23.816,0.166,6.97
Bhutan,BTN,Country or economy,2012,23.739,0.16,6.74
Bhutan,BTN,Country or economy,2013,23.772,0.179,7.53
Bhutan,BTN,Country or economy,2014,23.776,0.17,7.15
Bhutan,BTN,Country or economy,2015,23.803,0.184,7.73
Bhutan,BTN,Country or economy,2016,23.731,0.187,7.88
Bhutan,BTN,Country or economy,2017,23.791,0.182,7.65
Bhutan,BTN,Country or economy,2018,23.803,0.164,6.89
Bhutan,BTN,Country or economy,2019,23.815,0.206,8.65
Bhutan,BTN,Country or economy,2020,23.747,0.27,11.37
Bhutan,BTN,Country or economy,2021,23.752,0.257,10.82
Bhutan,BTN,Country or economy,2022,23.77,0.256,10.77
Bhutan,BTN,Country or economy,2023,23.746,0.265,11.16
Bhutan,BTN,Country or economy,2024,23.727,0.261,11.0
Bolivia,BOL,Country or economy,2000,368.557,1.43,3.88
Bolivia,BOL,Country or economy,2001,346.97,1.374,3.96
Bolivia,BOL,Country or economy,2002,353.365,1.47,4.16
Bolivia,BOL,Country or economy,2003,402.309,1.742,4.33
Bolivia,BOL,Country or economy,2004,390.728,1.77,4.53
Bolivia,BOL,Country or economy,2005,443.354,2.168,4.89
Bolivia,BOL,Country or economy,2006,423.8,2.119,5.0
Bolivia,BOL,Country or economy,2007,426.654,2.321,5.44
Bolivia,BOL,Country or economy,2008,451.858,2.675,5.92
Bolivia,BOL,Country or economy,2009,465.378,2.89,6.21
Bolivia,BOL,Country or economy,2010,494.586,3.289,6.65
Bolivia,BOL,Country or economy,2011,492.666,3.493,7.09
Bolivia,BOL,Country or economy,2012,502.564,3.724,7.41
Bolivia,BOL,Country or economy,2013,494.75,3.864,7.81
Bolivia,BOL,Country or economy,2014,530.723,4.405,8.3
Bolivia,BOL,Country or economy,2015,526.444,4.738,9.0
Bolivia,BOL,Country or economy,2016,587.312,5.462,9.3
Bolivia,BOL,Country or economy,2017,555.266,5.325,9.59
Bolivia,BOL,Country or economy,2018,523.406,5.255,10.04
Bolivia,BOL,Country or economy,2019,478.11,4.958,10.37
Bolivia,BOL,Country or economy,2020,483.934,4.97,10.27
Bolivia,BOL,Country or economy,2021,466.237,5.068,10.87
Bolivia,BOL,Country or economy,2022,485.861,5.67,11.67
Bolivia,BOL,Country or economy,2023,501.036,6.288,12.55
Bolivia,BOL,Country or economy,2024,495.713,6.707,13.53
Bolivia,BOL,Country or economy,2025,481.278,6.555,13.62
Bosnia Herzegovina,BIH,Country or economy,2000,518.121,5.404,10.43
Bosnia Herzegovina,BIH,Country or economy,2001,517.592,5.502,10.63
Bosnia Herzegovina,BIH,Country or economy,2002,515.014,5.557,10.79
Bosnia Herzegovina,BIH,Country or economy,2003,601.508,6.779,11.27
Bosnia Herzegovina,BIH,Country or economy,2004,533.936,6.797,12.73
Bosnia Herzegovina,BIH,Country or economy,2005,527.46,6.646,12.6
Bosnia Herzegovina,BIH,Country or economy,2006,562.754,7.479,13.29
Bosnia Herzegovina,BIH,Country or economy,2007,659.762,7.772,11.78
Bosnia Herzegovina,BIH,Country or economy,2008,670.825,9.841,14.67
Bosnia Herzegovina,BIH,Country or economy,2009,600.904,9.302,15.48
Bosnia Herzegovina,BIH,Country or economy,2010,531.719,9.002,16.93
Bosnia Herzegovina,BIH,Country or economy,2011,709.025,10.685,15.07
Bosnia Herzegovina,BIH,Country or economy,2012,700.29,9.671,13.81
Bosnia Herzegovina,BIH,Country or economy,2013,584.87,10.089,17.25
Bosnia Herzegovina,BIH,Country or economy,2014,653.435,11.128,17.03
Bosnia Herzegovina,BIH,Country or economy,2015,664.029,10.91,16.43
Bosnia Herzegovina,BIH,Country or economy,2016,685.601,12.142,17.71
Bosnia Herzegovina,BIH,Country or economy,2017,765.887,12.438,16.24
Bosnia Herzegovina,BIH,Country or economy,2018,660.881,12.603,19.07
Bosnia Herzegovina,BIH,Country or economy,2019,638.06,11.115,17.42
Bosnia Herzegovina,BIH,Country or economy,2020,711.197,11.941,16.79
Bosnia Herzegovina,BIH,Country or economy,2021,616.295,11.346,18.41
Bosnia Herzegovina,BIH,Country or economy,2022,683.303,11.172,16.35
Bosnia Herzegovina,BIH,Country or economy,2023,576.135,9.898,17.18
Bosnia Herzegovina,BIH,Country or economy,2024,607.384,9.279,15.277
Bosnia Herzegovina,BIH,Country or economy,2025,572.901,8.338,14.554
Botswana,BWA,Country or economy,2000,852.632,0.972,1.14
Botswana,BWA,Country or economy,2001,853.982,0.965,1.13
Botswana,BWA,Country or economy,2002,852.174,0.98,1.15
Botswana,BWA,Country or economy,2003,851.923,0.886,1.04
Botswana,BWA,Country or economy,2004,847.423,0.822,0.97
Botswana,BWA,Country or economy,2005,855.66,0.907,1.06
Botswana,BWA,Country or economy,2006,855.556,0.847,0.99
Botswana,BWA,Country or economy,2007,855.422,0.71,0.83
Botswana,BWA,Country or economy,2008,857.143,0.6,0.7
Botswana,BWA,Country or economy,2009,858.065,0.532,0.62
Botswana,BWA,Country or economy,2010,858.491,0.455,0.53
Botswana,BWA,Country or economy,2011,841.667,0.404,0.48
Botswana,BWA,Country or economy,2012,800.0,0.28,0.35
Botswana,BWA,Country or economy,2013,822.826,0.757,0.92
Botswana,BWA,Country or economy,2014,848.918,1.961,2.31
Botswana,BWA,Country or economy,2015,850.505,2.526,2.97
Botswana,BWA,Country or economy,2016,856.877,2.305,2.69
Botswana,BWA,Country or economy,2017,856.954,2.588,3.02
Botswana,BWA,Country or economy,2018,854.341,2.657,3.11
Botswana,BWA,Country or economy,2019,854.582,2.145,2.51
Botswana,BWA,Country or economy,2020,849.541,1.852,2.18
Botswana,BWA,Country or economy,2021,847.39,2.11,2.49
Botswana,BWA,Country or economy,2022,846.875,2.168,2.56
Botswana,BWA,Country or economy,2023,853.251,2.756,3.23
Botswana,BWA,Country or economy,2024,852.478,2.924,3.43
Brazil,BRA,Country or economy,1985,60.91,11.797,193.68
Brazil,BRA,Country or economy,1986,84.687,17.117,202.12
Brazil,BRA,Country or economy,1987,73.875,15.021,203.33
Brazil,BRA,Country or economy,1988,66.493,14.292,214.94
Brazil,BRA,Country or economy,1989,65.554,14.536,221.74
Brazil,BRA,Country or economy,1990,59.768,13.318,222.83
Brazil,BRA,Country or economy,1991,62.051,14.543,234.37
Brazil,BRA,Country or economy,1992,62.653,15.147,241.76
Brazil,BRA,Country or economy,1993,60.597,15.271,252.01
Brazil,BRA,Country or economy,1994,60.721,15.79,260.04
Brazil,BRA,Country or economy,1995,62.84,17.318,275.59
Brazil,BRA,Country or economy,1996,67.852,19.762,291.25
Brazil,BRA,Country or economy,1997,71.04,21.879,307.98
Brazil,BRA,Country or economy,1998,70.887,22.808,321.75
Brazil,BRA,Country or economy,1999,89.72,30.031,334.72
Brazil,BRA,Country or economy,2000,89.433,31.206,348.93
Brazil,BRA,Country or economy,2001,105.737,34.74,328.55
Brazil,BRA,Country or economy,2002,97.304,33.64,345.72
Brazil,BRA,Country or economy,2003,90.697,33.049,364.39
Brazil,BRA,Country or economy,2004,101.783,39.44,387.49
Brazil,BRA,Country or economy,2005,98.874,39.853,403.07
Brazil,BRA,Country or economy,2006,95.949,40.246,419.45
Brazil,BRA,Country or economy,2007,90.895,40.462,445.15
Brazil,BRA,Country or economy,2008,113.606,52.62,463.18
Brazil,BRA,Country or economy,2009,87.367,40.728,466.17
Brazil,BRA,Country or economy,2010,114.153,58.88,515.8
Brazil,BRA,Country or economy,2011,99.776,53.057,531.76
Brazil,BRA,Country or economy,2012,128.351,70.914,552.5
Brazil,BRA,Country or economy,2013,167.852,95.815,570.83
Brazil,BRA,Country or economy,2014,192.944,113.943,590.55
Brazil,BRA,Country or economy,2015,188.638,109.64,581.22
Brazil,BRA,Country or economy,2016,149.655,86.634,578.89
Brazil,BRA,Country or economy,2017,155.871,91.858,589.32
Brazil,BRA,Country or economy,2018,136.959,82.366,601.39
Brazil,BRA,Country or economy,2019,141.928,89.887,633.33
Brazil,BRA,Country or economy,2020,133.355,83.848,628.76
Brazil,BRA,Country or economy,2021,168.053,110.31,656.4
Brazil,BRA,Country or economy,2022,103.37,69.998,677.16
Brazil,BRA,Country or economy,2023,96.235,68.146,708.12
Brazil,BRA,Country or economy,2024,106.061,79.092,745.72
Brazil,BRA,Country or economy,2025,109.852,82.629,752.186
Brunei Darussalam,BRN,Country or economy,2000,903.15,2.294,2.54
Brunei Darussalam,BRN,Country or economy,2001,903.101,2.33,2.58
Brunei Darussalam,BRN,Country or economy,2002,902.214,2.445,2.71
Brunei Darussalam,BRN,Country or economy,2003,902.5,2.888,3.2
Brunei Darussalam,BRN,Country or economy,2004,902.761,2.943,3.26
Brunei Darussalam,BRN,Country or economy,2005,902.761,2.943,3.26
Brunei Darussalam,BRN,Country or economy,2006,902.727,2.979,3.3
Brunei Darussalam,BRN,Country or economy,2007,902.655,3.06,3.39
Brunei Darussalam,BRN,Country or economy,2008,902.924,3.088,3.42
Brunei Darussalam,BRN,Country or economy,2009,902.21,3.266,3.62
Brunei Darussalam,BRN,Country or economy,2010,902.375,3.42,3.79
Brunei Darussalam,BRN,Country or economy,2011,902.413,3.366,3.73
Brunei Darussalam,BRN,Country or economy,2012,902.545,3.547,3.93
Brunei Darussalam,BRN,Country or economy,2013,902.727,3.972,4.4
Brunei Darussalam,BRN,Country or economy,2014,902.667,4.062,4.5
Brunei Darussalam,BRN,Country or economy,2015,902.619,3.791,4.2
Brunei Darussalam,BRN,Country or economy,2016,902.108,3.852,4.27
Brunei Darussalam,BRN,Country or economy,2017,901.923,3.752,4.16
Brunei Darussalam,BRN,Country or economy,2018,902.093,3.879,4.3
Brunei Darussalam,BRN,Country or economy,2019,898.377,4.429,4.93
Brunei Darussalam,BRN,Country or economy,2020,894.425,5.134,5.74
Brunei Darussalam,BRN,Country or economy,2021,894.211,5.097,5.7
Brunei Darussalam,BRN,Country or economy,2022,893.75,5.005,5.6
Brunei Darussalam,BRN,Country or economy,2023,894.821,5.011,5.6
Brunei Darussalam,BRN,Country or economy,2024,892.986,4.965,5.56
Bulgaria,BGR,Country or economy,1990,558.759,23.412,41.9
Bulgaria,BGR,Country or economy,1991,565.274,23.001,40.69
Bulgaria,BGR,Country or economy,1992,561.258,19.891,35.44
Bulgaria,BGR,Country or economy,1993,519.477,19.657,37.84
Bulgaria,BGR,Country or economy,1994,507.109,19.26,37.98
Bulgaria,BGR,Country or economy,1995,477.791,19.9,41.65
Bulgaria,BGR,Country or economy,1996,459.349,19.605,42.68
Bulgaria,BGR,Country or economy,1997,488.422,20.797,42.58
Bulgaria,BGR,Country or economy,1998,485.949,20.128,41.42
Bulgaria,BGR,Country or economy,1999,476.219,18.063,37.93
Bulgaria,BGR,Country or economy,2000,458.192,18.598,40.59
Bulgaria,BGR,Country or economy,2001,484.392,21.042,43.44
Bulgaria,BGR,Country or economy,2002,444.487,18.704,42.08
Bulgaria,BGR,Country or economy,2003,493.188,20.852,42.28
Bulgaria,BGR,Country or economy,2004,493.883,20.427,41.36
Bulgaria,BGR,Country or economy,2005,453.976,19.925,43.89
Bulgaria,BGR,Country or economy,2006,451.937,20.536,45.44
Bulgaria,BGR,Country or economy,2007,558.314,23.907,42.82
Bulgaria,BGR,Country or economy,2008,551.113,24.519,44.49
Bulgaria,BGR,Country or economy,2009,528.717,22.37,42.31
Bulgaria,BGR,Country or economy,2010,521.272,23.942,45.93
Bulgaria,BGR,Country or economy,2011,577.682,28.861,49.96
Bulgaria,BGR,Country or economy,2012,525.204,24.401,46.46
Bulgaria,BGR,Country or economy,2013,487.192,20.959,43.02
Bulgaria,BGR,Country or economy,2014,486.893,22.845,46.92
Bulgaria,BGR,Country or economy,2015,494.416,24.083,48.71
Bulgaria,BGR,Country or economy,2016,471.704,21.005,44.53
Bulgaria,BGR,Country or economy,2017,502.498,22.532,44.84
Bulgaria,BGR,Country or economy,2018,442.765,20.593,46.51
Bulgaria,BGR,Country or economy,2019,438.541,19.173,43.72
Bulgaria,BGR,Country or economy,2020,383.807,15.406,40.14
Bulgaria,BGR,Country or economy,2021,415.332,19.612,47.22
Bulgaria,BGR,Country or economy,2022,476.372,23.952,50.28
Bulgaria,BGR,Country or economy,2023,338.448,13.565,40.08
Bulgaria,BGR,Country or economy,2024,279.059,10.681,38.275
Bulgaria,BGR,Country or economy,2025,275.347,10.483,38.072
Burkina Faso,BFA,Country or economy,2000,494.872,0.193,0.39
Burkina Faso,BFA,Country or economy,2001,569.444,0.205,0.36
Burkina Faso,BFA,Country or economy,2002,552.778,0.199,0.36
Burkina Faso,BFA,Country or economy,2003,517.778,0.233,0.45
Burkina Faso,BFA,Country or economy,2004,523.404,0.246,0.47
Burkina Faso,BFA,Country or economy,2005,536.538,0.279,0.52
Burkina Faso,BFA,Country or economy,2006,565.455,0.311,0.55
Burkina Faso,BFA,Country or economy,2007,544.262,0.332,0.61
Burkina Faso,BFA,Country or economy,2008,522.951,0.319,0.61
Burkina Faso,BFA,Country or economy,2009,540.0,0.378,0.7
Burkina Faso,BFA,Country or economy,2010,515.517,0.299,0.58
Burkina Faso,BFA,Country or economy,2011,551.852,0.298,0.54
Burkina Faso,BFA,Country or economy,2012,550.0,0.352,0.64
Burkina Faso,BFA,Country or economy,2013,557.333,0.418,0.75
Burkina Faso,BFA,Country or economy,2014,586.364,0.516,0.88
Burkina Faso,BFA,Country or economy,2015,595.05,0.601,1.01
Burkina Faso,BFA,Country or economy,2016,555.556,0.55,0.99
Burkina Faso,BFA,Country or economy,2017,567.857,0.636,1.12
Burkina Faso,BFA,Country or economy,2018,572.727,1.071,1.87
Burkina Faso,BFA,Country or economy,2019,563.75,0.902,1.6
Burkina Faso,BFA,Country or economy,2020,551.572,0.877,1.59
Burkina Faso,BFA,Country or economy,2021,554.386,0.948,1.71
Burkina Faso,BFA,Country or economy,2022,572.189,0.967,1.69
Burkina Faso,BFA,Country or economy,2023,568.047,0.96,1.69
Burkina Faso,BFA,Country or economy,2024,560.947,0.948,1.69
Burundi,BDI,Country or economy,2000,20.0,0.002,0.1
Burundi,BDI,Country or economy,2001,27.273,0.003,0.11
Burundi,BDI,Country or economy,2002,23.077,0.003,0.13
Burundi,BDI,Country or economy,2003,20.0,0.002,0.1
Burundi,BDI,Country or economy,2004,22.222,0.002,0.09
Burundi,BDI,Country or economy,2005,22.222,0.002,0.09
Burundi,BDI,Country or economy,2006,22.222,0.002,0.09
Burundi,BDI,Country or economy,2007,25.0,0.003,0.12
Burundi,BDI,Country or economy,2008,27.273,0.003,0.11
Burundi,BDI,Country or economy,2009,25.0,0.003,0.12
Burundi,BDI,Country or economy,2010,100.0,0.016,0.16
Burundi,BDI,Country or economy,2011,80.0,0.012,0.15
Burundi,BDI,Country or economy,2012,33.333,0.005,0.15
Burundi,BDI,Country or economy,2013,111.765,0.019,0.17
Burundi,BDI,Country or economy,2014,138.889,0.025,0.18
Burundi,BDI,Country or economy,2015,138.889,0.025,0.18
Burundi,BDI,Country or economy,2016,105.556,0.019,0.18
Burundi,BDI,Country or economy,2017,189.286,0.053,0.28
Burundi,BDI,Country or economy,2018,211.429,0.074,0.35
Burundi,BDI,Country or economy,2019,223.077,0.087,0.39
Burundi,BDI,Country or economy,2020,183.784,0.068,0.37
Burundi,BDI,Country or economy,2021,223.077,0.087,0.39
Burundi,BDI,Country or economy,2022,223.077,0.087,0.39
Burundi,BDI,Country or economy,2023,180.0,0.09,0.5
Burundi,BDI,Country or economy,2024,183.673,0.09,0.49
Cabo Verde,CPV,Country or economy,2000,613.333,0.092,0.15
Cabo Verde,CPV,Country or economy,2001,617.647,0.105,0.17
Cabo Verde,CPV,Country or economy,2002,626.316,0.119,0.19
Cabo Verde,CPV,Country or economy,2003,657.895,0.125,0.19
Cabo Verde,CPV,Country or economy,2004,627.273,0.138,0.22
Cabo Verde,CPV,Country or economy,2005,629.167,0.151,0.24
Cabo Verde,CPV,Country or economy,2006,632.0,0.158,0.25
Cabo Verde,CPV,Country or economy,2007,633.333,0.171,0.27
Cabo Verde,CPV,Country or economy,2008,634.483,0.184,0.29
Cabo Verde,CPV,Country or economy,2009,635.484,0.197,0.31
Cabo Verde,CPV,Country or economy,2010,658.824,0.224,0.34
Cabo Verde,CPV,Country or economy,2011,605.405,0.224,0.37
Cabo Verde,CPV,Country or economy,2012,539.474,0.205,0.38
Cabo Verde,CPV,Country or economy,2013,517.073,0.212,0.41
Cabo Verde,CPV,Country or economy,2014,523.256,0.225,0.43
Cabo Verde,CPV,Country or economy,2015,523.256,0.225,0.43
Cabo Verde,CPV,Country or economy,2016,528.889,0.238,0.45
Cabo Verde,CPV,Country or economy,2017,537.209,0.231,0.43
Cabo Verde,CPV,Country or economy,2018,523.256,0.225,0.43
Cabo Verde,CPV,Country or economy,2019,540.909,0.238,0.44
Cabo Verde,CPV,Country or economy,2020,550.0,0.231,0.42
Cabo Verde,CPV,Country or economy,2021,537.209,0.231,0.43
Cabo Verde,CPV,Country or economy,2022,482.0,0.241,0.5
Cabo Verde,CPV,Country or economy,2023,482.0,0.241,0.5
Cabo Verde,CPV,Country or economy,2024,463.462,0.241,0.52
Cambodia,KHM,Country or economy,2000,618.75,0.297,0.48
Cambodia,KHM,Country or economy,2001,621.154,0.323,0.52
Cambodia,KHM,Country or economy,2002,614.035,0.35,0.57
Cambodia,KHM,Country or economy,2003,618.75,0.396,0.64
Cambodia,KHM,Country or economy,2004,632.432,0.468,0.74
Cambodia,KHM,Country or economy,2005,629.545,0.554,0.88
Cambodia,KHM,Country or economy,2006,628.704,0.679,1.08
Cambodia,KHM,Country or economy,2007,634.328,0.85,1.34
Cambodia,KHM,Country or economy,2008,639.189,0.946,1.48
Cambodia,KHM,Country or economy,2009,633.871,0.786,1.24
Cambodia,KHM,Country or economy,2010,640.206,0.621,0.97
Cambodia,KHM,Country or economy,2011,632.353,0.645,1.02
Cambodia,KHM,Country or economy,2012,430.07,0.615,1.43
Cambodia,KHM,Country or economy,2013,311.798,0.555,1.78
Cambodia,KHM,Country or economy,2014,329.412,1.008,3.06
Cambodia,KHM,Country or economy,2015,446.548,2.005,4.49
Cambodia,KHM,Country or economy,2016,447.08,2.45,5.48
Cambodia,KHM,Country or economy,2017,505.43,3.351,6.63
Cambodia,KHM,Country or economy,2018,362.714,2.967,8.18
Cambodia,KHM,Country or economy,2019,440.715,3.821,8.67
Cambodia,KHM,Country or economy,2020,385.771,2.901,7.52
Cambodia,KHM,Country or economy,2021,356.849,3.465,9.71
Cambodia,KHM,Country or economy,2022,300.198,3.032,10.1
Cambodia,KHM,Country or economy,2023,491.618,6.686,13.6
Cambodia,KHM,Country or economy,2024,538.695,8.339,15.48
Cambodia,KHM,Country or economy,2025,498.761,8.858,17.76
Cameroon,CMR,Country or economy,2000,31.014,0.107,3.45
Cameroon,CMR,Country or economy,2001,36.467,0.128,3.51
Cameroon,CMR,Country or economy,2002,47.095,0.154,3.27
Cameroon,CMR,Country or economy,2003,51.507,0.188,3.65
Cameroon,CMR,Country or economy,2004,53.317,0.217,4.07
Cameroon,CMR,Country or economy,2005,60.606,0.24,3.96
Cameroon,CMR,Country or economy,2006,119.565,0.605,5.06
Cameroon,CMR,Country or economy,2007,200.384,1.044,5.21
Cameroon,CMR,Country or economy,2008,192.908,1.088,5.64
Cameroon,CMR,Country or economy,2009,222.822,1.279,5.74
Cameroon,CMR,Country or economy,2010,206.826,1.212,5.86
Cameroon,CMR,Country or economy,2011,193.027,1.135,5.88
Cameroon,CMR,Country or economy,2012,168.877,0.917,5.43
Cameroon,CMR,Country or economy,2013,240.221,1.523,6.34
Cameroon,CMR,Country or economy,2014,281.277,1.938,6.89
Cameroon,CMR,Country or economy,2015,337.06,2.683,7.96
Cameroon,CMR,Country or economy,2016,299.719,2.131,7.11
Cameroon,CMR,Country or economy,2017,287.95,2.318,8.05
Cameroon,CMR,Country or economy,2018,323.068,2.759,8.54
Cameroon,CMR,Country or economy,2019,305.797,2.532,8.28
Cameroon,CMR,Country or economy,2020,320.341,2.819,8.8
Cameroon,CMR,Country or economy,2021,298.098,2.507,8.41
Cameroon,CMR,Country or economy,2022,281.472,2.294,8.15
Cameroon,CMR,Country or economy,2023,225.208,1.626,7.22
Cameroon,CMR,Country or economy,2024,226.171,1.642,7.26
Canada,CAN,Country or economy,1985,191.068,87.704,459.02
Canada,CAN,Country or economy,1986,172.183,80.685,468.6
Canada,CAN,Country or economy,1987,189.692,94.163,496.4
Canada,CAN,Country or economy,1988,206.006,104.241,506.01
Canada,CAN,Country or economy,1989,224.858,112.002,498.1
Canada,CAN,Country or economy,1990,205.901,98.954,480.59
Canada,CAN,Country or economy,1991,202.278,102.553,506.99
Canada,CAN,Country or economy,1992,209.028,108.406,518.62
Canada,CAN,Country or economy,1993,190.793,101.164,530.23
Canada,CAN,Country or economy,1994,188.336,104.159,553.05
Canada,CAN,Country or economy,1995,198.853,110.934,557.87
Canada,CAN,Country or economy,1996,191.661,109.559,571.63
Canada,CAN,Country or economy,1997,213.263,122.059,572.34
Canada,CAN,Country or economy,1998,241.362,135.643,561.99
Canada,CAN,Country or economy,1999,235.147,135.861,577.77
Canada,CAN,Country or economy,2000,245.785,148.41,603.82
Canada,CAN,Country or economy,2001,255.759,150.325,587.76
Canada,CAN,Country or economy,2002,245.211,147.075,599.79
Canada,CAN,Country or economy,2003,251.696,148.065,588.27
Canada,CAN,Country or economy,2004,235.417,140.897,598.5
Canada,CAN,Country or economy,2005,225.099,139.674,620.5
Canada,CAN,Country or economy,2006,216.633,131.806,608.43
Canada,CAN,Country or economy,2007,227.861,144.507,634.19
Canada,CAN,Country or economy,2008,213.561,135.635,635.11
Canada,CAN,Country or economy,2009,204.402,125.476,613.87
Canada,CAN,Country or economy,2010,214.881,130.439,607.03
Canada,CAN,Country or economy,2011,206.243,131.639,638.27
Canada,CAN,Country or economy,2012,193.458,123.144,636.54
Canada,CAN,Country or economy,2013,187.038,122.639,655.69
Canada,CAN,Country or economy,2014,188.972,123.393,652.97
Canada,CAN,Country or economy,2015,184.456,121.94,661.08
Canada,CAN,Country or economy,2016,180.989,120.743,667.13
Canada,CAN,Country or economy,2017,172.148,115.227,669.35
Canada,CAN,Country or economy,2018,170.921,113.013,661.2
Canada,CAN,Country or economy,2019,170.072,111.516,655.7
Canada,CAN,Country or economy,2020,161.766,106.101,655.89
Canada,CAN,Country or economy,2021,165.466,107.95,652.4
Canada,CAN,Country or economy,2022,160.666,106.695,664.08
Canada,CAN,Country or economy,2023,174.431,111.878,641.39
Canada,CAN,Country or economy,2024,185.405,118.064,636.79
Canada,CAN,Country or economy,2025,190.725,124.435,652.43
Cayman Islands,CYM,Country or economy,2000,659.091,0.29,0.44
Cayman Islands,CYM,Country or economy,2001,657.447,0.309,0.47
Cayman Islands,CYM,Country or economy,2002,658.333,0.316,0.48
Cayman Islands,CYM,Country or economy,2003,658.824,0.336,0.51
Cayman Islands,CYM,Country or economy,2004,657.778,0.296,0.45
Cayman Islands,CYM,Country or economy,2005,658.333,0.316,0.48
Cayman Islands,CYM,Country or economy,2006,657.143,0.368,0.56
Cayman Islands,CYM,Country or economy,2007,658.333,0.395,0.6
Cayman Islands,CYM,Country or economy,2008,658.065,0.408,0.62
Cayman Islands,CYM,Country or economy,2009,658.73,0.415,0.63
Cayman Islands,CYM,Country or economy,2010,658.065,0.408,0.62
Cayman Islands,CYM,Country or economy,2011,658.73,0.415,0.63
Cayman Islands,CYM,Country or economy,2012,657.377,0.401,0.61
Cayman Islands,CYM,Country or economy,2013,658.065,0.408,0.62
Cayman Islands,CYM,Country or economy,2014,658.065,0.408,0.62
Cayman Islands,CYM,Country or economy,2015,657.812,0.421,0.64
Cayman Islands,CYM,Country or economy,2016,658.209,0.441,0.67
Cayman Islands,CYM,Country or economy,2017,648.529,0.441,0.68
Cayman Islands,CYM,Country or economy,2018,649.254,0.435,0.67
Cayman Islands,CYM,Country or economy,2019,641.667,0.462,0.72
Cayman Islands,CYM,Country or economy,2020,640.58,0.442,0.69
Cayman Islands,CYM,Country or economy,2021,640.0,0.448,0.7
Cayman Islands,CYM,Country or economy,2022,640.0,0.448,0.7
Cayman Islands,CYM,Country or economy,2023,640.0,0.448,0.7
Cayman Islands,CYM,Country or economy,2024,632.394,0.449,0.71
Central African Republic,CAF,Country or economy,2000,150.0,0.015,0.1
Central African Republic,CAF,Country or economy,2001,200.0,0.022,0.11
Central African Republic,CAF,Country or economy,2002,200.0,0.022,0.11
Central African Republic,CAF,Country or economy,2003,200.0,0.022,0.11
Central African Republic,CAF,Country or economy,2004,153.333,0.023,0.15
Central African Republic,CAF,Country or economy,2005,143.75,0.023,0.16
Central African Republic,CAF,Country or economy,2006,135.294,0.023,0.17
Central African Republic,CAF,Country or economy,2007,100.0,0.016,0.16
Central African Republic,CAF,Country or economy,2008,100.0,0.016,0.16
Central African Republic,CAF,Country or economy,2009,100.0,0.016,0.16
Central African Republic,CAF,Country or economy,2010,143.75,0.023,0.16
Central African Republic,CAF,Country or economy,2011,127.778,0.023,0.18
Central African Republic,CAF,Country or economy,2012,127.778,0.023,0.18
Central African Republic,CAF,Country or economy,2013,21.429,0.003,0.14
Central African Republic,CAF,Country or economy,2014,23.529,0.004,0.17
Central African Republic,CAF,Country or economy,2015,23.529,0.004,0.17
Central African Republic,CAF,Country or economy,2016,23.529,0.004,0.17
Central African Republic,CAF,Country or economy,2017,26.667,0.004,0.15
Central African Republic,CAF,Country or economy,2018,26.667,0.004,0.15
Central African Republic,CAF,Country or economy,2019,26.667,0.004,0.15
Central African Republic,CAF,Country or economy,2020,26.667,0.004,0.15
Central African Republic,CAF,Country or economy,2021,26.667,0.004,0.15
Central African Republic,CAF,Country or economy,2022,21.429,0.003,0.14
Central African Republic,CAF,Country or economy,2023,21.429,0.003,0.14
Chad,TCD,Country or economy,2000,655.556,0.059,0.09
Chad,TCD,Country or economy,2001,660.0,0.066,0.1
Chad,TCD,Country or economy,2002,660.0,0.066,0.1
Chad,TCD,Country or economy,2003,654.545,0.072,0.11
Chad,TCD,Country or economy,2004,658.333,0.079,0.12
Chad,TCD,Country or economy,2005,658.333,0.079,0.12
Chad,TCD,Country or economy,2006,658.333,0.079,0.12
Chad,TCD,Country or economy,2007,658.333,0.079,0.12
Chad,TCD,Country or economy,2008,657.143,0.092,0.14
Chad,TCD,Country or economy,2009,658.824,0.112,0.17
Chad,TCD,Country or economy,2010,657.895,0.125,0.19
Chad,TCD,Country or economy,2011,660.0,0.132,0.2
Chad,TCD,Country or economy,2012,641.667,0.154,0.24
Chad,TCD,Country or economy,2013,642.857,0.18,0.28
Chad,TCD,Country or economy,2014,643.333,0.193,0.3
Chad,TCD,Country or economy,2015,643.333,0.193,0.3
Chad,TCD,Country or economy,2016,622.581,0.193,0.31
Chad,TCD,Country or economy,2017,625.0,0.2,0.32
Chad,TCD,Country or economy,2018,626.471,0.213,0.34
Chad,TCD,Country or economy,2019,625.714,0.219,0.35
Chad,TCD,Country or economy,2020,625.714,0.219,0.35
Chad,TCD,Country or economy,2021,632.558,0.272,0.43
Chad,TCD,Country or economy,2022,630.769,0.246,0.39
Chad,TCD,Country or economy,2023,627.778,0.226,0.36
Chad,TCD,Country or economy,2024,629.73,0.233,0.37
Chile,CHL,Country or economy,2000,387.743,15.944,41.12
Chile,CHL,Country or economy,2001,336.319,14.233,42.32
Chile,CHL,Country or economy,2002,329.857,14.329,43.44
Chile,CHL,Country or economy,2003,355.265,16.566,46.63
Chile,CHL,Country or economy,2004,391.725,19.978,51.0
Chile,CHL,Country or economy,2005,347.568,18.15,52.22
Chile,CHL,Country or economy,2006,355.36,19.559,55.04
Chile,CHL,Country or economy,2007,456.966,26.632,58.28
Chile,CHL,Country or economy,2008,454.44,27.021,59.46
Chile,CHL,Country or economy,2009,435.995,26.321,60.37
Chile,CHL,Country or economy,2010,481.593,29.016,60.25
Chile,CHL,Country or economy,2011,493.694,32.411,65.65
Chile,CHL,Country or economy,2012,532.859,37.071,69.57
Chile,CHL,Country or economy,2013,554.036,40.356,72.84
Chile,CHL,Country or economy,2014,495.682,34.782,70.17
Chile,CHL,Country or economy,2015,493.232,36.948,74.91
Chile,CHL,Country or economy,2016,498.072,39.263,78.83
Chile,CHL,Country or economy,2017,488.94,38.592,78.93
Chile,CHL,Country or economy,2018,471.857,38.579,81.76
Chile,CHL,Country or economy,2019,458.038,38.466,83.98
Chile,CHL,Country or economy,2020,438.131,36.619,83.58
Chile,CHL,Country or economy,2021,432.293,38.085,88.1
Chile,CHL,Country or economy,2022,373.891,34.039,91.04
Chile,CHL,Country or economy,2023,304.763,27.194,89.23
Chile,CHL,Country or economy,2024,260.923,23.123,88.62
Chile,CHL,Country or economy,2025,290.599,25.718,88.5
China,CHN,Country or economy,1985,709.28,291.294,410.69
China,CHN,Country or economy,1986,728.016,327.265,449.53
China,CHN,Country or economy,1987,738.666,367.314,497.267
China,CHN,Country or economy,1988,740.194,403.561,545.21
China,CHN,Country or economy,1989,740.456,433.026,584.81
China,CHN,Country or economy,1990,745.24,462.943,621.2
China,CHN,Country or economy,1991,765.87,518.915,677.55
China,CHN,Country or economy,1992,777.75,586.377,753.94
China,CHN,Country or economy,1993,759.445,616.358,811.59
China,CHN,Country or economy,1994,760.954,706.009,927.795
China,CHN,Country or economy,1995,753.031,758.325,1007.03
China,CHN,Country or economy,1996,771.396,834.118,1081.31
China,CHN,Country or economy,1997,771.509,876.085,1135.547
China,CHN,Country or economy,1998,773.884,903.123,1167.0
China,CHN,Country or economy,1999,787.29,975.688,1239.3
China,CHN,Country or economy,2000,783.511,1062.124,1355.596
China,CHN,Country or economy,2001,762.877,1129.669,1480.8
China,CHN,Country or economy,2002,773.301,1279.037,1653.996
China,CHN,Country or economy,2003,790.918,1511.108,1910.574
China,CHN,Country or economy,2004,778.518,1715.317,2203.31
China,CHN,Country or economy,2005,782.122,1955.508,2500.26
China,CHN,Country or economy,2006,786.685,2254.424,2865.726
China,CHN,Country or economy,2007,785.282,2576.944,3281.553
China,CHN,Country or economy,2008,747.115,2611.734,3495.76
China,CHN,Country or economy,2009,753.204,2797.891,3714.651
China,CHN,Country or economy,2010,742.45,3115.596,4196.371
China,CHN,Country or economy,2011,754.005,3545.421,4702.119
China,CHN,Country or economy,2012,721.7,3592.798,4978.24
China,CHN,Country or economy,2013,719.127,3898.357,5420.955
China,CHN,Country or economy,2014,695.753,4022.333,5781.267
China,CHN,Country or economy,2015,669.705,3883.496,5798.818
China,CHN,Country or economy,2016,653.311,3986.75,6102.38
China,CHN,Country or economy,2017,646.279,4247.116,6571.647
China,CHN,Country or economy,2018,639.097,4558.825,7133.233
China,CHN,Country or economy,2019,621.993,4647.236,7471.528
China,CHN,Country or economy,2020,609.048,4717.42,7745.56
China,CHN,Country or economy,2021,602.329,5117.294,8495.849
China,CHN,Country or economy,2022,589.968,5191.966,8800.417
China,CHN,Country or economy,2023,586.366,5513.447,9402.742
China,CHN,Country or economy,2024,558.965,5603.628,10025.008
China,CHN,Country or economy,2025,528.278,5549.947,10505.74
Colombia,COL,Country or economy,2000,189.559,8.115,42.81
Colombia,COL,Country or economy,2001,197.705,8.529,43.14
Colombia,COL,Country or economy,2002,183.359,8.198,44.71
Colombia,COL,Country or economy,2003,172.078,7.95,46.2
Colombia,COL,Country or economy,2004,148.591,7.33,49.33
Colombia,COL,Country or economy,2005,159.992,7.99,49.94
Colombia,COL,Country or economy,2006,158.811,8.471,53.34
Colombia,COL,Country or economy,2007,154.955,8.49,54.79
Colombia,COL,Country or economy,2008,137.383,7.622,55.48
Colombia,COL,Country or economy,2009,211.383,11.996,56.75
Colombia,COL,Country or economy,2010,229.62,13.83,60.23
Colombia,COL,Country or economy,2011,151.524,9.349,61.7
Colombia,COL,Country or economy,2012,178.972,11.286,63.06
Colombia,COL,Country or economy,2013,235.913,17.342,73.51
Colombia,COL,Country or economy,2014,236.773,16.683,70.46
Colombia,COL,Country or economy,2015,275.311,21.466,77.97
Colombia,COL,Country or economy,2016,259.59,19.773,76.17
Colombia,COL,Country or economy,2017,166.165,13.039,78.47
Colombia,COL,Country or economy,2018,187.521,14.666,78.21
Colombia,COL,Country or economy,2019,240.861,18.975,78.78
Colombia,COL,Country or economy,2020,271.357,21.098,77.75
Colombia,COL,Country or economy,2021,195.839,16.521,84.36
Colombia,COL,Country or economy,2022,202.136,16.749,82.86
Colombia,COL,Country or economy,2023,259.531,21.894,84.36
Colombia,COL,Country or economy,2024,298.328,26.593,89.14
Colombia,COL,Country or economy,2025,190.119,17.297,90.98
Comoros,COM,Country or economy,2000,666.667,0.02,0.03
Comoros,COM,Country or economy,2001,666.667,0.02,0.03
Comoros,COM,Country or economy,2002,666.667,0.02,0.03
Comoros,COM,Country or economy,2003,650.0,0.026,0.04
Comoros,COM,Country or economy,2004,650.0,0.026,0.04
Comoros,COM,Country or economy,2005,660.0,0.033,0.05
Comoros,COM,Country or economy,2006,660.0,0.033,0.05
Comoros,COM,Country or economy,2007,660.0,0.033,0.05
Comoros,COM,Country or economy,2008,650.0,0.026,0.04
Comoros,COM,Country or economy,2009,660.0,0.033,0.05
Comoros,COM,Country or economy,2010,650.0,0.039,0.06
Comoros,COM,Country or economy,2011,650.0,0.039,0.06
Comoros,COM,Country or economy,2012,650.0,0.039,0.06
Comoros,COM,Country or economy,2013,650.0,0.039,0.06
Comoros,COM,Country or economy,2014,660.0,0.033,0.05
Comoros,COM,Country or economy,2015,660.0,0.033,0.05
Comoros,COM,Country or economy,2016,650.0,0.039,0.06
Comoros,COM,Country or economy,2017,655.556,0.059,0.09
Comoros,COM,Country or economy,2018,660.0,0.066,0.1
Comoros,COM,Country or economy,2019,654.545,0.072,0.11
Comoros,COM,Country or economy,2020,661.538,0.086,0.13
Comoros,COM,Country or economy,2021,661.538,0.086,0.13
Comoros,COM,Country or economy,2022,657.143,0.092,0.14
Comoros,COM,Country or economy,2023,657.143,0.092,0.14
Congo,COG,Country or economy,2000,24.138,0.007,0.29
Congo,COG,Country or economy,2001,24.242,0.008,0.33
Congo,COG,Country or economy,2002,23.077,0.009,0.39
Congo,COG,Country or economy,2003,157.5,0.063,0.4
Congo,COG,Country or economy,2004,180.0,0.072,0.4
Congo,COG,Country or economy,2005,188.372,0.081,0.43
Congo,COG,Country or economy,2006,182.222,0.082,0.45
Congo,COG,Country or economy,2007,180.0,0.072,0.4
Congo,COG,Country or economy,2008,197.826,0.091,0.46
Congo,COG,Country or economy,2009,361.111,0.195,0.54
Congo,COG,Country or economy,2010,412.346,0.334,0.81
Congo,COG,Country or economy,2011,365.649,0.479,1.31
Congo,COG,Country or economy,2012,394.767,0.679,1.72
Congo,COG,Country or economy,2013,408.092,0.706,1.73
Congo,COG,Country or economy,2014,426.705,0.751,1.76
Congo,COG,Country or economy,2015,536.559,1.497,2.79
Congo,COG,Country or economy,2016,555.556,1.65,2.97
Congo,COG,Country or economy,2017,541.946,1.615,2.98
Congo,COG,Country or economy,2018,592.857,1.826,3.08
Congo,COG,Country or economy,2019,656.555,2.554,3.89
Congo,COG,Country or economy,2020,663.591,2.661,4.01
Congo,COG,Country or economy,2021,669.1,2.75,4.11
Congo,COG,Country or economy,2022,706.869,3.499,4.95
Congo,COG,Country or economy,2023,691.978,3.709,5.36
Congo,COG,Country or economy,2024,715.568,3.907,5.46
Congo (DRC),COD,Country or economy,2000,23.737,0.141,5.94
Congo (DRC),COD,Country or economy,2001,24.831,0.147,5.92
Congo (DRC),COD,Country or economy,2002,24.752,0.15,6.06
Congo (DRC),COD,Country or economy,2003,24.877,0.152,6.11
Congo (DRC),COD,Country or economy,2004,24.644,0.173,7.02
Congo (DRC),COD,Country or economy,2005,24.693,0.181,7.33
Congo (DRC),COD,Country or economy,2006,27.6,0.207,7.5
Congo (DRC),COD,Country or economy,2007,30.268,0.237,7.83
Congo (DRC),COD,Country or economy,2008,31.425,0.236,7.51
Congo (DRC),COD,Country or economy,2009,30.346,0.237,7.81
Congo (DRC),COD,Country or economy,2010,30.268,0.237,7.83
Congo (DRC),COD,Country or economy,2011,30.307,0.237,7.82
Congo (DRC),COD,Country or economy,2012,24.601,0.185,7.52
Congo (DRC),COD,Country or economy,2013,24.51,0.2,8.16
Congo (DRC),COD,Country or economy,2014,24.371,0.213,8.74
Congo (DRC),COD,Country or economy,2015,24.434,0.216,8.84
Congo (DRC),COD,Country or economy,2016,24.501,0.221,9.02
Congo (DRC),COD,Country or economy,2017,24.628,0.232,9.42
Congo (DRC),COD,Country or economy,2018,24.57,0.257,10.46
Congo (DRC),COD,Country or economy,2019,24.512,0.289,11.79
Congo (DRC),COD,Country or economy,2020,24.5,0.306,12.49
Congo (DRC),COD,Country or economy,2021,25.652,0.364,14.19
Congo (DRC),COD,Country or economy,2022,27.172,0.416,15.31
Congo (DRC),COD,Country or economy,2023,27.255,0.426,15.63
Congo (DRC),COD,Country or economy,2024,27.638,0.44,15.92
Cook Islands (the),COK,Country or economy,2000,666.667,0.02,0.03
Cook Islands (the),COK,Country or economy,2001,666.667,0.02,0.03
Cook Islands (the),COK,Country or economy,2002,666.667,0.02,0.03
Cook Islands (the),COK,Country or economy,2003,666.667,0.02,0.03
Cook Islands (the),COK,Country or economy,2004,666.667,0.02,0.03
Cook Islands (the),COK,Country or economy,2005,666.667,0.02,0.03
Cook Islands (the),COK,Country or economy,2006,666.667,0.02,0.03
Cook Islands (the),COK,Country or economy,2007,666.667,0.02,0.03
Cook Islands (the),COK,Country or economy,2008,666.667,0.02,0.03
Cook Islands (the),COK,Country or economy,2009,666.667,0.02,0.03
Cook Islands (the),COK,Country or economy,2010,666.667,0.02,0.03
Cook Islands (the),COK,Country or economy,2011,666.667,0.02,0.03
Cook Islands (the),COK,Country or economy,2012,666.667,0.02,0.03
Cook Islands (the),COK,Country or economy,2013,666.667,0.02,0.03
Cook Islands (the),COK,Country or economy,2014,666.667,0.02,0.03
Cook Islands (the),COK,Country or economy,2015,666.667,0.02,0.03
Cook Islands (the),COK,Country or economy,2016,666.667,0.02,0.03
Cook Islands (the),COK,Country or economy,2017,500.0,0.02,0.04
Cook Islands (the),COK,Country or economy,2018,420.0,0.021,0.05
Cook Islands (the),COK,Country or economy,2019,500.0,0.02,0.04
Cook Islands (the),COK,Country or economy,2020,500.0,0.02,0.04
Cook Islands (the),COK,Country or economy,2021,350.0,0.014,0.04
Cook Islands (the),COK,Country or economy,2022,350.0,0.014,0.04
Cook Islands (the),COK,Country or economy,2023,350.0,0.014,0.04
Cook Islands (the),COK,Country or economy,2024,350.0,0.014,0.04
Costa Rica,CRI,Country or economy,2000,31.487,0.216,6.86
Costa Rica,CRI,Country or economy,2001,35.072,0.242,6.9
Costa Rica,CRI,Country or economy,2002,36.792,0.273,7.42
Costa Rica,CRI,Country or economy,2003,40.0,0.292,7.3
Costa Rica,CRI,Country or economy,2004,31.328,0.25,7.98
Costa Rica,CRI,Country or economy,2005,47.863,0.392,8.19
Costa Rica,CRI,Country or economy,2006,65.777,0.567,8.62
Costa Rica,CRI,Country or economy,2007,77.84,0.699,8.98
Costa Rica,CRI,Country or economy,2008,72.553,0.682,9.4
Costa Rica,CRI,Country or economy,2009,58.333,0.539,9.24
Costa Rica,CRI,Country or economy,2010,70.347,0.669,9.51
Costa Rica,CRI,Country or economy,2011,83.59,0.815,9.75
Costa Rica,CRI,Country or economy,2012,80.317,0.812,10.11
Costa Rica,CRI,Country or economy,2013,103.238,1.052,10.19
Costa Rica,CRI,Country or economy,2014,93.019,0.946,10.17
Costa Rica,CRI,Country or economy,2015,33.705,0.363,10.77
Costa Rica,CRI,Country or economy,2016,38.49,0.418,10.86
Costa Rica,CRI,Country or economy,2017,29.078,0.328,11.28
Costa Rica,CRI,Country or economy,2018,34.615,0.396,11.44
Costa Rica,CRI,Country or economy,2019,31.961,0.365,11.42
Costa Rica,CRI,Country or economy,2020,28.072,0.329,11.72
Costa Rica,CRI,Country or economy,2021,26.551,0.338,12.73
Costa Rica,CRI,Country or economy,2022,24.759,0.308,12.44
Costa Rica,CRI,Country or economy,2023,25.256,0.296,11.72
Costa Rica,CRI,Country or economy,2024,25.818,0.284,11.0
Costa Rica,CRI,Country or economy,2025,-37.907,-0.442,11.66
Cote d'Ivoire,CIV,Country or economy,2000,363.542,1.745,4.8
Cote d'Ivoire,CIV,Country or economy,2001,363.32,1.773,4.88
Cote d'Ivoire,CIV,Country or economy,2002,385.444,2.039,5.29
Cote d'Ivoire,CIV,Country or economy,2003,367.913,1.869,5.08
Cote d'Ivoire,CIV,Country or economy,2004,383.273,2.108,5.5
Cote d'Ivoire,CIV,Country or economy,2005,417.813,2.369,5.67
Cote d'Ivoire,CIV,Country or economy,2006,410.284,2.314,5.64
Cote d'Ivoire,CIV,Country or economy,2007,381.851,2.146,5.62
Cote d'Ivoire,CIV,Country or economy,2008,377.72,2.187,5.79
Cote d'Ivoire,CIV,Country or economy,2009,361.368,2.114,5.85
Cote d'Ivoire,CIV,Country or economy,2010,411.933,2.451,5.95
Cote d'Ivoire,CIV,Country or economy,2011,400.493,2.435,6.08
Cote d'Ivoire,CIV,Country or economy,2012,425.714,2.98,7.0
Cote d'Ivoire,CIV,Country or economy,2013,446.134,3.404,7.63
Cote d'Ivoire,CIV,Country or economy,2014,439.178,3.632,8.27
Cote d'Ivoire,CIV,Country or economy,2015,477.126,4.151,8.7
Cote d'Ivoire,CIV,Country or economy,2016,474.194,4.851,10.23
Cote d'Ivoire,CIV,Country or economy,2017,447.431,4.528,10.12
Cote d'Ivoire,CIV,Country or economy,2018,399.701,4.013,10.04
Cote d'Ivoire,CIV,Country or economy,2019,382.458,4.077,10.66
Cote d'Ivoire,CIV,Country or economy,2020,396.27,4.462,11.26
Cote d'Ivoire,CIV,Country or economy,2021,432.07,4.904,11.35
Cote d'Ivoire,CIV,Country or economy,2022,413.323,5.212,12.61
Cote d'Ivoire,CIV,Country or economy,2023,398.816,4.379,10.98
Cote d'Ivoire,CIV,Country or economy,2024,405.561,4.376,10.79
Croatia,HRV,Country or economy,1990,361.18,3.182,8.81
Croatia,HRV,Country or economy,1991,242.424,2.08,8.58
Croatia,HRV,Country or economy,1992,334.27,2.975,8.9
Croatia,HRV,Country or economy,1993,324.528,3.096,9.54
Croatia,HRV,Country or economy,1994,217.963,1.905,8.74
Croatia,HRV,Country or economy,1995,253.355,2.341,9.24
Croatia,HRV,Country or economy,1996,185.996,2.072,11.14
Croatia,HRV,Country or economy,1997,283.154,2.891,10.21
Croatia,HRV,Country or economy,1998,310.927,3.557,11.44
Croatia,HRV,Country or economy,1999,289.043,3.746,12.96
Croatia,HRV,Country or economy,2000,302.498,3.391,11.21
Croatia,HRV,Country or economy,2001,306.51,3.908,12.75
Croatia,HRV,Country or economy,2002,369.74,4.692,12.69
Croatia,HRV,Country or economy,2003,413.83,5.446,13.16
Croatia,HRV,Country or economy,2004,314.708,4.365,13.87
Croatia,HRV,Country or economy,2005,336.782,4.395,13.05
Croatia,HRV,Country or economy,2006,347.25,4.483,12.91
Croatia,HRV,Country or economy,2007,420.016,5.267,12.54
Croatia,HRV,Country or economy,2008,382.786,4.892,12.78
Croatia,HRV,Country or economy,2009,301.873,4.03,13.35
Croatia,HRV,Country or economy,2010,268.222,3.967,14.79
Croatia,HRV,Country or economy,2011,375.957,4.222,11.23
Croatia,HRV,Country or economy,2012,352.791,3.729,10.57
Croatia,HRV,Country or economy,2013,256.169,3.571,13.94
Croatia,HRV,Country or economy,2014,226.582,3.043,13.43
Croatia,HRV,Country or economy,2015,275.178,3.093,11.24
Croatia,HRV,Country or economy,2016,276.27,3.481,12.6
Croatia,HRV,Country or economy,2017,256.245,3.016,11.77
Croatia,HRV,Country or economy,2018,201.553,2.725,13.52
Croatia,HRV,Country or economy,2019,242.609,3.069,12.65
Croatia,HRV,Country or economy,2020,228.647,3.025,13.23
Croatia,HRV,Country or economy,2021,210.39,3.179,15.11
Croatia,HRV,Country or economy,2022,245.106,3.456,14.1
Croatia,HRV,Country or economy,2023,195.356,3.407,17.44
Croatia,HRV,Country or economy,2024,170.527,2.606,15.282
Croatia,HRV,Country or economy,2025,158.081,2.326,14.714
Cuba,CUB,Country or economy,2000,630.872,9.482,15.03
Cuba,CUB,Country or economy,2001,632.288,9.674,15.3
Cuba,CUB,Country or economy,2002,631.294,9.905,15.69
Cuba,CUB,Country or economy,2003,637.698,10.082,15.81
Cuba,CUB,Country or economy,2004,637.916,9.977,15.64
Cuba,CUB,Country or economy,2005,649.251,9.966,15.35
Cuba,CUB,Country or economy,2006,650.213,10.709,16.47
Cuba,CUB,Country or economy,2007,650.369,11.453,17.61
Cuba,CUB,Country or economy,2008,645.928,11.42,17.68
Cuba,CUB,Country or economy,2009,645.798,11.45,17.73
Cuba,CUB,Country or economy,2010,648.736,11.288,17.4
Cuba,CUB,Country or economy,2011,648.169,11.505,17.75
Cuba,CUB,Country or economy,2012,645.578,11.898,18.43
Cuba,CUB,Country or economy,2013,639.013,12.301,19.25
Cuba,CUB,Country or economy,2014,643.747,12.508,19.43
Cuba,CUB,Country or economy,2015,643.845,13.128,20.39
Cuba,CUB,Country or economy,2016,643.504,13.224,20.55
Cuba,CUB,Country or economy,2017,645.892,13.286,20.57
Cuba,CUB,Country or economy,2018,646.49,13.447,20.8
Cuba,CUB,Country or economy,2019,641.594,13.281,20.7
Cuba,CUB,Country or economy,2020,639.044,12.161,19.03
Cuba,CUB,Country or economy,2021,639.148,11.396,17.83
Cuba,CUB,Country or economy,2022,640.703,10.027,15.65
Cuba,CUB,Country or economy,2023,644.529,12.723,19.74
Cuba,CUB,Country or economy,2024,642.923,12.492,19.43
Cyprus,CYP,Country or economy,1990,657.868,1.296,1.97
Cyprus,CYP,Country or economy,1991,658.173,1.369,2.08
Cyprus,CYP,Country or economy,1992,658.025,1.599,2.43
Cyprus,CYP,Country or economy,1993,657.915,1.704,2.59
Cyprus,CYP,Country or economy,1994,657.836,1.763,2.68
Cyprus,CYP,Country or economy,1995,658.0,1.645,2.5
Cyprus,CYP,Country or economy,1996,657.854,1.717,2.61
Cyprus,CYP,Country or economy,1997,657.875,1.796,2.73
Cyprus,CYP,Country or economy,1998,657.86,1.967,2.99
Cyprus,CYP,Country or economy,1999,657.962,2.066,3.14
Cyprus,CYP,Country or economy,2000,657.864,2.217,3.37
Cyprus,CYP,Country or economy,2001,658.028,2.336,3.55
Cyprus,CYP,Country or economy,2002,658.047,2.494,3.79
Cyprus,CYP,Country or economy,2003,658.025,2.665,4.05
Cyprus,CYP,Country or economy,2004,658.095,2.764,4.2
Cyprus,CYP,Country or economy,2005,657.991,2.882,4.38
Cyprus,CYP,Country or economy,2006,658.065,3.06,4.65
Cyprus,CYP,Country or economy,2007,657.906,3.204,4.87
Cyprus,CYP,Country or economy,2008,657.199,3.332,5.07
Cyprus,CYP,Country or economy,2009,655.47,3.415,5.21
Cyprus,CYP,Country or economy,2010,649.906,3.464,5.33
Cyprus,CYP,Country or economy,2011,637.805,3.138,4.92
Cyprus,CYP,Country or economy,2012,624.788,2.949,4.72
Cyprus,CYP,Country or economy,2013,611.189,2.622,4.29
Cyprus,CYP,Country or economy,2014,614.977,2.669,4.34
Cyprus,CYP,Country or economy,2015,604.405,2.744,4.54
Cyprus,CYP,Country or economy,2016,604.294,2.955,4.89
Cyprus,CYP,Country or economy,2017,605.8,3.029,5.0
Cyprus,CYP,Country or economy,2018,600.593,3.039,5.06
Cyprus,CYP,Country or economy,2019,596.699,3.073,5.15
Cyprus,CYP,Country or economy,2020,582.887,2.827,4.85
Cyprus,CYP,Country or economy,2021,565.234,2.894,5.12
Cyprus,CYP,Country or economy,2022,556.274,2.926,5.26
Cyprus,CYP,Country or economy,2023,533.396,2.843,5.33
Cyprus,CYP,Country or economy,2024,512.985,2.963,5.776
Cyprus,CYP,Country or economy,2025,505.196,2.917,5.774
Czechia,CZE,Country or economy,1990,777.774,48.432,62.27
Czechia,CZE,Country or economy,1991,779.121,46.981,60.3
Czechia,CZE,Country or economy,1992,766.96,45.289,59.05
Czechia,CZE,Country or economy,1993,758.65,44.51,58.67
Czechia,CZE,Country or economy,1994,747.003,43.625,58.4
Czechia,CZE,Country or economy,1995,755.926,45.794,60.58
Czechia,CZE,Country or economy,1996,749.475,47.839,63.83
Czechia,CZE,Country or economy,1997,757.623,48.647,64.21
Czechia,CZE,Country or economy,1998,749.319,48.421,64.62
Czechia,CZE,Country or economy,1999,736.902,47.287,64.17
Czechia,CZE,Country or economy,2000,767.051,55.918,72.9
Czechia,CZE,Country or economy,2001,751.886,55.805,74.22
Czechia,CZE,Country or economy,2002,699.303,53.147,76.0
Czechia,CZE,Country or economy,2003,651.89,53.97,82.79
Czechia,CZE,Country or economy,2004,640.243,53.646,83.79
Czechia,CZE,Country or economy,2005,646.625,52.978,81.93
Czechia,CZE,Country or economy,2006,634.007,53.041,83.66
Czechia,CZE,Country or economy,2007,652.227,57.246,87.77
Czechia,CZE,Country or economy,2008,627.546,52.262,83.28
Czechia,CZE,Country or economy,2009,603.148,49.241,81.64
Czechia,CZE,Country or economy,2010,593.558,50.583,85.22
Czechia,CZE,Country or economy,2011,583.633,50.566,86.64
Czechia,CZE,Country or economy,2012,552.714,47.854,86.58
Czechia,CZE,Country or economy,2013,527.424,45.311,85.91
Czechia,CZE,Country or economy,2014,530.631,45.093,84.98
Czechia,CZE,Country or economy,2015,553.025,45.619,82.49
Czechia,CZE,Country or economy,2016,573.756,47.048,82.0
Czechia,CZE,Country or economy,2017,542.514,46.526,85.76
Czechia,CZE,Country or economy,2018,532.704,46.26,86.84
Czechia,CZE,Country or economy,2019,503.465,43.157,85.72
Czechia,CZE,Country or economy,2020,460.2,36.862,80.1
Czechia,CZE,Country or economy,2021,471.683,39.461,83.66
Czechia,CZE,Country or economy,2022,488.427,40.896,83.73
Czechia,CZE,Country or economy,2023,442.586,33.548,75.8
Czechia,CZE,Country or economy,2024,414.181,30.164,72.828
Czechia,CZE,Country or economy,2025,401.366,30.269,75.415
Denmark,DNK,Country or economy,1990,889.36,23.07,25.94
Denmark,DNK,Country or economy,1991,895.062,32.625,36.45
Denmark,DNK,Country or economy,1992,872.386,26.695,30.6
Denmark,DNK,Country or economy,1993,863.914,29.183,33.78
Denmark,DNK,Country or economy,1994,851.313,34.376,40.38
Denmark,DNK,Country or economy,1995,813.204,29.747,36.58
Denmark,DNK,Country or economy,1996,817.048,43.614,53.38
Denmark,DNK,Country or economy,1997,761.305,33.604,44.14
Denmark,DNK,Country or economy,1998,709.36,29.027,40.92
Denmark,DNK,Country or economy,1999,673.037,26.06,38.72
Denmark,DNK,Country or economy,2000,627.95,22.512,35.85
Denmark,DNK,Country or economy,2001,630.581,23.672,37.54
Denmark,DNK,Country or economy,2002,618.721,24.192,39.1
Denmark,DNK,Country or economy,2003,651.468,29.948,45.97
Denmark,DNK,Country or economy,2004,581.188,23.387,40.24
Denmark,DNK,Country or economy,2005,552.827,19.946,36.08
Denmark,DNK,Country or economy,2006,635.541,28.879,45.44
Denmark,DNK,Country or economy,2007,597.036,23.368,39.14
Denmark,DNK,Country or economy,2008,577.22,21.057,36.48
Denmark,DNK,Country or economy,2009,583.034,21.135,36.25
Denmark,DNK,Country or economy,2010,540.335,20.938,38.75
Denmark,DNK,Country or economy,2011,486.67,17.087,35.11
Denmark,DNK,Country or economy,2012,431.371,13.187,30.57
Denmark,DNK,Country or economy,2013,472.551,16.355,34.61
Denmark,DNK,Country or economy,2014,400.156,12.821,32.04
Denmark,DNK,Country or economy,2015,313.69,9.028,28.78
Denmark,DNK,Country or economy,2016,360.724,10.966,30.4
Denmark,DNK,Country or economy,2017,282.524,8.73,30.9
Denmark,DNK,Country or economy,2018,297.054,8.974,30.21
Denmark,DNK,Country or economy,2019,204.154,5.996,29.37
Denmark,DNK,Country or economy,2020,188.663,5.392,28.58
Denmark,DNK,Country or economy,2021,223.056,7.343,32.92
Denmark,DNK,Country or economy,2022,203.84,7.167,35.16
Denmark,DNK,Country or economy,2023,152.611,5.172,33.89
Denmark,DNK,Country or economy,2024,132.167,4.652,35.198
Denmark,DNK,Country or economy,2025,99.887,3.443,34.469
Djibouti,DJI,Country or economy,2000,655.556,0.118,0.18
Djibouti,DJI,Country or economy,2001,657.895,0.125,0.19
Djibouti,DJI,Country or economy,2002,660.0,0.132,0.2
Djibouti,DJI,Country or economy,2003,660.0,0.132,0.2
Djibouti,DJI,Country or economy,2004,659.091,0.145,0.22
Djibouti,DJI,Country or economy,2005,656.667,0.197,0.3
Djibouti,DJI,Country or economy,2006,658.065,0.204,0.31
Djibouti,DJI,Country or economy,2007,659.375,0.211,0.32
Djibouti,DJI,Country or economy,2008,658.824,0.224,0.34
Djibouti,DJI,Country or economy,2009,657.143,0.23,0.35
Djibouti,DJI,Country or economy,2010,657.895,0.25,0.38
Djibouti,DJI,Country or economy,2011,658.974,0.257,0.39
Djibouti,DJI,Country or economy,2012,658.974,0.257,0.39
Djibouti,DJI,Country or economy,2013,658.14,0.283,0.43
Djibouti,DJI,Country or economy,2014,660.0,0.066,0.1
Djibouti,DJI,Country or economy,2015,655.556,0.118,0.18
Djibouti,DJI,Country or economy,2016,655.556,0.059,0.09
Djibouti,DJI,Country or economy,2017,650.0,0.039,0.06
Djibouti,DJI,Country or economy,2018,660.0,0.033,0.05
Djibouti,DJI,Country or economy,2019,655.556,0.059,0.09
Djibouti,DJI,Country or economy,2020,661.538,0.086,0.13
Djibouti,DJI,Country or economy,2021,430.0,0.086,0.2
Djibouti,DJI,Country or economy,2022,430.0,0.086,0.2
Djibouti,DJI,Country or economy,2023,430.0,0.086,0.2
Djibouti,DJI,Country or economy,2024,430.0,0.086,0.2
Dominica,DMA,Country or economy,2000,425.0,0.034,0.08
Dominica,DMA,Country or economy,2001,425.0,0.034,0.08
Dominica,DMA,Country or economy,2002,385.714,0.027,0.07
Dominica,DMA,Country or economy,2003,425.0,0.034,0.08
Dominica,DMA,Country or economy,2004,481.818,0.053,0.11
Dominica,DMA,Country or economy,2005,500.0,0.06,0.12
Dominica,DMA,Country or economy,2006,500.0,0.06,0.12
Dominica,DMA,Country or economy,2007,550.0,0.066,0.12
Dominica,DMA,Country or economy,2008,561.538,0.073,0.13
Dominica,DMA,Country or economy,2009,561.538,0.073,0.13
Dominica,DMA,Country or economy,2010,564.286,0.079,0.14
Dominica,DMA,Country or economy,2011,486.667,0.073,0.15
Dominica,DMA,Country or economy,2012,533.333,0.08,0.15
Dominica,DMA,Country or economy,2013,486.667,0.073,0.15
Dominica,DMA,Country or economy,2014,533.333,0.08,0.15
Dominica,DMA,Country or economy,2015,573.333,0.086,0.15
Dominica,DMA,Country or economy,2016,500.0,0.08,0.16
Dominica,DMA,Country or economy,2017,515.385,0.067,0.13
Dominica,DMA,Country or economy,2018,545.455,0.06,0.11
Dominica,DMA,Country or economy,2019,564.286,0.079,0.14
Dominica,DMA,Country or economy,2020,564.286,0.079,0.14
Dominica,DMA,Country or economy,2021,564.286,0.079,0.14
Dominica,DMA,Country or economy,2022,573.333,0.086,0.15
Dominica,DMA,Country or economy,2023,573.333,0.086,0.15
Dominican Republic,DOM,Country or economy,2000,615.988,8.014,13.01
Dominican Republic,DOM,Country or economy,2001,620.249,7.964,12.84
Dominican Republic,DOM,Country or economy,2002,621.942,8.645,13.9
Dominican Republic,DOM,Country or economy,2003,611.566,8.672,14.18
Dominican Republic,DOM,Country or economy,2004,583.943,7.019,12.02
Dominican Republic,DOM,Country or economy,2005,574.438,7.663,13.34
Dominican Republic,DOM,Country or economy,2006,588.235,8.3,14.11
Dominican Republic,DOM,Country or economy,2007,588.95,8.581,14.57
Dominican Republic,DOM,Country or economy,2008,601.506,8.788,14.61
Dominican Republic,DOM,Country or economy,2009,594.4,8.173,13.75
Dominican Republic,DOM,Country or economy,2010,589.31,8.71,14.78
Dominican Republic,DOM,Country or economy,2011,590.419,9.305,15.76
Dominican Republic,DOM,Country or economy,2012,582.604,9.846,16.9
Dominican Republic,DOM,Country or economy,2013,571.445,10.126,17.72
Dominican Republic,DOM,Country or economy,2014,593.519,10.256,17.28
Dominican Republic,DOM,Country or economy,2015,606.389,10.915,18.0
Dominican Republic,DOM,Country or economy,2016,590.096,11.082,18.78
Dominican Republic,DOM,Country or economy,2017,550.833,10.576,19.2
Dominican Republic,DOM,Country or economy,2018,566.327,11.1,19.6
Dominican Republic,DOM,Country or economy,2019,582.331,12.392,21.28
Dominican Republic,DOM,Country or economy,2020,581.426,11.332,19.49
Dominican Republic,DOM,Country or economy,2021,558.609,11.971,21.43
Dominican Republic,DOM,Country or economy,2022,580.108,12.861,22.17
Dominican Republic,DOM,Country or economy,2023,579.642,14.236,24.56
Dominican Republic,DOM,Country or economy,2024,567.333,13.633,24.03
Dominican Republic,DOM,Country or economy,2025,538.026,12.175,22.629
EU,,Region,2000,419.034,1098.782,2622.18
EU,,Region,2001,409.101,1104.131,2698.92
EU,,Region,2002,419.592,1142.181,2722.12
EU,,Region,2003,424.204,1187.742,2799.93
EU,,Region,2004,412.01,1181.46,2867.55
EU,,Region,2005,409.901,1182.313,2884.39
EU,,Region,2006,408.676,1198.364,2932.31
EU,,Region,2007,413.034,1217.503,2947.71
EU,,Region,2008,392.375,1161.345,2959.78
EU,,Region,2009,382.393,1073.889,2808.34
EU,,Region,2010,369.35,1087.934,2945.54
EU,,Region,2011,376.673,1095.624,2908.69
EU,,Region,2012,371.875,1079.728,2903.47
EU,,Region,2013,357.093,1029.746,2883.69
EU,,Region,2014,342.867,968.226,2823.91
EU,,Region,2015,348.324,999.819,2870.37
EU,,Region,2016,341.43,987.21,2891.4
EU,,Region,2017,340.432,995.075,2922.98
EU,,Region,2018,321.256,934.413,2908.62
EU,,Region,2019,287.346,825.975,2874.5
EU,,Region,2020,261.198,719.102,2753.09
EU,,Region,2021,272.53,783.522,2874.99
EU,,Region,2022,291.569,809.806,2777.41
EU,,Region,2023,236.007,639.624,2710.19
EU,,Region,2024,211.647,586.585,2771.528
EU,,Region,2025,209.879,587.329,2798.415
Ecuador,ECU,Country or economy,2000,204.463,2.153,10.53
Ecuador,ECU,Country or economy,2001,253.643,2.785,10.98
Ecuador,ECU,Country or economy,2002,262.066,3.095,11.81
Ecuador,ECU,Country or economy,2003,273.606,3.141,11.48
Ecuador,ECU,Country or economy,2004,304.297,3.895,12.8
Ecuador,ECU,Country or economy,2005,327.69,4.142,12.64
Ecuador,ECU,Country or economy,2006,352.486,4.963,14.08
Ecuador,ECU,Country or economy,2007,340.464,5.873,17.25
Ecuador,ECU,Country or economy,2008,283.613,5.244,18.49
Ecuador,ECU,Country or economy,2009,349.449,6.346,18.16
Ecuador,ECU,Country or economy,2010,389.959,7.573,19.42
Ecuador,ECU,Country or economy,2011,325.453,6.649,20.43
Ecuador,ECU,Country or economy,2012,330.048,7.502,22.73
Ecuador,ECU,Country or economy,2013,368.826,8.542,23.16
Ecuador,ECU,Country or economy,2014,369.326,8.934,24.19
Ecuador,ECU,Country or economy,2015,345.761,8.931,25.83
Ecuador,ECU,Country or economy,2016,288.733,7.842,27.16
Ecuador,ECU,Country or economy,2017,201.294,5.602,27.83
Ecuador,ECU,Country or economy,2018,210.127,6.142,29.23
Ecuador,ECU,Country or economy,2019,171.741,5.573,32.45
Ecuador,ECU,Country or economy,2020,159.54,4.992,31.29
Ecuador,ECU,Country or economy,2021,149.097,4.789,32.12
Ecuador,ECU,Country or economy,2022,181.397,5.997,33.06
Ecuador,ECU,Country or economy,2023,195.84,7.015,35.82
Ecuador,ECU,Country or economy,2024,203.735,6.654,32.66
Ecuador,ECU,Country or economy,2025,158.798,5.812,36.6
Egypt,EGY,Country or economy,1985,461.434,13.963,30.26
Egypt,EGY,Country or economy,1986,477.788,15.509,32.46
Egypt,EGY,Country or economy,1987,493.326,17.592,35.66
Egypt,EGY,Country or economy,1988,508.058,19.672,38.72
Egypt,EGY,Country or economy,1989,504.53,20.494,40.62
Egypt,EGY,Country or economy,1990,501.43,21.035,41.95
Egypt,EGY,Country or economy,1991,505.245,21.867,43.28
Egypt,EGY,Country or economy,1992,511.827,23.022,44.98
Egypt,EGY,Country or economy,1993,512.283,23.939,46.73
Egypt,EGY,Country or economy,1994,508.383,24.682,48.55
Egypt,EGY,Country or economy,1995,508.47,25.754,50.65
Egypt,EGY,Country or economy,1996,512.845,27.468,53.56
Egypt,EGY,Country or economy,1997,517.524,29.385,56.78
Egypt,EGY,Country or economy,1998,523.167,31.751,60.69
Egypt,EGY,Country or economy,1999,519.352,34.137,65.73
Egypt,EGY,Country or economy,2000,525.627,38.539,73.32
Egypt,EGY,Country or economy,2001,533.924,43.093,80.71
Egypt,EGY,Country or economy,2002,543.094,46.831,86.23
Egypt,EGY,Country or economy,2003,556.069,51.264,92.19
Egypt,EGY,Country or economy,2004,560.02,55.022,98.25
Egypt,EGY,Country or economy,2005,567.01,59.502,104.94
Egypt,EGY,Country or economy,2006,570.231,63.672,111.66
Egypt,EGY,Country or economy,2007,567.537,68.025,119.86
Egypt,EGY,Country or economy,2008,567.438,73.086,128.8
Egypt,EGY,Country or economy,2009,576.428,77.397,134.27
Egypt,EGY,Country or economy,2010,582.746,84.166,144.43
Egypt,EGY,Country or economy,2011,583.184,87.221,149.56
Egypt,EGY,Country or economy,2012,587.878,95.73,162.84
Egypt,EGY,Country or economy,2013,589.139,97.255,165.08
Egypt,EGY,Country or economy,2014,591.877,101.353,171.24
Egypt,EGY,Country or economy,2015,592.24,107.687,181.83
Egypt,EGY,Country or economy,2016,592.986,111.594,188.19
Egypt,EGY,Country or economy,2017,594.736,114.909,193.21
Egypt,EGY,Country or economy,2018,592.377,118.114,199.39
Egypt,EGY,Country or economy,2019,582.475,116.827,200.57
Egypt,EGY,Country or economy,2020,569.134,113.03,198.6
Egypt,EGY,Country or economy,2021,568.082,119.104,209.66
Egypt,EGY,Country or economy,2022,569.998,123.53,216.72
Egypt,EGY,Country or economy,2023,571.278,126.778,221.92
Egypt,EGY,Country or economy,2024,574.506,136.382,237.39
Egypt,EGY,Country or economy,2025,563.255,138.386,245.69
El Salvador,SLV,Country or economy,2000,308.219,1.125,3.65
El Salvador,SLV,Country or economy,2001,320.732,1.315,4.1
El Salvador,SLV,Country or economy,2002,341.818,1.504,4.4
El Salvador,SLV,Country or economy,2003,307.066,1.434,4.67
El Salvador,SLV,Country or economy,2004,330.021,1.594,4.83
El Salvador,SLV,Country or economy,2005,305.098,1.556,5.1
El Salvador,SLV,Country or economy,2006,295.263,1.683,5.7
El Salvador,SLV,Country or economy,2007,305.734,1.813,5.93
El Salvador,SLV,Country or economy,2008,267.705,1.633,6.1
El Salvador,SLV,Country or economy,2009,309.231,1.809,5.85
El Salvador,SLV,Country or economy,2010,255.207,1.544,6.05
El Salvador,SLV,Country or economy,2011,267.909,1.653,6.17
El Salvador,SLV,Country or economy,2012,288.095,1.815,6.3
El Salvador,SLV,Country or economy,2013,289.082,1.827,6.32
El Salvador,SLV,Country or economy,2014,293.333,1.848,6.3
El Salvador,SLV,Country or economy,2015,309.72,1.88,6.07
El Salvador,SLV,Country or economy,2016,307.305,1.893,6.16
El Salvador,SLV,Country or economy,2017,212.973,1.182,5.55
El Salvador,SLV,Country or economy,2018,195.588,1.064,5.44
El Salvador,SLV,Country or economy,2019,236.143,1.457,6.17
El Salvador,SLV,Country or economy,2020,151.944,0.977,6.43
El Salvador,SLV,Country or economy,2021,145.134,1.029,7.09
El Salvador,SLV,Country or economy,2022,113.273,0.751,6.63
El Salvador,SLV,Country or economy,2023,134.95,0.807,5.98
El Salvador,SLV,Country or economy,2024,113.971,0.744,6.528
El Salvador,SLV,Country or economy,2025,111.342,0.751,6.745
Equatorial Guinea,GNQ,Country or economy,2000,660.0,0.033,0.05
Equatorial Guinea,GNQ,Country or economy,2001,700.0,0.042,0.06
Equatorial Guinea,GNQ,Country or economy,2002,714.286,0.05,0.07
Equatorial Guinea,GNQ,Country or economy,2003,714.286,0.05,0.07
Equatorial Guinea,GNQ,Country or economy,2004,755.556,0.068,0.09
Equatorial Guinea,GNQ,Country or economy,2005,770.0,0.077,0.1
Equatorial Guinea,GNQ,Country or economy,2006,772.727,0.085,0.11
Equatorial Guinea,GNQ,Country or economy,2007,792.308,0.103,0.13
Equatorial Guinea,GNQ,Country or economy,2008,650.0,0.13,0.2
Equatorial Guinea,GNQ,Country or economy,2009,668.182,0.147,0.22
Equatorial Guinea,GNQ,Country or economy,2010,745.455,0.164,0.22
Equatorial Guinea,GNQ,Country or economy,2011,780.0,0.234,0.3
Equatorial Guinea,GNQ,Country or economy,2012,742.593,0.401,0.54
Equatorial Guinea,GNQ,Country or economy,2013,620.0,0.527,0.85
Equatorial Guinea,GNQ,Country or economy,2014,574.312,0.626,1.09
Equatorial Guinea,GNQ,Country or economy,2015,563.846,0.733,1.3
Equatorial Guinea,GNQ,Country or economy,2016,585.714,0.82,1.4
Equatorial Guinea,GNQ,Country or economy,2017,591.791,0.793,1.34
Equatorial Guinea,GNQ,Country or economy,2018,594.074,0.802,1.35
Equatorial Guinea,GNQ,Country or economy,2019,597.857,0.837,1.4
Equatorial Guinea,GNQ,Country or economy,2020,575.887,0.812,1.41
Equatorial Guinea,GNQ,Country or economy,2021,591.608,0.846,1.43
Equatorial Guinea,GNQ,Country or economy,2022,600.662,0.907,1.51
Equatorial Guinea,GNQ,Country or economy,2023,662.937,0.948,1.43
Equatorial Guinea,GNQ,Country or economy,2024,642.953,0.958,1.49
Eritrea,ERI,Country or economy,2000,657.143,0.138,0.21
Eritrea,ERI,Country or economy,2001,656.522,0.151,0.23
Eritrea,ERI,Country or economy,2002,657.692,0.171,0.26
Eritrea,ERI,Country or economy,2003,657.143,0.184,0.28
Eritrea,ERI,Country or economy,2004,657.143,0.184,0.28
Eritrea,ERI,Country or economy,2005,658.621,0.191,0.29
Eritrea,ERI,Country or economy,2006,659.259,0.178,0.27
Eritrea,ERI,Country or economy,2007,658.621,0.191,0.29
Eritrea,ERI,Country or economy,2008,657.143,0.184,0.28
Eritrea,ERI,Country or economy,2009,658.621,0.191,0.29
Eritrea,ERI,Country or economy,2010,658.065,0.204,0.31
Eritrea,ERI,Country or economy,2011,659.375,0.211,0.32
Eritrea,ERI,Country or economy,2012,659.375,0.211,0.32
Eritrea,ERI,Country or economy,2013,659.259,0.178,0.27
Eritrea,ERI,Country or economy,2014,659.259,0.178,0.27
Eritrea,ERI,Country or economy,2015,657.692,0.171,0.26
Eritrea,ERI,Country or economy,2016,659.259,0.178,0.27
Eritrea,ERI,Country or economy,2017,641.176,0.218,0.34
Eritrea,ERI,Country or economy,2018,579.487,0.226,0.39
Eritrea,ERI,Country or economy,2019,582.5,0.233,0.4
Eritrea,ERI,Country or economy,2020,582.927,0.239,0.41
Eritrea,ERI,Country or economy,2021,585.714,0.246,0.42
Eritrea,ERI,Country or economy,2022,588.636,0.259,0.44
Eritrea,ERI,Country or economy,2023,595.918,0.292,0.49
Eritrea,ERI,Country or economy,2024,591.111,0.266,0.45
Estonia,EST,Country or economy,1990,639.639,10.989,17.18
Estonia,EST,Country or economy,1991,636.227,9.308,14.63
Estonia,EST,Country or economy,1992,649.958,7.689,11.83
Estonia,EST,Country or economy,1993,653.289,5.958,9.12
Estonia,EST,Country or economy,1994,650.055,5.948,9.15
Estonia,EST,Country or economy,1995,647.641,5.628,8.69
Estonia,EST,Country or economy,1996,647.525,5.886,9.09
Estonia,EST,Country or economy,1997,648.265,5.977,9.22
Estonia,EST,Country or economy,1998,647.135,5.533,8.55
Estonia,EST,Country or economy,1999,648.368,5.362,8.27
Estonia,EST,Country or economy,2000,634.313,5.398,8.51
Estonia,EST,Country or economy,2001,633.451,5.378,8.49
Estonia,EST,Country or economy,2002,635.756,5.423,8.53
Estonia,EST,Country or economy,2003,639.272,6.495,10.16
Estonia,EST,Country or economy,2004,639.185,6.59,10.31
Estonia,EST,Country or economy,2005,634.412,6.471,10.2
Estonia,EST,Country or economy,2006,631.963,6.149,9.73
Estonia,EST,Country or economy,2007,641.954,7.819,12.18
Estonia,EST,Country or economy,2008,633.554,6.703,10.58
Estonia,EST,Country or economy,2009,621.412,5.456,8.78
Estonia,EST,Country or economy,2010,609.792,7.909,12.97
Estonia,EST,Country or economy,2011,604.888,7.797,12.89
Estonia,EST,Country or economy,2012,592.14,7.082,11.96
Estonia,EST,Country or economy,2013,606.476,8.054,13.28
Estonia,EST,Country or economy,2014,596.707,7.429,12.45
Estonia,EST,Country or economy,2015,573.3,5.819,10.15
Estonia,EST,Country or economy,2016,587.757,7.153,12.17
Estonia,EST,Country or economy,2017,582.675,7.668,13.16
Estonia,EST,Country or economy,2018,574.212,7.103,12.37
Estonia,EST,Country or economy,2019,511.432,3.892,7.61
Estonia,EST,Country or economy,2020,404.441,2.459,6.08
Estonia,EST,Country or economy,2021,450.348,3.238,7.19
Estonia,EST,Country or economy,2022,487.472,4.358,8.94
Estonia,EST,Country or economy,2023,395.296,2.269,5.74
Estonia,EST,Country or economy,2024,344.165,2.15,6.247
Estonia,EST,Country or economy,2025,318.56,1.955,6.137
Eswatini,SWZ,Country or economy,2000,171.212,0.113,0.66
Eswatini,SWZ,Country or economy,2001,174.286,0.122,0.7
Eswatini,SWZ,Country or economy,2002,188.889,0.136,0.72
Eswatini,SWZ,Country or economy,2003,209.375,0.134,0.64
Eswatini,SWZ,Country or economy,2004,215.517,0.125,0.58
Eswatini,SWZ,Country or economy,2005,185.484,0.115,0.62
Eswatini,SWZ,Country or economy,2006,191.304,0.132,0.69
Eswatini,SWZ,Country or economy,2007,185.915,0.132,0.71
Eswatini,SWZ,Country or economy,2008,188.406,0.13,0.69
Eswatini,SWZ,Country or economy,2009,175.758,0.116,0.66
Eswatini,SWZ,Country or economy,2010,168.919,0.125,0.74
Eswatini,SWZ,Country or economy,2011,143.103,0.083,0.58
Eswatini,SWZ,Country or economy,2012,171.154,0.089,0.52
Eswatini,SWZ,Country or economy,2013,155.0,0.093,0.6
Eswatini,SWZ,Country or economy,2014,152.083,0.073,0.48
Eswatini,SWZ,Country or economy,2015,192.105,0.073,0.38
Eswatini,SWZ,Country or economy,2016,211.111,0.076,0.36
Eswatini,SWZ,Country or economy,2017,153.488,0.066,0.43
Eswatini,SWZ,Country or economy,2018,138.776,0.068,0.49
Eswatini,SWZ,Country or economy,2019,181.633,0.089,0.49
Eswatini,SWZ,Country or economy,2020,155.102,0.076,0.49
Eswatini,SWZ,Country or economy,2021,135.294,0.069,0.51
Eswatini,SWZ,Country or economy,2022,127.273,0.07,0.55
Eswatini,SWZ,Country or economy,2023,113.636,0.075,0.66
Eswatini,SWZ,Country or economy,2024,119.672,0.073,0.61
Ethiopia,ETH,Country or economy,2000,36.095,0.061,1.69
Ethiopia,ETH,Country or economy,2001,34.804,0.071,2.04
Ethiopia,ETH,Country or economy,2002,33.495,0.069,2.06
Ethiopia,ETH,Country or economy,2003,33.476,0.078,2.33
Ethiopia,ETH,Country or economy,2004,32.296,0.083,2.57
Ethiopia,ETH,Country or economy,2005,29.861,0.086,2.88
Ethiopia,ETH,Country or economy,2006,31.118,0.103,3.31
Ethiopia,ETH,Country or economy,2007,33.528,0.115,3.43
Ethiopia,ETH,Country or economy,2008,28.529,0.095,3.33
Ethiopia,ETH,Country or economy,2009,37.017,0.134,3.62
Ethiopia,ETH,Country or economy,2010,32.535,0.163,5.01
Ethiopia,ETH,Country or economy,2011,30.284,0.192,6.34
Ethiopia,ETH,Country or economy,2012,26.156,0.198,7.57
Ethiopia,ETH,Country or economy,2013,24.567,0.213,8.67
Ethiopia,ETH,Country or economy,2014,23.654,0.224,9.47
Ethiopia,ETH,Country or economy,2015,23.292,0.242,10.39
Ethiopia,ETH,Country or economy,2016,23.416,0.292,12.47
Ethiopia,ETH,Country or economy,2017,23.552,0.309,13.12
Ethiopia,ETH,Country or economy,2018,23.682,0.337,14.23
Ethiopia,ETH,Country or economy,2019,23.775,0.364,15.31
Ethiopia,ETH,Country or economy,2020,24.008,0.375,15.62
Ethiopia,ETH,Country or economy,2021,23.321,0.368,15.78
Ethiopia,ETH,Country or economy,2022,23.492,0.409,17.41
Ethiopia,ETH,Country or economy,2023,23.523,0.418,17.77
Ethiopia,ETH,Country or economy,2024,23.492,0.592,25.2
Ethiopia,ETH,Country or economy,2025,23.404,0.781,33.37
Europe,,Region,2000,426.191,1908.589,4478.25
Europe,,Region,2001,421.561,1921.941,4559.11
Europe,,Region,2002,426.232,1959.45,4597.14
Europe,,Region,2003,433.256,2040.153,4708.89
Europe,,Region,2004,420.932,2025.391,4811.68
Europe,,Region,2005,420.587,2058.339,4893.97
Europe,,Region,2006,425.439,2123.64,4991.64
Europe,,Region,2007,428.171,2169.8,5067.6
Europe,,Region,2008,419.842,2147.622,5115.31
Europe,,Region,2009,405.132,1973.361,4870.91
Europe,,Region,2010,397.928,2026.008,5091.39
Europe,,Region,2011,405.083,2054.751,5072.42
Europe,,Region,2012,402.937,2060.393,5113.44
Europe,,Region,2013,389.732,1976.672,5071.88
Europe,,Region,2014,379.29,1896.265,4999.51
Europe,,Region,2015,373.209,1882.913,5045.2
Europe,,Region,2016,367.032,1874.293,5106.62
Europe,,Region,2017,363.523,1870.112,5144.41
Europe,,Region,2018,351.507,1816.606,5168.05
Europe,,Region,2019,329.499,1686.974,5119.81
Europe,,Region,2020,307.275,1524.195,4960.361
Europe,,Region,2021,316.835,1645.476,5193.48
Europe,,Region,2022,329.361,1661.801,5045.53
Europe,,Region,2023,299.237,1490.189,4979.97
Europe,,Region,2024,283.922,1445.639,5091.677
Europe,,Region,2025,283.737,1450.33,5111.531
Falkland Islands (Malvinas),FLK,Country or economy,2000,700.0,0.007,0.01
Falkland Islands (Malvinas),FLK,Country or economy,2001,700.0,0.007,0.01
Falkland Islands (Malvinas),FLK,Country or economy,2002,700.0,0.007,0.01
Falkland Islands (Malvinas),FLK,Country or economy,2003,700.0,0.007,0.01
Falkland Islands (Malvinas),FLK,Country or economy,2004,700.0,0.007,0.01
Falkland Islands (Malvinas),FLK,Country or economy,2005,700.0,0.007,0.01
Falkland Islands (Malvinas),FLK,Country or economy,2006,650.0,0.013,0.02
Falkland Islands (Malvinas),FLK,Country or economy,2007,650.0,0.013,0.02
Falkland Islands (Malvinas),FLK,Country or economy,2008,700.0,0.007,0.01
Falkland Islands (Malvinas),FLK,Country or economy,2009,700.0,0.007,0.01
Falkland Islands (Malvinas),FLK,Country or economy,2010,700.0,0.007,0.01
Falkland Islands (Malvinas),FLK,Country or economy,2011,350.0,0.007,0.02
Falkland Islands (Malvinas),FLK,Country or economy,2012,350.0,0.007,0.02
Falkland Islands (Malvinas),FLK,Country or economy,2013,350.0,0.007,0.02
Falkland Islands (Malvinas),FLK,Country or economy,2014,350.0,0.007,0.02
Falkland Islands (Malvinas),FLK,Country or economy,2015,350.0,0.007,0.02
Falkland Islands (Malvinas),FLK,Country or economy,2016,350.0,0.007,0.02
Falkland Islands (Malvinas),FLK,Country or economy,2017,700.0,0.007,0.01
Falkland Islands (Malvinas),FLK,Country or economy,2018,700.0,0.007,0.01
Falkland Islands (Malvinas),FLK,Country or economy,2019,700.0,0.007,0.01
Falkland Islands (Malvinas),FLK,Country or economy,2020,700.0,0.007,0.01
Falkland Islands (Malvinas),FLK,Country or economy,2021,700.0,0.007,0.01
Falkland Islands (Malvinas),FLK,Country or economy,2022,700.0,0.007,0.01
Falkland Islands (Malvinas),FLK,Country or economy,2023,700.0,0.007,0.01
Faroe Islands,FRO,Country or economy,2000,427.273,0.094,0.22
Faroe Islands,FRO,Country or economy,2001,445.833,0.107,0.24
Faroe Islands,FRO,Country or economy,2002,391.667,0.094,0.24
Faroe Islands,FRO,Country or economy,2003,445.833,0.107,0.24
Faroe Islands,FRO,Country or economy,2004,404.0,0.101,0.25
Faroe Islands,FRO,Country or economy,2005,380.0,0.095,0.25
Faroe Islands,FRO,Country or economy,2006,380.0,0.095,0.25
Faroe Islands,FRO,Country or economy,2007,374.074,0.101,0.27
Faroe Islands,FRO,Country or economy,2008,422.222,0.114,0.27
Faroe Islands,FRO,Country or economy,2009,422.222,0.114,0.27
Faroe Islands,FRO,Country or economy,2010,475.0,0.133,0.28
Faroe Islands,FRO,Country or economy,2011,422.222,0.114,0.27
Faroe Islands,FRO,Country or economy,2012,417.241,0.121,0.29
Faroe Islands,FRO,Country or economy,2013,417.241,0.121,0.29
Faroe Islands,FRO,Country or economy,2014,329.032,0.102,0.31
Faroe Islands,FRO,Country or economy,2015,278.125,0.089,0.32
Faroe Islands,FRO,Country or economy,2016,348.387,0.108,0.31
Faroe Islands,FRO,Country or economy,2017,330.303,0.109,0.33
Faroe Islands,FRO,Country or economy,2018,348.571,0.122,0.35
Faroe Islands,FRO,Country or economy,2019,405.263,0.154,0.38
Faroe Islands,FRO,Country or economy,2020,409.756,0.168,0.41
Faroe Islands,FRO,Country or economy,2021,409.302,0.176,0.43
Faroe Islands,FRO,Country or economy,2022,364.583,0.175,0.48
Faroe Islands,FRO,Country or economy,2023,361.224,0.177,0.49
Fiji,FJI,Country or economy,2000,234.667,0.176,0.75
Fiji,FJI,Country or economy,2001,216.456,0.171,0.79
Fiji,FJI,Country or economy,2002,244.578,0.203,0.83
Fiji,FJI,Country or economy,2003,343.678,0.299,0.87
Fiji,FJI,Country or economy,2004,326.136,0.287,0.88
Fiji,FJI,Country or economy,2005,351.685,0.313,0.89
Fiji,FJI,Country or economy,2006,354.444,0.319,0.9
Fiji,FJI,Country or economy,2007,242.697,0.216,0.89
Fiji,FJI,Country or economy,2008,239.286,0.201,0.84
Fiji,FJI,Country or economy,2009,269.88,0.224,0.83
Fiji,FJI,Country or economy,2010,335.227,0.295,0.88
Fiji,FJI,Country or economy,2011,301.176,0.256,0.85
Fiji,FJI,Country or economy,2012,246.512,0.212,0.86
Fiji,FJI,Country or economy,2013,263.636,0.232,0.88
Fiji,FJI,Country or economy,2014,359.341,0.327,0.91
Fiji,FJI,Country or economy,2015,359.14,0.334,0.93
Fiji,FJI,Country or economy,2016,314.737,0.299,0.95
Fiji,FJI,Country or economy,2017,343.137,0.35,1.02
Fiji,FJI,Country or economy,2018,297.273,0.327,1.1
Fiji,FJI,Country or economy,2019,306.14,0.349,1.14
Fiji,FJI,Country or economy,2020,278.704,0.301,1.08
Fiji,FJI,Country or economy,2021,281.132,0.298,1.06
Fiji,FJI,Country or economy,2022,280.374,0.3,1.07
Fiji,FJI,Country or economy,2023,275.652,0.317,1.15
Fiji,FJI,Country or economy,2024,275.652,0.317,1.15
Finland,FIN,Country or economy,1990,281.696,15.313,54.36
Finland,FIN,Country or economy,1991,276.38,16.019,57.96
Finland,FIN,Country or economy,1992,244.662,14.117,57.7
Finland,FIN,Country or economy,1993,278.333,16.995,61.06
Finland,FIN,Country or economy,1994,336.528,22.083,65.62
Finland,FIN,Country or economy,1995,303.812,19.444,64.0
Finland,FIN,Country or economy,1996,350.902,24.321,69.31
Finland,FIN,Country or economy,1997,318.594,22.018,69.11
Finland,FIN,Country or economy,1998,250.05,17.531,70.11
Finland,FIN,Country or economy,1999,262.864,18.248,69.42
Finland,FIN,Country or economy,2000,246.663,17.259,69.97
Finland,FIN,Country or economy,2001,284.876,21.209,74.45
Finland,FIN,Country or economy,2002,316.177,23.688,74.92
Finland,FIN,Country or economy,2003,371.369,31.299,84.28
Finland,FIN,Country or economy,2004,325.361,27.929,85.84
Finland,FIN,Country or economy,2005,230.811,16.286,70.56
Finland,FIN,Country or economy,2006,335.873,27.639,82.29
Finland,FIN,Country or economy,2007,309.191,25.097,81.17
Finland,FIN,Country or economy,2008,246.18,19.042,77.35
Finland,FIN,Country or economy,2009,276.131,19.898,72.06
Finland,FIN,Country or economy,2010,314.856,25.39,80.64
Finland,FIN,Country or economy,2011,268.095,19.705,73.5
Finland,FIN,Country or economy,2012,215.197,15.152,70.41
Finland,FIN,Country or economy,2013,257.48,18.348,71.26
Finland,FIN,Country or economy,2014,226.549,15.428,68.1
Finland,FIN,Country or economy,2015,181.971,12.485,68.61
Finland,FIN,Country or economy,2016,199.651,13.726,68.75
Finland,FIN,Country or economy,2017,186.33,12.581,67.52
Finland,FIN,Country or economy,2018,193.536,13.592,70.23
Finland,FIN,Country or economy,2019,171.491,11.766,68.61
Finland,FIN,Country or economy,2020,130.459,9.033,69.24
Finland,FIN,Country or economy,2021,135.723,9.787,72.11
Finland,FIN,Country or economy,2022,129.915,9.376,72.17
Finland,FIN,Country or economy,2023,81.403,6.636,81.52
Finland,FIN,Country or economy,2024,66.905,5.513,82.4
Finland,FIN,Country or economy,2025,57.242,4.706,82.212
France,FRA,Country or economy,1990,104.238,43.367,416.04
France,FRA,Country or economy,1991,121.69,54.802,450.34
France,FRA,Country or economy,1992,101.919,46.734,458.54
France,FRA,Country or economy,1993,68.746,32.178,468.07
France,FRA,Country or economy,1994,67.262,31.804,472.84
France,FRA,Country or economy,1995,73.472,35.958,489.41
France,FRA,Country or economy,1996,79.208,40.221,507.79
France,FRA,Country or economy,1997,70.832,35.367,499.31
France,FRA,Country or economy,1998,96.756,48.952,505.93
France,FRA,Country or economy,1999,87.372,45.393,519.54
France,FRA,Country or economy,2000,79.76,42.477,532.56
France,FRA,Country or economy,2001,68.616,37.231,542.6
France,FRA,Country or economy,2002,75.216,41.462,551.24
France,FRA,Country or economy,2003,80.861,45.212,559.13
France,FRA,Country or economy,2004,77.173,43.703,566.3
France,FRA,Country or economy,2005,85.529,48.678,569.14
France,FRA,Country or economy,2006,76.575,43.441,567.3
France,FRA,Country or economy,2007,80.115,45.012,561.84
France,FRA,Country or economy,2008,76.024,43.104,566.98
France,FRA,Country or economy,2009,75.58,39.972,528.87
France,FRA,Country or economy,2010,78.551,44.174,562.36
France,FRA,Country or economy,2011,74.645,42.373,567.66
France,FRA,Country or economy,2012,77.602,44.046,567.59
France,FRA,Country or economy,2013,76.284,43.997,576.75
France,FRA,Country or economy,2014,52.187,29.554,566.31
France,FRA,Country or economy,2015,59.187,33.982,574.15
France,FRA,Country or economy,2016,68.597,38.335,558.84
France,FRA,Country or economy,2017,78.333,43.533,555.74
France,FRA,Country or economy,2018,59.94,34.54,576.24
France,FRA,Country or economy,2019,59.795,33.815,565.52
France,FRA,Country or economy,2020,59.095,31.158,527.25
France,FRA,Country or economy,2021,59.801,32.909,550.31
France,FRA,Country or economy,2022,78.553,36.792,468.37
France,FRA,Country or economy,2023,53.286,27.642,518.75
France,FRA,Country or economy,2024,40.337,22.77,564.493
France,FRA,Country or economy,2025,41.224,23.678,574.37
French Guiana,GUF,Country or economy,2000,93.478,0.043,0.46
French Guiana,GUF,Country or economy,2001,213.333,0.128,0.6
French Guiana,GUF,Country or economy,2002,234.921,0.148,0.63
French Guiana,GUF,Country or economy,2003,335.821,0.225,0.67
French Guiana,GUF,Country or economy,2004,270.149,0.181,0.67
French Guiana,GUF,Country or economy,2005,273.239,0.194,0.71
French Guiana,GUF,Country or economy,2006,189.041,0.138,0.73
French Guiana,GUF,Country or economy,2007,223.288,0.163,0.73
French Guiana,GUF,Country or economy,2008,234.667,0.176,0.75
French Guiana,GUF,Country or economy,2009,373.077,0.291,0.78
French Guiana,GUF,Country or economy,2010,301.205,0.25,0.83
French Guiana,GUF,Country or economy,2011,272.289,0.226,0.83
French Guiana,GUF,Country or economy,2012,220.225,0.196,0.89
French Guiana,GUF,Country or economy,2013,276.404,0.246,0.89
French Guiana,GUF,Country or economy,2014,275.0,0.253,0.92
French Guiana,GUF,Country or economy,2015,286.022,0.266,0.93
French Guiana,GUF,Country or economy,2016,313.187,0.285,0.91
French Guiana,GUF,Country or economy,2017,233.696,0.215,0.92
French Guiana,GUF,Country or economy,2018,252.688,0.235,0.93
French Guiana,GUF,Country or economy,2019,347.368,0.33,0.95
French Guiana,GUF,Country or economy,2020,327.368,0.311,0.95
French Guiana,GUF,Country or economy,2021,222.68,0.216,0.97
French Guiana,GUF,Country or economy,2022,213.684,0.203,0.95
French Guiana,GUF,Country or economy,2023,257.143,0.252,0.98
French Polynesia,PYF,Country or economy,2000,473.171,0.194,0.41
French Polynesia,PYF,Country or economy,2001,507.143,0.213,0.42
French Polynesia,PYF,Country or economy,2002,478.261,0.22,0.46
French Polynesia,PYF,Country or economy,2003,455.319,0.214,0.47
French Polynesia,PYF,Country or economy,2004,446.296,0.241,0.54
French Polynesia,PYF,Country or economy,2005,433.333,0.221,0.51
French Polynesia,PYF,Country or economy,2006,418.868,0.222,0.53
French Polynesia,PYF,Country or economy,2007,403.636,0.222,0.55
French Polynesia,PYF,Country or economy,2008,424.561,0.242,0.57
French Polynesia,PYF,Country or economy,2009,427.586,0.248,0.58
French Polynesia,PYF,Country or economy,2010,441.772,0.349,0.79
French Polynesia,PYF,Country or economy,2011,460.811,0.341,0.74
French Polynesia,PYF,Country or economy,2012,473.611,0.341,0.72
French Polynesia,PYF,Country or economy,2013,500.0,0.34,0.68
French Polynesia,PYF,Country or economy,2014,472.059,0.321,0.68
French Polynesia,PYF,Country or economy,2015,472.059,0.321,0.68
French Polynesia,PYF,Country or economy,2016,463.235,0.315,0.68
French Polynesia,PYF,Country or economy,2017,456.522,0.315,0.69
French Polynesia,PYF,Country or economy,2018,473.529,0.322,0.68
French Polynesia,PYF,Country or economy,2019,475.362,0.328,0.69
French Polynesia,PYF,Country or economy,2020,466.667,0.308,0.66
French Polynesia,PYF,Country or economy,2021,477.273,0.315,0.66
French Polynesia,PYF,Country or economy,2022,445.07,0.316,0.71
French Polynesia,PYF,Country or economy,2023,445.07,0.316,0.71
French Polynesia,PYF,Country or economy,2024,440.278,0.317,0.72
G20,,Region,2000,537.444,7027.974,13076.669
G20,,Region,2001,537.68,7116.032,13234.686
G20,,Region,2002,541.41,7405.431,13678.039
G20,,Region,2003,554.29,7856.539,14174.047
G20,,Region,2004,548.253,8129.836,14828.622
G20,,Region,2005,553.704,8531.004,15407.156
G20,,Region,2006,555.799,8890.977,15996.761
G20,,Region,2007,564.76,9459.299,16749.226
G20,,Region,2008,556.295,9486.362,17052.748
G20,,Region,2009,550.83,9296.179,16876.665
G20,,Region,2010,550.743,9909.839,17993.594
G20,,Region,2011,558.165,10400.862,18634.023
G20,,Region,2012,556.185,10574.856,19013.201
G20,,Region,2013,556.45,10878.802,19550.351
G20,,Region,2014,551.082,11037.347,20028.502
G20,,Region,2015,536.933,10826.503,20163.62
G20,,Region,2016,526.841,10908.934,20706.331
G20,,Region,2017,524.21,11199.673,21364.867
G20,,Region,2018,519.914,11566.034,22246.06
G20,,Region,2019,504.598,11372.491,22537.719
G20,,Region,2020,489.563,10971.882,22411.576
G20,,Region,2021,494.886,11748.337,23739.486
G20,,Region,2022,489.775,11917.634,24332.852
G20,,Region,2023,483.263,12061.301,24958.033
G20,,Region,2024,469.993,12257.643,26080.486
G20,,Region,2025,455.68,12224.566,26827.071
G7,,Region,2000,499.825,3625.781,7254.1
G7,,Region,2001,499.783,3586.784,7176.68
G7,,Region,2002,497.559,3655.495,7346.86
G7,,Region,2003,509.281,3766.357,7395.44
G7,,Region,2004,500.279,3769.691,7535.17
G7,,Region,2005,502.108,3858.206,7684.02
G7,,Region,2006,494.921,3820.836,7720.1
G7,,Region,2007,502.643,3947.153,7852.79
G7,,Region,2008,495.93,3881.218,7826.14
G7,,Region,2009,474.297,3532.402,7447.66
G7,,Region,2010,476.863,3692.005,7742.27
G7,,Region,2011,472.0,3620.401,7670.34
G7,,Region,2012,476.272,3634.243,7630.61
G7,,Region,2013,472.312,3613.091,7649.8
G7,,Region,2014,464.372,3534.504,7611.37
G7,,Region,2015,444.568,3381.863,7607.08
G7,,Region,2016,429.413,3282.382,7643.88
G7,,Region,2017,416.86,3180.24,7629.03
G7,,Region,2018,407.187,3165.483,7774.02
G7,,Region,2019,386.118,2951.589,7644.27
G7,,Region,2020,365.968,2704.949,7391.211
G7,,Region,2021,375.632,2840.985,7563.22
G7,,Region,2022,376.085,2870.105,7631.54
G7,,Region,2023,353.469,2644.508,7481.58
G7,,Region,2024,342.596,2621.627,7652.235
G7,,Region,2025,342.517,2682.901,7832.893
Gabon,GAB,Country or economy,2000,303.817,0.398,1.31
Gabon,GAB,Country or economy,2001,306.429,0.429,1.4
Gabon,GAB,Country or economy,2002,308.844,0.454,1.47
Gabon,GAB,Country or economy,2003,333.333,0.51,1.53
Gabon,GAB,Country or economy,2004,333.333,0.51,1.53
Gabon,GAB,Country or economy,2005,375.159,0.589,1.57
Gabon,GAB,Country or economy,2006,337.349,0.56,1.66
Gabon,GAB,Country or economy,2007,406.358,0.703,1.73
Gabon,GAB,Country or economy,2008,404.42,0.732,1.81
Gabon,GAB,Country or economy,2009,402.186,0.736,1.83
Gabon,GAB,Country or economy,2010,446.632,0.862,1.93
Gabon,GAB,Country or economy,2011,494.089,1.003,2.03
Gabon,GAB,Country or economy,2012,482.407,1.042,2.16
Gabon,GAB,Country or economy,2013,456.459,0.954,2.09
Gabon,GAB,Country or economy,2014,501.508,0.998,1.99
Gabon,GAB,Country or economy,2015,479.245,1.016,2.12
Gabon,GAB,Country or economy,2016,526.941,1.154,2.19
Gabon,GAB,Country or economy,2017,495.089,1.109,2.24
Gabon,GAB,Country or economy,2018,439.928,1.223,2.78
Gabon,GAB,Country or economy,2019,443.662,1.26,2.84
Gabon,GAB,Country or economy,2020,426.621,1.25,2.93
Gabon,GAB,Country or economy,2021,440.203,1.303,2.96
Gabon,GAB,Country or economy,2022,426.959,1.362,3.19
Gabon,GAB,Country or economy,2023,524.324,1.358,2.59
Gabon,GAB,Country or economy,2024,525.385,1.366,2.6
Gambia,GMB,Country or economy,2000,661.538,0.086,0.13
Gambia,GMB,Country or economy,2001,660.0,0.099,0.15
Gambia,GMB,Country or economy,2002,660.0,0.099,0.15
Gambia,GMB,Country or economy,2003,658.824,0.112,0.17
Gambia,GMB,Country or economy,2004,657.895,0.125,0.19
Gambia,GMB,Country or economy,2005,660.0,0.132,0.2
Gambia,GMB,Country or economy,2006,659.091,0.145,0.22
Gambia,GMB,Country or economy,2007,656.522,0.151,0.23
Gambia,GMB,Country or economy,2008,658.333,0.158,0.24
Gambia,GMB,Country or economy,2009,658.333,0.158,0.24
Gambia,GMB,Country or economy,2010,656.0,0.164,0.25
Gambia,GMB,Country or economy,2011,656.0,0.164,0.25
Gambia,GMB,Country or economy,2012,656.0,0.164,0.25
Gambia,GMB,Country or economy,2013,656.0,0.164,0.25
Gambia,GMB,Country or economy,2014,656.0,0.164,0.25
Gambia,GMB,Country or economy,2015,657.143,0.184,0.28
Gambia,GMB,Country or economy,2016,656.667,0.197,0.3
Gambia,GMB,Country or economy,2017,658.065,0.204,0.31
Gambia,GMB,Country or economy,2018,658.974,0.257,0.39
Gambia,GMB,Country or economy,2019,658.696,0.303,0.46
Gambia,GMB,Country or economy,2020,658.333,0.316,0.48
Gambia,GMB,Country or economy,2021,658.0,0.329,0.5
Gambia,GMB,Country or economy,2022,658.824,0.336,0.51
Gambia,GMB,Country or economy,2023,658.824,0.336,0.51
Gambia,GMB,Country or economy,2024,658.824,0.336,0.51
Georgia,GEO,Country or economy,2000,152.174,1.12,7.36
Georgia,GEO,Country or economy,2001,145.64,1.002,6.88
Georgia,GEO,Country or economy,2002,65.09,0.468,7.19
Georgia,GEO,Country or economy,2003,78.31,0.556,7.1
Georgia,GEO,Country or economy,2004,100.583,0.69,6.86
Georgia,GEO,Country or economy,2005,110.556,0.796,7.2
Georgia,GEO,Country or economy,2006,202.008,1.509,7.47
Georgia,GEO,Country or economy,2007,147.882,1.257,8.5
Georgia,GEO,Country or economy,2008,116.348,0.975,8.38
Georgia,GEO,Country or economy,2009,95.438,0.795,8.33
Georgia,GEO,Country or economy,2010,64.925,0.646,9.95
Georgia,GEO,Country or economy,2011,156.487,1.568,10.02
Georgia,GEO,Country or economy,2012,178.274,1.715,9.62
Georgia,GEO,Country or economy,2013,131.663,1.314,9.98
Georgia,GEO,Country or economy,2014,143.052,1.472,10.29
Georgia,GEO,Country or economy,2015,156.93,1.687,10.75
Georgia,GEO,Country or economy,2016,141.514,1.626,11.49
Georgia,GEO,Country or economy,2017,141.434,1.618,11.44
Georgia,GEO,Country or economy,2018,129.319,1.557,12.04
Georgia,GEO,Country or economy,2019,167.707,1.989,11.86
Georgia,GEO,Country or economy,2020,175.717,1.961,11.16
Georgia,GEO,Country or economy,2021,136.946,1.731,12.64
Georgia,GEO,Country or economy,2022,166.807,2.377,14.25
Georgia,GEO,Country or economy,2023,167.568,2.418,14.43
Georgia,GEO,Country or economy,2024,145.083,2.021,13.93
Georgia,GEO,Country or economy,2025,146.867,1.983,13.502
Germany,DEU,Country or economy,1985,431.19,12.069,27.99
Germany,DEU,Country or economy,1986,431.198,12.854,29.81
Germany,DEU,Country or economy,1987,431.189,14.212,32.96
Germany,DEU,Country or economy,1988,431.201,14.29,33.14
Germany,DEU,Country or economy,1989,431.208,16.636,38.58
Germany,DEU,Country or economy,1990,622.213,337.401,542.26
Germany,DEU,Country or economy,1991,628.255,336.757,536.02
Germany,DEU,Country or economy,1992,605.139,323.005,533.77
Germany,DEU,Country or economy,1993,607.806,316.497,520.72
Germany,DEU,Country or economy,1994,604.299,314.87,521.05
Germany,DEU,Country or economy,1995,596.363,316.502,530.72
Germany,DEU,Country or economy,1996,591.327,324.183,548.23
Germany,DEU,Country or economy,1997,575.326,314.341,546.37
Germany,DEU,Country or economy,1998,587.041,322.438,549.26
Germany,DEU,Country or economy,1999,566.41,311.112,549.27
Germany,DEU,Country or economy,2000,573.152,326.095,568.95
Germany,DEU,Country or economy,2001,565.489,327.384,578.94
Germany,DEU,Country or economy,2002,569.606,332.513,583.76
Germany,DEU,Country or economy,2003,570.006,343.161,602.03
Germany,DEU,Country or economy,2004,554.706,338.149,609.6
Germany,DEU,Country or economy,2005,546.297,335.066,613.34
Germany,DEU,Country or economy,2006,536.209,337.919,630.2
Germany,DEU,Country or economy,2007,551.803,348.243,631.1
Germany,DEU,Country or economy,2008,525.4,332.205,632.29
Germany,DEU,Country or economy,2009,521.552,306.652,587.96
Germany,DEU,Country or economy,2010,516.651,322.499,624.21
Germany,DEU,Country or economy,2011,529.671,320.451,605.0
Germany,DEU,Country or economy,2012,534.148,331.07,619.81
Germany,DEU,Country or economy,2013,538.03,338.792,629.69
Germany,DEU,Country or economy,2014,521.697,322.8,618.75
Germany,DEU,Country or economy,2015,503.592,321.881,639.17
Germany,DEU,Country or economy,2016,498.307,319.674,641.52
Germany,DEU,Country or economy,2017,469.705,302.706,644.46
Germany,DEU,Country or economy,2018,454.522,287.385,632.28
Germany,DEU,Country or economy,2019,392.484,235.526,600.09
Germany,DEU,Country or economy,2020,355.628,201.552,566.75
Germany,DEU,Country or economy,2021,394.651,228.436,578.83
Germany,DEU,Country or economy,2022,419.708,237.924,566.88
Germany,DEU,Country or economy,2023,363.587,184.237,506.72
Germany,DEU,Country or economy,2024,339.873,167.156,491.819
Germany,DEU,Country or economy,2025,334.117,166.068,497.035
Ghana,GHA,Country or economy,2000,78.94,0.566,7.17
Ghana,GHA,Country or economy,2001,126.376,0.987,7.81
Ghana,GHA,Country or economy,2002,222.008,1.614,7.27
Ghana,GHA,Country or economy,2003,242.007,1.423,5.88
Ghana,GHA,Country or economy,2004,104.5,0.627,6.0
Ghana,GHA,Country or economy,2005,133.234,0.898,6.74
Ghana,GHA,Country or economy,2006,237.187,1.99,8.39
Ghana,GHA,Country or economy,2007,321.121,2.235,6.96
Ghana,GHA,Country or economy,2008,189.663,1.578,8.32
Ghana,GHA,Country or economy,2009,174.049,1.556,8.94
Ghana,GHA,Country or economy,2010,231.225,2.34,10.12
Ghana,GHA,Country or economy,2011,253.935,2.872,11.31
Ghana,GHA,Country or economy,2012,251.193,3.052,12.15
Ghana,GHA,Country or economy,2013,266.821,3.466,12.99
Ghana,GHA,Country or economy,2014,268.807,3.516,13.08
Ghana,GHA,Country or economy,2015,369.072,4.296,11.64
Ghana,GHA,Country or economy,2016,410.478,5.406,13.17
Ghana,GHA,Country or economy,2017,407.594,5.421,13.3
Ghana,GHA,Country or economy,2018,422.535,6.3,14.91
Ghana,GHA,Country or economy,2019,417.11,7.216,17.3
Ghana,GHA,Country or economy,2020,459.757,9.071,19.73
Ghana,GHA,Country or economy,2021,478.578,10.567,22.08
Ghana,GHA,Country or economy,2022,469.767,10.908,23.22
Ghana,GHA,Country or economy,2023,452.716,11.001,24.3
Ghana,GHA,Country or economy,2024,468.809,11.378,24.27
Greece,GRC,Country or economy,1990,884.123,30.237,34.2
Greece,GRC,Country or economy,1991,838.676,29.513,35.19
Greece,GRC,Country or economy,1992,870.702,32.007,36.76
Greece,GRC,Country or economy,1993,877.445,33.106,37.73
Greece,GRC,Country or economy,1994,875.887,35.053,40.02
Greece,GRC,Country or economy,1995,848.852,34.752,40.94
Greece,GRC,Country or economy,1996,835.381,35.228,42.17
Greece,GRC,Country or economy,1997,850.315,36.402,42.81
Greece,GRC,Country or economy,1998,850.788,38.881,45.7
Greece,GRC,Country or economy,1999,819.738,40.077,48.89
Greece,GRC,Country or economy,2000,822.743,43.556,52.94
Greece,GRC,Country or economy,2001,845.718,44.434,52.54
Greece,GRC,Country or economy,2002,827.567,44.159,53.36
Greece,GRC,Country or economy,2003,790.45,45.277,57.28
Greece,GRC,Country or economy,2004,786.311,45.779,58.22
Greece,GRC,Country or economy,2005,782.445,45.953,58.73
Greece,GRC,Country or economy,2006,743.141,44.15,59.41
Greece,GRC,Country or economy,2007,777.003,48.485,62.4
Greece,GRC,Country or economy,2008,758.877,47.187,62.18
Greece,GRC,Country or economy,2009,747.116,45.081,60.34
Greece,GRC,Country or economy,2010,707.296,40.04,56.61
Greece,GRC,Country or economy,2011,724.825,42.366,58.45
Greece,GRC,Country or economy,2012,703.989,42.176,59.91
Greece,GRC,Country or economy,2013,636.775,35.895,56.37
Greece,GRC,Country or economy,2014,667.574,33.125,49.62
Greece,GRC,Country or economy,2015,603.643,30.816,51.05
Greece,GRC,Country or economy,2016,571.415,30.765,53.84
Greece,GRC,Country or economy,2017,579.763,31.771,54.8
Greece,GRC,Country or economy,2018,544.877,28.666,52.61
Greece,GRC,Country or economy,2019,496.955,23.829,47.95
Greece,GRC,Country or economy,2020,423.111,20.102,47.51
Greece,GRC,Country or economy,2021,383.057,20.777,54.24
Greece,GRC,Country or economy,2022,377.066,19.483,51.67
Greece,GRC,Country or economy,2023,336.685,16.474,48.93
Greece,GRC,Country or economy,2024,321.806,18.369,57.081
Greece,GRC,Country or economy,2025,324.762,18.792,57.864
Greenland,GRL,Country or economy,2000,286.207,0.083,0.29
Greenland,GRL,Country or economy,2001,296.429,0.083,0.28
Greenland,GRL,Country or economy,2002,290.323,0.09,0.31
Greenland,GRL,Country or economy,2003,290.323,0.09,0.31
Greenland,GRL,Country or economy,2004,293.939,0.097,0.33
Greenland,GRL,Country or economy,2005,285.294,0.097,0.34
Greenland,GRL,Country or economy,2006,294.286,0.103,0.35
Greenland,GRL,Country or economy,2007,305.556,0.11,0.36
Greenland,GRL,Country or economy,2008,316.216,0.117,0.37
Greenland,GRL,Country or economy,2009,256.098,0.105,0.41
Greenland,GRL,Country or economy,2010,209.756,0.086,0.41
Greenland,GRL,Country or economy,2011,177.778,0.08,0.45
Greenland,GRL,Country or economy,2012,177.778,0.08,0.45
Greenland,GRL,Country or economy,2013,147.826,0.068,0.46
Greenland,GRL,Country or economy,2014,141.667,0.068,0.48
Greenland,GRL,Country or economy,2015,135.294,0.069,0.51
Greenland,GRL,Country or economy,2016,129.167,0.062,0.48
Greenland,GRL,Country or economy,2017,176.0,0.088,0.5
Greenland,GRL,Country or economy,2018,146.154,0.076,0.52
Greenland,GRL,Country or economy,2019,126.531,0.062,0.49
Greenland,GRL,Country or economy,2020,132.692,0.069,0.52
Greenland,GRL,Country or economy,2021,123.529,0.063,0.51
Greenland,GRL,Country or economy,2022,105.556,0.057,0.54
Greenland,GRL,Country or economy,2023,144.262,0.088,0.61
Greenland,GRL,Country or economy,2024,138.333,0.083,0.6
Grenada,GRD,Country or economy,2000,661.538,0.086,0.13
Grenada,GRD,Country or economy,2001,657.143,0.092,0.14
Grenada,GRD,Country or economy,2002,660.0,0.099,0.15
Grenada,GRD,Country or economy,2003,656.25,0.105,0.16
Grenada,GRD,Country or economy,2004,657.143,0.092,0.14
Grenada,GRD,Country or economy,2005,660.0,0.099,0.15
Grenada,GRD,Country or economy,2006,658.824,0.112,0.17
Grenada,GRD,Country or economy,2007,655.556,0.118,0.18
Grenada,GRD,Country or economy,2008,657.895,0.125,0.19
Grenada,GRD,Country or economy,2009,660.0,0.132,0.2
Grenada,GRD,Country or economy,2010,657.143,0.138,0.21
Grenada,GRD,Country or economy,2011,660.0,0.132,0.2
Grenada,GRD,Country or economy,2012,660.0,0.132,0.2
Grenada,GRD,Country or economy,2013,660.0,0.132,0.2
Grenada,GRD,Country or economy,2014,660.0,0.132,0.2
Grenada,GRD,Country or economy,2015,657.143,0.138,0.21
Grenada,GRD,Country or economy,2016,659.091,0.145,0.22
Grenada,GRD,Country or economy,2017,656.522,0.151,0.23
Grenada,GRD,Country or economy,2018,656.522,0.151,0.23
Grenada,GRD,Country or economy,2019,658.333,0.158,0.24
Grenada,GRD,Country or economy,2020,659.091,0.145,0.22
Grenada,GRD,Country or economy,2021,656.522,0.151,0.23
Grenada,GRD,Country or economy,2022,658.333,0.158,0.24
Grenada,GRD,Country or economy,2023,658.333,0.158,0.24
Grenada,GRD,Country or economy,2024,658.333,0.158,0.24
Guadeloupe,GLP,Country or economy,2000,668.033,0.815,1.22
Guadeloupe,GLP,Country or economy,2001,668.992,0.863,1.29
Guadeloupe,GLP,Country or economy,2002,649.624,0.864,1.33
Guadeloupe,GLP,Country or economy,2003,657.246,0.907,1.38
Guadeloupe,GLP,Country or economy,2004,638.462,0.913,1.43
Guadeloupe,GLP,Country or economy,2005,616.0,0.924,1.5
Guadeloupe,GLP,Country or economy,2006,632.026,0.967,1.53
Guadeloupe,GLP,Country or economy,2007,623.75,0.998,1.6
Guadeloupe,GLP,Country or economy,2008,623.602,1.004,1.61
Guadeloupe,GLP,Country or economy,2009,620.245,1.011,1.63
Guadeloupe,GLP,Country or economy,2010,644.509,1.115,1.73
Guadeloupe,GLP,Country or economy,2011,653.571,1.098,1.68
Guadeloupe,GLP,Country or economy,2012,638.372,1.098,1.72
Guadeloupe,GLP,Country or economy,2013,618.391,1.076,1.74
Guadeloupe,GLP,Country or economy,2014,609.77,1.061,1.74
Guadeloupe,GLP,Country or economy,2015,603.977,1.063,1.76
Guadeloupe,GLP,Country or economy,2016,618.644,1.095,1.77
Guadeloupe,GLP,Country or economy,2017,597.159,1.051,1.76
Guadeloupe,GLP,Country or economy,2018,586.55,1.003,1.71
Guadeloupe,GLP,Country or economy,2019,578.488,0.995,1.72
Guadeloupe,GLP,Country or economy,2020,551.176,0.937,1.7
Guadeloupe,GLP,Country or economy,2021,503.614,0.836,1.66
Guadeloupe,GLP,Country or economy,2022,495.732,0.813,1.64
Guadeloupe,GLP,Country or economy,2023,493.413,0.824,1.67
Guam,GUM,Country or economy,2000,658.247,1.277,1.94
Guam,GUM,Country or economy,2001,657.949,1.283,1.95
Guam,GUM,Country or economy,2002,658.14,1.132,1.72
Guam,GUM,Country or economy,2003,657.865,1.171,1.78
Guam,GUM,Country or economy,2004,657.979,1.237,1.88
Guam,GUM,Country or economy,2005,657.895,1.25,1.9
Guam,GUM,Country or economy,2006,658.201,1.244,1.89
Guam,GUM,Country or economy,2007,657.979,1.237,1.88
Guam,GUM,Country or economy,2008,657.979,1.237,1.88
Guam,GUM,Country or economy,2009,657.754,1.23,1.87
Guam,GUM,Country or economy,2010,657.754,1.23,1.87
Guam,GUM,Country or economy,2011,658.152,1.211,1.84
Guam,GUM,Country or economy,2012,657.865,1.171,1.78
Guam,GUM,Country or economy,2013,658.046,1.145,1.74
Guam,GUM,Country or economy,2014,658.235,1.119,1.7
Guam,GUM,Country or economy,2015,647.368,1.107,1.71
Guam,GUM,Country or economy,2016,633.333,1.102,1.74
Guam,GUM,Country or economy,2017,637.288,1.128,1.77
Guam,GUM,Country or economy,2018,633.526,1.096,1.73
Guam,GUM,Country or economy,2019,630.286,1.103,1.75
Guam,GUM,Country or economy,2020,629.24,1.076,1.71
Guam,GUM,Country or economy,2021,629.885,1.096,1.74
Guam,GUM,Country or economy,2022,610.556,1.099,1.8
Guam,GUM,Country or economy,2023,610.556,1.099,1.8
Guam,GUM,Country or economy,2024,605.376,1.126,1.86
Guatemala,GTM,Country or economy,2000,374.303,2.418,6.46
Guatemala,GTM,Country or economy,2001,426.597,2.871,6.73
Guatemala,GTM,Country or economy,2002,454.505,3.027,6.66
Guatemala,GTM,Country or economy,2003,393.632,2.72,6.91
Guatemala,GTM,Country or economy,2004,388.629,2.495,6.42
Guatemala,GTM,Country or economy,2005,358.273,2.49,6.95
Guatemala,GTM,Country or economy,2006,367.98,2.896,7.87
Guatemala,GTM,Country or economy,2007,389.22,3.394,8.72
Guatemala,GTM,Country or economy,2008,356.567,3.095,8.68
Guatemala,GTM,Country or economy,2009,404.714,3.606,8.91
Guatemala,GTM,Country or economy,2010,316.742,2.8,8.84
Guatemala,GTM,Country or economy,2011,314.269,2.753,8.76
Guatemala,GTM,Country or economy,2012,295.085,2.762,9.36
Guatemala,GTM,Country or economy,2013,300.692,3.043,10.12
Guatemala,GTM,Country or economy,2014,301.41,3.207,10.64
Guatemala,GTM,Country or economy,2015,368.397,4.115,11.17
Guatemala,GTM,Country or economy,2016,372.091,4.413,11.86
Guatemala,GTM,Country or economy,2017,312.723,3.859,12.34
Guatemala,GTM,Country or economy,2018,340.075,4.506,13.25
Guatemala,GTM,Country or economy,2019,363.622,4.618,12.7
Guatemala,GTM,Country or economy,2020,265.781,3.301,12.42
Guatemala,GTM,Country or economy,2021,286.102,4.426,15.47
Guatemala,GTM,Country or economy,2022,191.469,2.581,13.48
Guatemala,GTM,Country or economy,2023,310.463,4.629,14.91
Guatemala,GTM,Country or economy,2024,301.457,4.76,15.79
Guinea,GIN,Country or economy,2000,337.037,0.273,0.81
Guinea,GIN,Country or economy,2001,294.792,0.283,0.96
Guinea,GIN,Country or economy,2002,287.129,0.29,1.01
Guinea,GIN,Country or economy,2003,362.791,0.312,0.86
Guinea,GIN,Country or economy,2004,270.0,0.243,0.9
Guinea,GIN,Country or economy,2005,264.557,0.209,0.79
Guinea,GIN,Country or economy,2006,258.904,0.189,0.73
Guinea,GIN,Country or economy,2007,226.923,0.177,0.78
Guinea,GIN,Country or economy,2008,250.617,0.203,0.81
Guinea,GIN,Country or economy,2009,246.25,0.197,0.8
Guinea,GIN,Country or economy,2010,174.603,0.11,0.63
Guinea,GIN,Country or economy,2011,185.455,0.102,0.55
Guinea,GIN,Country or economy,2012,232.877,0.17,0.73
Guinea,GIN,Country or economy,2013,189.231,0.123,0.65
Guinea,GIN,Country or economy,2014,283.099,0.201,0.71
Guinea,GIN,Country or economy,2015,157.895,0.18,1.14
Guinea,GIN,Country or economy,2016,224.845,0.362,1.61
Guinea,GIN,Country or economy,2017,217.514,0.385,1.77
Guinea,GIN,Country or economy,2018,262.887,0.51,1.94
Guinea,GIN,Country or economy,2019,253.171,0.519,2.05
Guinea,GIN,Country or economy,2020,272.177,0.675,2.48
Guinea,GIN,Country or economy,2021,194.78,0.709,3.64
Guinea,GIN,Country or economy,2022,185.75,0.743,4.0
Guinea,GIN,Country or economy,2023,185.75,0.743,4.0
Guinea,GIN,Country or economy,2024,181.39,0.731,4.03
Guinea-Bissau,GNB,Country or economy,2000,666.667,0.02,0.03
Guinea-Bissau,GNB,Country or economy,2001,650.0,0.013,0.02
Guinea-Bissau,GNB,Country or economy,2002,650.0,0.013,0.02
Guinea-Bissau,GNB,Country or economy,2003,650.0,0.013,0.02
Guinea-Bissau,GNB,Country or economy,2004,666.667,0.02,0.03
Guinea-Bissau,GNB,Country or economy,2005,666.667,0.02,0.03
Guinea-Bissau,GNB,Country or economy,2006,666.667,0.02,0.03
Guinea-Bissau,GNB,Country or economy,2007,666.667,0.02,0.03
Guinea-Bissau,GNB,Country or economy,2008,666.667,0.02,0.03
Guinea-Bissau,GNB,Country or economy,2009,666.667,0.02,0.03
Guinea-Bissau,GNB,Country or economy,2010,666.667,0.02,0.03
Guinea-Bissau,GNB,Country or economy,2011,666.667,0.02,0.03
Guinea-Bissau,GNB,Country or economy,2012,666.667,0.02,0.03
Guinea-Bissau,GNB,Country or economy,2013,650.0,0.013,0.02
Guinea-Bissau,GNB,Country or economy,2014,666.667,0.02,0.03
Guinea-Bissau,GNB,Country or economy,2015,650.0,0.039,0.06
Guinea-Bissau,GNB,Country or economy,2016,662.5,0.053,0.08
Guinea-Bissau,GNB,Country or economy,2017,662.5,0.053,0.08
Guinea-Bissau,GNB,Country or economy,2018,662.5,0.053,0.08
Guinea-Bissau,GNB,Country or economy,2019,662.5,0.053,0.08
Guinea-Bissau,GNB,Country or economy,2020,662.5,0.053,0.08
Guinea-Bissau,GNB,Country or economy,2021,662.5,0.053,0.08
Guinea-Bissau,GNB,Country or economy,2022,662.5,0.053,0.08
Guinea-Bissau,GNB,Country or economy,2023,662.5,0.053,0.08
Guinea-Bissau,GNB,Country or economy,2024,662.5,0.053,0.08
Guyana,GUY,Country or economy,2000,653.333,0.588,0.9
Guyana,GUY,Country or economy,2001,653.261,0.601,0.92
Guyana,GUY,Country or economy,2002,653.261,0.601,0.92
Guyana,GUY,Country or economy,2003,652.439,0.535,0.82
Guyana,GUY,Country or economy,2004,652.326,0.561,0.86
Guyana,GUY,Country or economy,2005,650.769,0.423,0.65
Guyana,GUY,Country or economy,2006,651.515,0.43,0.66
Guyana,GUY,Country or economy,2007,651.429,0.456,0.7
Guyana,GUY,Country or economy,2008,652.113,0.463,0.71
Guyana,GUY,Country or economy,2009,653.012,0.542,0.83
Guyana,GUY,Country or economy,2010,638.889,0.575,0.9
Guyana,GUY,Country or economy,2011,634.737,0.603,0.95
Guyana,GUY,Country or economy,2012,639.583,0.614,0.96
Guyana,GUY,Country or economy,2013,639.796,0.627,0.98
Guyana,GUY,Country or economy,2014,640.0,0.64,1.0
Guyana,GUY,Country or economy,2015,640.594,0.647,1.01
Guyana,GUY,Country or economy,2016,641.818,0.706,1.1
Guyana,GUY,Country or economy,2017,641.071,0.718,1.12
Guyana,GUY,Country or economy,2018,644.737,0.735,1.14
Guyana,GUY,Country or economy,2019,640.0,0.736,1.15
Guyana,GUY,Country or economy,2020,644.737,0.735,1.14
Guyana,GUY,Country or economy,2021,641.228,0.731,1.14
Guyana,GUY,Country or economy,2022,646.094,0.827,1.28
Guyana,GUY,Country or economy,2023,642.029,0.886,1.38
Guyana,GUY,Country or economy,2024,642.029,0.886,1.38
Haiti,HTI,Country or economy,2000,329.63,0.178,0.54
Haiti,HTI,Country or economy,2001,357.627,0.211,0.59
Haiti,HTI,Country or economy,2002,358.182,0.197,0.55
Haiti,HTI,Country or economy,2003,358.491,0.19,0.53
Haiti,HTI,Country or economy,2004,358.182,0.197,0.55
Haiti,HTI,Country or economy,2005,358.182,0.197,0.55
Haiti,HTI,Country or economy,2006,357.895,0.204,0.57
Haiti,HTI,Country or economy,2007,452.174,0.208,0.46
Haiti,HTI,Country or economy,2008,424.49,0.208,0.49
Haiti,HTI,Country or economy,2009,478.873,0.34,0.71
Haiti,HTI,Country or economy,2010,500.0,0.34,0.68
Haiti,HTI,Country or economy,2011,580.808,0.575,0.99
Haiti,HTI,Country or economy,2012,530.909,0.584,1.1
Haiti,HTI,Country or economy,2013,573.333,0.602,1.05
Haiti,HTI,Country or economy,2014,602.913,0.621,1.03
Haiti,HTI,Country or economy,2015,608.738,0.627,1.03
Haiti,HTI,Country or economy,2016,616.667,0.666,1.08
Haiti,HTI,Country or economy,2017,580.189,0.615,1.06
Haiti,HTI,Country or economy,2018,542.308,0.564,1.04
Haiti,HTI,Country or economy,2019,556.604,0.59,1.06
Haiti,HTI,Country or economy,2020,570.588,0.582,1.02
Haiti,HTI,Country or economy,2021,577.67,0.595,1.03
Haiti,HTI,Country or economy,2022,538.614,0.544,1.01
Haiti,HTI,Country or economy,2023,516.471,0.439,0.85
Haiti,HTI,Country or economy,2024,539.535,0.464,0.86
Honduras,HND,Country or economy,2000,266.484,0.97,3.64
Honduras,HND,Country or economy,2001,346.292,1.354,3.91
Honduras,HND,Country or economy,2002,403.855,1.676,4.15
Honduras,HND,Country or economy,2003,405.983,1.9,4.68
Honduras,HND,Country or economy,2004,455.426,2.35,5.16
Honduras,HND,Country or economy,2005,452.622,2.503,5.53
Honduras,HND,Country or economy,2006,429.53,2.56,5.96
Honduras,HND,Country or economy,2007,425.278,2.675,6.29
Honduras,HND,Country or economy,2008,422.222,2.736,6.48
Honduras,HND,Country or economy,2009,370.991,2.545,6.86
Honduras,HND,Country or economy,2010,361.667,2.604,7.2
Honduras,HND,Country or economy,2011,382.195,2.855,7.47
Honduras,HND,Country or economy,2012,378.827,2.97,7.84
Honduras,HND,Country or economy,2013,394.397,3.238,8.21
Honduras,HND,Country or economy,2014,411.928,3.419,8.3
Honduras,HND,Country or economy,2015,392.12,3.533,9.01
Honduras,HND,Country or economy,2016,370.86,3.449,9.3
Honduras,HND,Country or economy,2017,312.367,2.93,9.38
Honduras,HND,Country or economy,2018,275.18,2.672,9.71
Honduras,HND,Country or economy,2019,342.589,3.652,10.66
Honduras,HND,Country or economy,2020,327.909,3.325,10.14
Honduras,HND,Country or economy,2021,285.162,3.171,11.12
Honduras,HND,Country or economy,2022,296.293,3.357,11.33
Honduras,HND,Country or economy,2023,328.503,4.103,12.49
Honduras,HND,Country or economy,2024,321.955,4.018,12.48
Hong Kong (SAR of China),HKG,Country or economy,2000,792.354,24.769,31.26
Hong Kong (SAR of China),HKG,Country or economy,2001,796.261,25.767,32.36
Hong Kong (SAR of China),HKG,Country or economy,2002,807.333,27.635,34.23
Hong Kong (SAR of China),HKG,Country or economy,2003,866.61,30.704,35.43
Hong Kong (SAR of China),HKG,Country or economy,2004,829.474,30.732,37.05
Hong Kong (SAR of China),HKG,Country or economy,2005,834.94,32.045,38.38
Hong Kong (SAR of China),HKG,Country or economy,2006,828.723,31.939,38.54
Hong Kong (SAR of China),HKG,Country or economy,2007,847.222,32.94,38.88
Hong Kong (SAR of China),HKG,Country or economy,2008,825.6,31.315,37.93
Hong Kong (SAR of China),HKG,Country or economy,2009,837.105,32.329,38.62
Hong Kong (SAR of China),HKG,Country or economy,2010,799.686,30.572,38.23
Hong Kong (SAR of China),HKG,Country or economy,2011,838.132,32.662,38.97
Hong Kong (SAR of China),HKG,Country or economy,2012,811.913,31.283,38.53
Hong Kong (SAR of China),HKG,Country or economy,2013,854.473,33.333,39.01
Hong Kong (SAR of China),HKG,Country or economy,2014,860.468,34.195,39.74
Hong Kong (SAR of China),HKG,Country or economy,2015,814.739,30.846,37.86
Hong Kong (SAR of China),HKG,Country or economy,2016,815.215,31.076,38.12
Hong Kong (SAR of China),HKG,Country or economy,2017,810.639,29.945,36.94
Hong Kong (SAR of China),HKG,Country or economy,2018,790.402,28.905,36.57
Hong Kong (SAR of China),HKG,Country or economy,2019,776.665,28.69,36.94
Hong Kong (SAR of China),HKG,Country or economy,2020,684.047,23.497,34.35
Hong Kong (SAR of China),HKG,Country or economy,2021,691.634,25.051,36.22
Hong Kong (SAR of China),HKG,Country or economy,2022,682.216,24.628,36.1
Hong Kong (SAR of China),HKG,Country or economy,2023,674.331,25.456,37.75
Hong Kong (SAR of China),HKG,Country or economy,2024,675.561,25.293,37.44
Hungary,HUN,Country or economy,1990,414.873,11.799,28.44
Hungary,HUN,Country or economy,1991,417.223,12.5,29.96
Hungary,HUN,Country or economy,1992,442.961,14.033,31.68
Hungary,HUN,Country or economy,1993,453.874,14.937,32.91
Hungary,HUN,Country or economy,1994,445.257,14.925,33.52
Hungary,HUN,Country or economy,1995,450.118,15.313,34.02
Hungary,HUN,Country or economy,1996,451.781,15.853,35.09
Hungary,HUN,Country or economy,1997,458.559,16.233,35.4
Hungary,HUN,Country or economy,1998,462.742,17.214,37.2
Hungary,HUN,Country or economy,1999,466.323,17.641,37.83
Hungary,HUN,Country or economy,2000,451.208,15.878,35.19
Hungary,HUN,Country or economy,2001,439.209,15.996,36.42
Hungary,HUN,Country or economy,2002,432.282,15.627,36.15
Hungary,HUN,Country or economy,2003,469.147,16.012,34.13
Hungary,HUN,Country or economy,2004,431.415,14.543,33.71
Hungary,HUN,Country or economy,2005,382.657,13.68,35.75
Hungary,HUN,Country or economy,2006,390.237,13.99,35.85
Hungary,HUN,Country or economy,2007,385.961,15.423,39.96
Hungary,HUN,Country or economy,2008,376.062,15.05,40.02
Hungary,HUN,Country or economy,2009,344.166,12.359,35.91
Hungary,HUN,Country or economy,2010,340.873,12.735,37.36
Hungary,HUN,Country or economy,2011,341.005,12.283,36.02
Hungary,HUN,Country or economy,2012,332.553,11.513,34.62
Hungary,HUN,Country or economy,2013,317.773,9.619,30.27
Hungary,HUN,Country or economy,2014,300.102,8.82,29.39
Hungary,HUN,Country or economy,2015,298.253,9.046,30.33
Hungary,HUN,Country or economy,2016,299.78,9.557,31.88
Hungary,HUN,Country or economy,2017,290.249,9.555,32.92
Hungary,HUN,Country or economy,2018,284.025,9.103,32.05
Hungary,HUN,Country or economy,2019,265.811,9.112,34.28
Hungary,HUN,Country or economy,2020,257.216,8.982,34.92
Hungary,HUN,Country or economy,2021,238.532,8.611,36.1
Hungary,HUN,Country or economy,2022,229.011,8.194,35.78
Hungary,HUN,Country or economy,2023,195.554,6.95,35.54
Hungary,HUN,Country or economy,2024,183.894,6.983,37.973
Hungary,HUN,Country or economy,2025,162.62,6.53,40.155
Iceland,ISL,Country or economy,2000,26.15,0.199,7.61
Iceland,ISL,Country or economy,2001,26.256,0.209,7.96
Iceland,ISL,Country or economy,2002,26.946,0.225,8.35
Iceland,ISL,Country or economy,2003,26.777,0.226,8.44
Iceland,ISL,Country or economy,2004,26.112,0.223,8.54
Iceland,ISL,Country or economy,2005,26.481,0.228,8.61
Iceland,ISL,Country or economy,2006,27.411,0.27,9.85
Iceland,ISL,Country or economy,2007,27.923,0.332,11.89
Iceland,ISL,Country or economy,2008,27.173,0.444,16.34
Iceland,ISL,Country or economy,2009,27.528,0.46,16.71
Iceland,ISL,Country or economy,2010,27.24,0.456,16.74
Iceland,ISL,Country or economy,2011,27.418,0.462,16.85
Iceland,ISL,Country or economy,2012,27.82,0.481,17.29
Iceland,ISL,Country or economy,2013,27.793,0.5,17.99
Iceland,ISL,Country or economy,2014,27.809,0.495,17.8
Iceland,ISL,Country or economy,2015,27.493,0.51,18.55
Iceland,ISL,Country or economy,2016,27.628,0.502,18.17
Iceland,ISL,Country or economy,2017,27.53,0.525,19.07
Iceland,ISL,Country or economy,2018,27.984,0.551,19.69
Iceland,ISL,Country or economy,2019,28.048,0.543,19.36
Iceland,ISL,Country or economy,2020,28.11,0.531,18.89
Iceland,ISL,Country or economy,2021,27.901,0.541,19.39
Iceland,ISL,Country or economy,2022,27.881,0.554,19.87
Iceland,ISL,Country or economy,2023,27.764,0.55,19.81
Iceland,ISL,Country or economy,2024,27.822,0.53,19.05
Iceland,ISL,Country or economy,2025,27.756,0.507,18.266
India,IND,Country or economy,1985,635.104,118.377,186.39
India,IND,Country or economy,1986,651.729,132.086,202.67
India,IND,Country or economy,1987,689.525,154.226,223.67
India,IND,Country or economy,1988,683.568,164.945,241.3
India,IND,Country or economy,1989,685.855,186.868,272.46
India,IND,Country or economy,1990,678.788,195.328,287.76
India,IND,Country or economy,1991,682.933,218.846,320.45
India,IND,Country or economy,1992,699.653,235.888,337.15
India,IND,Country or economy,1993,713.4,258.372,362.17
India,IND,Country or economy,1994,704.683,273.396,387.97
India,IND,Country or economy,1995,722.786,308.731,427.14
India,IND,Country or economy,1996,738.284,327.215,443.21
India,IND,Country or economy,1997,738.079,346.277,469.16
India,IND,Country or economy,1998,719.878,363.589,505.07
India,IND,Country or economy,1999,729.226,399.164,547.38
India,IND,Country or economy,2000,740.03,422.846,571.39
India,IND,Country or economy,2001,747.404,438.046,586.09
India,IND,Country or economy,2002,755.766,460.745,609.64
India,IND,Country or economy,2003,757.982,483.691,638.13
India,IND,Country or economy,2004,723.787,505.435,698.32
India,IND,Country or economy,2005,734.047,517.151,704.52
India,IND,Country or economy,2006,723.042,538.254,744.43
India,IND,Country or economy,2007,717.886,571.624,796.26
India,IND,Country or economy,2008,733.078,607.289,828.41
India,IND,Country or economy,2009,744.54,654.175,878.63
India,IND,Country or economy,2010,739.428,692.393,936.39
India,IND,Country or economy,2011,722.164,745.504,1032.32
India,IND,Country or economy,2012,742.953,808.645,1088.42
India,IND,Country or economy,2013,739.137,843.525,1141.23
India,IND,Country or economy,2014,743.438,935.75,1258.68
India,IND,Country or economy,2015,750.845,984.028,1310.56
India,IND,Country or economy,2016,752.151,1049.198,1394.93
India,IND,Country or economy,2017,743.41,1087.155,1462.39
India,IND,Country or economy,2018,738.064,1159.978,1571.65
India,IND,Country or economy,2019,722.976,1157.47,1600.98
India,IND,Country or economy,2020,709.942,1108.997,1562.095
India,IND,Country or economy,2021,716.182,1201.313,1677.385
India,IND,Country or economy,2022,706.55,1274.113,1803.289
India,IND,Country or economy,2023,714.187,1369.05,1916.934
India,IND,Country or economy,2024,707.099,1439.086,2035.197
India,IND,Country or economy,2025,670.945,1395.73,2080.244
Indonesia,IDN,Country or economy,2000,660.242,95.44,144.553
Indonesia,IDN,Country or economy,2001,655.334,100.198,152.896
Indonesia,IDN,Country or economy,2002,667.663,107.616,161.183
Indonesia,IDN,Country or economy,2003,676.043,112.002,165.673
Indonesia,IDN,Country or economy,2004,670.086,116.469,173.812
Indonesia,IDN,Country or economy,2005,666.531,121.546,182.356
Indonesia,IDN,Country or economy,2006,679.638,128.251,188.705
Indonesia,IDN,Country or economy,2007,678.083,136.534,201.353
Indonesia,IDN,Country or economy,2008,670.844,141.057,210.268
Indonesia,IDN,Country or economy,2009,674.729,146.547,217.194
Indonesia,IDN,Country or economy,2010,645.734,151.936,235.292
Indonesia,IDN,Country or economy,2011,675.17,174.102,257.864
Indonesia,IDN,Country or economy,2012,691.723,193.731,280.07
Indonesia,IDN,Country or economy,2013,690.864,209.412,303.116
Indonesia,IDN,Country or economy,2014,687.764,203.094,295.296
Indonesia,IDN,Country or economy,2015,689.121,207.433,301.011
Indonesia,IDN,Country or economy,2016,685.594,218.418,318.582
Indonesia,IDN,Country or economy,2017,688.169,229.243,333.12
Indonesia,IDN,Country or economy,2018,687.593,247.332,359.707
Indonesia,IDN,Country or economy,2019,698.718,266.876,381.951
Indonesia,IDN,Country or economy,2020,692.152,263.004,379.98
Indonesia,IDN,Country or economy,2021,696.98,282.948,405.963
Indonesia,IDN,Country or economy,2022,701.691,309.219,440.677
Indonesia,IDN,Country or economy,2023,710.466,337.036,474.387
Indonesia,IDN,Country or economy,2024,710.365,360.342,507.263
Indonesia,IDN,Country or economy,2025,705.326,372.558,528.207
Iran,IRN,Country or economy,1985,577.261,22.467,38.92
Iran,IRN,Country or economy,1986,568.263,23.975,42.19
Iran,IRN,Country or economy,1987,561.061,25.287,45.07
Iran,IRN,Country or economy,1988,565.006,26.544,46.98
Iran,IRN,Country or economy,1989,596.791,30.687,51.42
Iran,IRN,Country or economy,1990,599.133,34.54,57.65
Iran,IRN,Country or economy,1991,625.092,39.262,62.81
Iran,IRN,Country or economy,1992,594.64,39.942,67.17
Iran,IRN,Country or economy,1993,591.551,44.177,74.68
Iran,IRN,Country or economy,1994,628.728,50.927,81.0
Iran,IRN,Country or economy,1995,618.897,52.204,84.35
Iran,IRN,Country or economy,1996,618.935,55.537,89.73
Iran,IRN,Country or economy,1997,644.896,62.542,96.98
Iran,IRN,Country or economy,1998,641.283,65.661,102.39
Iran,IRN,Country or economy,1999,658.543,72.499,110.09
Iran,IRN,Country or economy,2000,667.407,79.655,119.35
Iran,IRN,Country or economy,2001,667.748,85.198,127.59
Iran,IRN,Country or economy,2002,651.834,90.103,138.23
Iran,IRN,Country or economy,2003,648.955,98.414,151.65
Iran,IRN,Country or economy,2004,641.613,104.429,162.76
Iran,IRN,Country or economy,2005,636.33,112.675,177.07
Iran,IRN,Country or economy,2006,624.753,120.846,193.43
Iran,IRN,Country or economy,2007,630.854,128.139,203.12
Iran,IRN,Country or economy,2008,662.359,139.42,210.49
Iran,IRN,Country or economy,2009,666.809,147.905,221.81
Iran,IRN,Country or economy,2010,661.257,155.845,235.68
Iran,IRN,Country or economy,2011,654.141,154.109,235.59
Iran,IRN,Country or economy,2012,648.34,161.268,248.74
Iran,IRN,Country or economy,2013,633.62,164.019,258.86
Iran,IRN,Country or economy,2014,644.161,177.55,275.63
Iran,IRN,Country or economy,2015,650.853,182.395,280.24
Iran,IRN,Country or economy,2016,642.137,183.741,286.14
Iran,IRN,Country or economy,2017,641.698,195.827,305.17
Iran,IRN,Country or economy,2018,657.887,205.491,312.35
Iran,IRN,Country or economy,2019,607.865,193.836,318.88
Iran,IRN,Country or economy,2020,632.828,213.396,337.21
Iran,IRN,Country or economy,2021,659.844,235.175,356.41
Iran,IRN,Country or economy,2022,655.378,240.563,367.06
Iran,IRN,Country or economy,2023,641.425,245.037,382.02
Iran,IRN,Country or economy,2024,648.672,256.738,395.79
Iran,IRN,Country or economy,2025,657.957,262.096,398.348
Iraq,IRQ,Country or economy,2000,658.401,21.003,31.9
Iraq,IRQ,Country or economy,2001,656.651,21.177,32.25
Iraq,IRQ,Country or economy,2002,657.088,22.249,33.86
Iraq,IRQ,Country or economy,2003,655.348,18.566,28.33
Iraq,IRQ,Country or economy,2004,652.307,21.063,32.29
Iraq,IRQ,Country or economy,2005,554.77,16.865,30.4
Iraq,IRQ,Country or economy,2006,571.593,19.337,33.83
Iraq,IRQ,Country or economy,2007,574.428,19.094,33.24
Iraq,IRQ,Country or economy,2008,631.155,23.277,36.88
Iraq,IRQ,Country or economy,2009,635.931,24.07,37.85
Iraq,IRQ,Country or economy,2010,616.684,30.162,48.91
Iraq,IRQ,Country or economy,2011,640.26,34.51,53.9
Iraq,IRQ,Country or economy,2012,612.386,28.182,46.02
Iraq,IRQ,Country or economy,2013,620.323,36.537,58.9
Iraq,IRQ,Country or economy,2014,645.183,44.537,69.03
Iraq,IRQ,Country or economy,2015,654.473,46.232,70.64
Iraq,IRQ,Country or economy,2016,648.468,53.129,81.93
Iraq,IRQ,Country or economy,2017,666.884,62.407,93.58
Iraq,IRQ,Country or economy,2018,682.116,67.127,98.41
Iraq,IRQ,Country or economy,2019,668.831,77.056,115.21
Iraq,IRQ,Country or economy,2020,674.206,78.963,117.12
Iraq,IRQ,Country or economy,2021,677.669,81.632,120.46
Iraq,IRQ,Country or economy,2022,688.667,92.185,133.86
Iraq,IRQ,Country or economy,2023,685.167,99.356,145.01
Iraq,IRQ,Country or economy,2024,683.09,102.279,149.73
Ireland,IRL,Country or economy,1990,695.496,9.883,14.21
Ireland,IRL,Country or economy,1991,692.824,10.33,14.91
Ireland,IRL,Country or economy,1992,704.632,11.105,15.76
Ireland,IRL,Country or economy,1993,693.486,11.179,16.12
Ireland,IRL,Country or economy,1994,687.969,11.551,16.79
Ireland,IRL,Country or economy,1995,691.804,12.155,17.57
Ireland,IRL,Country or economy,1996,675.835,12.753,18.87
Ireland,IRL,Country or economy,1997,667.888,13.124,19.65
Ireland,IRL,Country or economy,1998,656.787,13.694,20.85
Ireland,IRL,Country or economy,1999,640.47,13.911,21.72
Ireland,IRL,Country or economy,2000,632.713,14.951,23.63
Ireland,IRL,Country or economy,2001,641.521,15.775,24.59
Ireland,IRL,Country or economy,2002,615.726,15.27,24.8
Ireland,IRL,Country or economy,2003,595.61,14.789,24.83
Ireland,IRL,Country or economy,2004,591.548,14.907,25.2
Ireland,IRL,Country or economy,2005,593.359,15.19,25.6
Ireland,IRL,Country or economy,2006,559.668,15.167,27.1
Ireland,IRL,Country or economy,2007,535.261,15.18,28.36
Ireland,IRL,Country or economy,2008,517.207,15.48,29.93
Ireland,IRL,Country or economy,2009,486.419,13.61,27.98
Ireland,IRL,Country or economy,2010,478.48,13.474,28.16
Ireland,IRL,Country or economy,2011,456.176,12.408,27.2
Ireland,IRL,Country or economy,2012,482.916,13.116,27.16
Ireland,IRL,Country or economy,2013,462.295,11.844,25.62
Ireland,IRL,Country or economy,2014,445.785,11.528,25.86
Ireland,IRL,Country or economy,2015,440.036,12.387,28.15
Ireland,IRL,Country or economy,2016,442.442,13.406,30.3
Ireland,IRL,Country or economy,2017,404.125,12.443,30.79
Ireland,IRL,Country or economy,2018,362.371,11.248,31.04
Ireland,IRL,Country or economy,2019,311.759,9.624,30.87
Ireland,IRL,Country or economy,2020,291.387,9.371,32.16
Ireland,IRL,Country or economy,2021,352.079,11.175,31.74
Ireland,IRL,Country or economy,2022,330.778,11.177,33.79
Ireland,IRL,Country or economy,2023,282.435,8.908,31.54
Ireland,IRL,Country or economy,2024,270.75,8.413,31.073
Ireland,IRL,Country or economy,2025,263.289,8.232,31.266
Israel,ISR,Country or economy,2000,794.351,33.887,42.66
Israel,ISR,Country or economy,2001,807.349,35.483,43.95
Israel,ISR,Country or economy,2002,811.604,36.928,45.5
Israel,ISR,Country or economy,2003,810.651,38.133,47.04
Israel,ISR,Country or economy,2004,803.701,37.999,47.28
Israel,ISR,Country or economy,2005,796.071,38.697,48.61
Israel,ISR,Country or economy,2006,783.307,39.604,50.56
Israel,ISR,Country or economy,2007,779.253,41.916,53.79
Israel,ISR,Country or economy,2008,758.549,43.078,56.79
Israel,ISR,Country or economy,2009,754.065,41.27,54.73
Israel,ISR,Country or economy,2010,740.854,43.377,58.55
Israel,ISR,Country or economy,2011,744.312,44.361,59.6
Israel,ISR,Country or economy,2012,761.72,47.996,63.01
Israel,ISR,Country or economy,2013,719.798,44.138,61.32
Israel,ISR,Country or economy,2014,705.554,42.94,60.86
Israel,ISR,Country or economy,2015,692.729,44.494,64.23
Israel,ISR,Country or economy,2016,662.23,44.376,67.01
Israel,ISR,Country or economy,2017,653.099,44.045,67.44
Israel,ISR,Country or economy,2018,643.654,44.425,69.02
Israel,ISR,Country or economy,2019,634.149,46.109,72.71
Israel,ISR,Country or economy,2020,615.205,44.75,72.74
Israel,ISR,Country or economy,2021,596.371,44.203,74.12
Israel,ISR,Country or economy,2022,583.466,44.851,76.87
Israel,ISR,Country or economy,2023,558.879,43.274,77.43
Israel,ISR,Country or economy,2024,540.709,43.473,80.4
Israel,ISR,Country or economy,2025,492.85,40.463,82.1
Italy,ITA,Country or economy,1990,564.26,120.272,213.15
Italy,ITA,Country or economy,1991,533.819,116.602,218.43
Italy,ITA,Country or economy,1992,527.209,117.399,222.68
Italy,ITA,Country or economy,1993,517.525,113.721,219.74
Italy,ITA,Country or economy,1994,517.858,118.46,228.75
Italy,ITA,Country or economy,1995,541.598,128.559,237.37
Italy,ITA,Country or economy,1996,525.41,125.778,239.39
Italy,ITA,Country or economy,1997,519.854,128.144,246.5
Italy,ITA,Country or economy,1998,519.767,131.844,253.66
Italy,ITA,Country or economy,1999,500.887,129.855,259.25
Italy,ITA,Country or economy,2000,501.619,135.407,269.94
Italy,ITA,Country or economy,2001,498.683,135.592,271.9
Italy,ITA,Country or economy,2002,523.053,145.163,277.53
Italy,ITA,Country or economy,2003,523.272,149.797,286.27
Italy,ITA,Country or economy,2004,510.997,150.085,293.71
Italy,ITA,Country or economy,2005,510.152,150.306,294.63
Italy,ITA,Country or economy,2006,506.747,154.867,305.61
Italy,ITA,Country or economy,2007,504.765,154.544,306.17
Italy,ITA,Country or economy,2008,485.493,151.265,311.57
Italy,ITA,Country or economy,2009,458.587,131.321,286.36
Italy,ITA,Country or economy,2010,446.492,132.443,296.63
Italy,ITA,Country or economy,2011,445.611,132.957,298.37
Italy,ITA,Country or economy,2012,438.174,129.371,295.25
Italy,ITA,Country or economy,2013,398.962,114.111,286.02
Italy,ITA,Country or economy,2014,379.308,104.89,276.53
Italy,ITA,Country or economy,2015,398.724,111.523,279.7
Italy,ITA,Country or economy,2016,389.54,111.389,285.95
Italy,ITA,Country or economy,2017,392.79,114.73,292.09
Italy,ITA,Country or economy,2018,366.86,104.944,286.06
Italy,ITA,Country or economy,2019,351.281,101.868,289.99
Italy,ITA,Country or economy,2020,334.193,92.508,276.81
Italy,ITA,Country or economy,2021,339.101,96.81,285.49
Italy,ITA,Country or economy,2022,377.849,105.862,280.17
Italy,ITA,Country or economy,2023,323.288,84.556,261.55
Italy,ITA,Country or economy,2024,281.435,75.302,267.564
Italy,ITA,Country or economy,2025,284.271,75.592,265.915
Jamaica,JAM,Country or economy,2000,634.712,4.297,6.77
Jamaica,JAM,Country or economy,2001,641.384,4.355,6.79
Jamaica,JAM,Country or economy,2002,645.977,4.496,6.96
Jamaica,JAM,Country or economy,2003,643.733,4.622,7.18
Jamaica,JAM,Country or economy,2004,639.724,4.638,7.25
Jamaica,JAM,Country or economy,2005,636.814,4.757,7.47
Jamaica,JAM,Country or economy,2006,636.0,4.77,7.5
Jamaica,JAM,Country or economy,2007,629.373,3.814,6.06
Jamaica,JAM,Country or economy,2008,621.04,2.627,4.23
Jamaica,JAM,Country or economy,2009,615.909,2.71,4.4
Jamaica,JAM,Country or economy,2010,615.046,2.657,4.32
Jamaica,JAM,Country or economy,2011,608.486,2.653,4.36
Jamaica,JAM,Country or economy,2012,600.928,2.59,4.31
Jamaica,JAM,Country or economy,2013,605.594,2.598,4.29
Jamaica,JAM,Country or economy,2014,601.878,2.564,4.26
Jamaica,JAM,Country or economy,2015,600.0,2.568,4.28
Jamaica,JAM,Country or economy,2016,588.196,2.641,4.49
Jamaica,JAM,Country or economy,2017,580.594,2.543,4.38
Jamaica,JAM,Country or economy,2018,562.879,2.229,3.96
Jamaica,JAM,Country or economy,2019,571.336,2.651,4.64
Jamaica,JAM,Country or economy,2020,554.439,2.373,4.28
Jamaica,JAM,Country or economy,2021,557.241,2.424,4.35
Jamaica,JAM,Country or economy,2022,561.915,2.523,4.49
Jamaica,JAM,Country or economy,2023,564.78,2.694,4.77
Jamaica,JAM,Country or economy,2024,562.398,2.767,4.92
Japan,JPN,Country or economy,1985,420.738,282.719,671.96
Japan,JPN,Country or economy,1986,417.276,282.229,676.36
Japan,JPN,Country or economy,1987,416.655,299.608,719.08
Japan,JPN,Country or economy,1988,426.821,321.712,753.74
Japan,JPN,Country or economy,1989,428.604,342.78,799.76
Japan,JPN,Country or economy,1990,447.161,394.168,881.49
Japan,JPN,Country or economy,1991,438.342,399.465,911.31
Japan,JPN,Country or economy,1992,444.818,407.805,916.79
Japan,JPN,Country or economy,1993,418.754,387.808,926.1
Japan,JPN,Country or economy,1994,444.221,437.331,984.49
Japan,JPN,Country or economy,1995,423.816,428.431,1010.89
Japan,JPN,Country or economy,1996,423.005,435.632,1029.85
Japan,JPN,Country or economy,1997,408.146,430.545,1054.88
Japan,JPN,Country or economy,1998,404.357,428.481,1059.66
Japan,JPN,Country or economy,1999,418.761,451.906,1079.15
Japan,JPN,Country or economy,2000,424.431,466.734,1099.67
Japan,JPN,Country or economy,2001,424.052,459.308,1083.14
Japan,JPN,Country or economy,2002,433.787,478.497,1103.07
Japan,JPN,Country or economy,2003,476.382,520.49,1092.59
Japan,JPN,Country or economy,2004,450.313,504.886,1121.19
Japan,JPN,Country or economy,2005,461.865,532.563,1153.07
Japan,JPN,Country or economy,2006,447.309,520.824,1164.35
Japan,JPN,Country or economy,2007,470.26,554.958,1180.11
Japan,JPN,Country or economy,2008,485.305,574.456,1183.7
Japan,JPN,Country or economy,2009,460.283,512.764,1114.02
Japan,JPN,Country or economy,2010,446.741,516.45,1156.04
Japan,JPN,Country or economy,2011,505.409,558.073,1104.2
Japan,JPN,Country or economy,2012,594.63,658.184,1106.88
Japan,JPN,Country or economy,2013,595.999,648.304,1087.76
Japan,JPN,Country or economy,2014,591.612,628.718,1062.72
Japan,JPN,Country or economy,2015,578.141,595.555,1030.12
Japan,JPN,Country or economy,2016,567.119,603.245,1063.7
Japan,JPN,Country or economy,2017,558.138,601.036,1076.86
Japan,JPN,Country or economy,2018,541.568,586.48,1082.93
Japan,JPN,Country or economy,2019,528.596,553.651,1047.4
Japan,JPN,Country or economy,2020,527.837,533.659,1011.03
Japan,JPN,Country or economy,2021,514.59,532.431,1034.67
Japan,JPN,Country or economy,2022,519.686,540.77,1040.57
Japan,JPN,Country or economy,2023,492.594,495.909,1006.73
Japan,JPN,Country or economy,2024,483.58,491.506,1016.39
Japan,JPN,Country or economy,2025,477.376,491.683,1029.97
Jordan,JOR,Country or economy,2000,658.073,4.85,7.37
Jordan,JOR,Country or economy,2001,658.223,4.963,7.54
Jordan,JOR,Country or economy,2002,657.02,5.335,8.12
Jordan,JOR,Country or economy,2003,657.534,5.28,8.03
Jordan,JOR,Country or economy,2004,671.429,6.016,8.96
Jordan,JOR,Country or economy,2005,673.161,6.496,9.65
Jordan,JOR,Country or economy,2006,679.137,7.552,11.12
Jordan,JOR,Country or economy,2007,683.32,8.767,12.83
Jordan,JOR,Country or economy,2008,684.099,9.68,14.15
Jordan,JOR,Country or economy,2009,686.625,9.805,14.28
Jordan,JOR,Country or economy,2010,679.838,10.048,14.78
Jordan,JOR,Country or economy,2011,664.959,9.735,14.64
Jordan,JOR,Country or economy,2012,661.905,10.981,16.59
Jordan,JOR,Country or economy,2013,664.658,11.472,17.26
Jordan,JOR,Country or economy,2014,658.128,12.024,18.27
Jordan,JOR,Country or economy,2015,667.209,12.717,19.06
Jordan,JOR,Country or economy,2016,659.888,12.98,19.67
Jordan,JOR,Country or economy,2017,643.696,13.376,20.78
Jordan,JOR,Country or economy,2018,620.815,12.646,20.37
Jordan,JOR,Country or economy,2019,596.542,12.247,20.53
Jordan,JOR,Country or economy,2020,566.618,11.729,20.7
Jordan,JOR,Country or economy,2021,540.028,11.535,21.36
Jordan,JOR,Country or economy,2022,539.211,12.17,22.57
Jordan,JOR,Country or economy,2023,542.575,12.897,23.77
Jordan,JOR,Country or economy,2024,529.7,12.538,23.67
Kazakhstan,KAZ,Country or economy,1985,841.196,68.364,81.27
Kazakhstan,KAZ,Country or economy,1986,848.137,72.168,85.09
Kazakhstan,KAZ,Country or economy,1987,840.637,74.388,88.49
Kazakhstan,KAZ,Country or economy,1988,828.127,73.223,88.42
Kazakhstan,KAZ,Country or economy,1989,825.173,73.985,89.66
Kazakhstan,KAZ,Country or economy,1990,823.529,71.96,87.38
Kazakhstan,KAZ,Country or economy,1991,821.316,70.625,85.99
Kazakhstan,KAZ,Country or economy,1992,823.218,68.467,83.17
Kazakhstan,KAZ,Country or economy,1993,809.218,63.03,77.89
Kazakhstan,KAZ,Country or economy,1994,776.427,51.842,66.77
Kazakhstan,KAZ,Country or economy,1995,791.564,52.829,66.74
Kazakhstan,KAZ,Country or economy,1996,791.403,46.487,58.74
Kazakhstan,KAZ,Country or economy,1997,787.31,40.948,52.01
Kazakhstan,KAZ,Country or economy,1998,792.349,39.459,49.8
Kazakhstan,KAZ,Country or economy,1999,791.142,37.421,47.3
Kazakhstan,KAZ,Country or economy,2000,781.177,40.34,51.64
Kazakhstan,KAZ,Country or economy,2001,783.658,43.399,55.38
Kazakhstan,KAZ,Country or economy,2002,775.176,45.216,58.33
Kazakhstan,KAZ,Country or economy,2003,793.909,50.699,63.86
Kazakhstan,KAZ,Country or economy,2004,812.875,54.422,66.95
Kazakhstan,KAZ,Country or economy,2005,811.587,55.123,67.92
Kazakhstan,KAZ,Country or economy,2006,804.884,57.678,71.66
Kazakhstan,KAZ,Country or economy,2007,802.754,61.507,76.62
Kazakhstan,KAZ,Country or economy,2008,832.06,66.856,80.35
Kazakhstan,KAZ,Country or economy,2009,848.673,66.816,78.73
Kazakhstan,KAZ,Country or economy,2010,835.535,69.057,82.65
Kazakhstan,KAZ,Country or economy,2011,841.615,72.867,86.58
Kazakhstan,KAZ,Country or economy,2012,852.759,77.277,90.62
Kazakhstan,KAZ,Country or economy,2013,854.832,79.166,92.61
Kazakhstan,KAZ,Country or economy,2014,851.405,80.577,94.64
Kazakhstan,KAZ,Country or economy,2015,836.236,76.641,91.65
Kazakhstan,KAZ,Country or economy,2016,815.122,77.135,94.63
Kazakhstan,KAZ,Country or economy,2017,831.817,85.777,103.12
Kazakhstan,KAZ,Country or economy,2018,841.098,90.233,107.28
Kazakhstan,KAZ,Country or economy,2019,839.331,89.372,106.48
Kazakhstan,KAZ,Country or economy,2020,835.935,90.816,108.64
Kazakhstan,KAZ,Country or economy,2021,833.238,95.889,115.08
Kazakhstan,KAZ,Country or economy,2022,830.915,94.259,113.44
Kazakhstan,KAZ,Country or economy,2023,826.552,93.888,113.59
Kazakhstan,KAZ,Country or economy,2024,801.899,95.033,118.51
Kazakhstan,KAZ,Country or economy,2025,805.78,99.679,123.705
Kenya,KEN,Country or economy,2000,403.248,1.738,4.31
Kenya,KEN,Country or economy,2001,282.328,1.358,4.81
Kenya,KEN,Country or economy,2002,190.097,0.979,5.15
Kenya,KEN,Country or economy,2003,156.752,0.859,5.48
Kenya,KEN,Country or economy,2004,228.084,1.405,6.16
Kenya,KEN,Country or economy,2005,250.448,1.678,6.7
Kenya,KEN,Country or economy,2006,273.236,2.052,7.51
Kenya,KEN,Country or economy,2007,203.898,1.36,6.67
Kenya,KEN,Country or economy,2008,214.309,1.318,6.15
Kenya,KEN,Country or economy,2009,290.229,1.901,6.55
Kenya,KEN,Country or economy,2010,201.257,1.441,7.16
Kenya,KEN,Country or economy,2011,233.206,1.826,7.83
Kenya,KEN,Country or economy,2012,180.416,1.474,8.17
Kenya,KEN,Country or economy,2013,175.619,1.419,8.08
Kenya,KEN,Country or economy,2014,188.152,1.731,9.2
Kenya,KEN,Country or economy,2015,103.976,1.02,9.81
Kenya,KEN,Country or economy,2016,108.988,1.055,9.68
Kenya,KEN,Country or economy,2017,163.62,1.772,10.83
Kenya,KEN,Country or economy,2018,119.469,1.35,11.3
Kenya,KEN,Country or economy,2019,102.682,1.187,11.56
Kenya,KEN,Country or economy,2020,72.688,0.849,11.68
Kenya,KEN,Country or economy,2021,95.88,1.187,12.38
Kenya,KEN,Country or economy,2022,109.259,1.416,12.96
Kenya,KEN,Country or economy,2023,97.031,1.242,12.8
Kenya,KEN,Country or economy,2024,85.822,1.138,13.26
Kenya,KEN,Country or economy,2025,95.886,1.347,14.048
Kiribati,KIR,Country or economy,2000,700.0,0.007,0.01
Kiribati,KIR,Country or economy,2001,650.0,0.013,0.02
Kiribati,KIR,Country or economy,2002,650.0,0.013,0.02
Kiribati,KIR,Country or economy,2003,650.0,0.013,0.02
Kiribati,KIR,Country or economy,2004,650.0,0.013,0.02
Kiribati,KIR,Country or economy,2005,650.0,0.013,0.02
Kiribati,KIR,Country or economy,2006,666.667,0.02,0.03
Kiribati,KIR,Country or economy,2007,666.667,0.02,0.03
Kiribati,KIR,Country or economy,2008,650.0,0.013,0.02
Kiribati,KIR,Country or economy,2009,650.0,0.013,0.02
Kiribati,KIR,Country or economy,2010,650.0,0.013,0.02
Kiribati,KIR,Country or economy,2011,650.0,0.013,0.02
Kiribati,KIR,Country or economy,2012,650.0,0.013,0.02
Kiribati,KIR,Country or economy,2013,666.667,0.02,0.03
Kiribati,KIR,Country or economy,2014,666.667,0.02,0.03
Kiribati,KIR,Country or economy,2015,666.667,0.02,0.03
Kiribati,KIR,Country or economy,2016,666.667,0.02,0.03
Kiribati,KIR,Country or economy,2017,666.667,0.02,0.03
Kiribati,KIR,Country or economy,2018,666.667,0.02,0.03
Kiribati,KIR,Country or economy,2019,500.0,0.02,0.04
Kiribati,KIR,Country or economy,2020,500.0,0.02,0.04
Kiribati,KIR,Country or economy,2021,500.0,0.02,0.04
Kiribati,KIR,Country or economy,2022,500.0,0.02,0.04
Kiribati,KIR,Country or economy,2023,500.0,0.02,0.04
Kiribati,KIR,Country or economy,2024,500.0,0.02,0.04
Kosovo,XKX,Country or economy,2000,991.892,2.936,2.96
Kosovo,XKX,Country or economy,2001,995.979,3.715,3.73
Kosovo,XKX,Country or economy,2002,995.687,3.694,3.71
Kosovo,XKX,Country or economy,2003,994.49,3.61,3.63
Kosovo,XKX,Country or economy,2004,981.863,4.006,4.08
Kosovo,XKX,Country or economy,2005,984.305,4.39,4.46
Kosovo,XKX,Country or economy,2006,986.23,4.369,4.43
Kosovo,XKX,Country or economy,2007,990.476,4.784,4.83
Kosovo,XKX,Country or economy,2008,993.605,5.127,5.16
Kosovo,XKX,Country or economy,2009,986.519,4.903,4.97
Kosovo,XKX,Country or economy,2010,979.11,5.062,5.17
Kosovo,XKX,Country or economy,2011,992.759,5.758,5.8
Kosovo,XKX,Country or economy,2012,993.771,5.903,5.94
Kosovo,XKX,Country or economy,2013,989.264,6.45,6.52
Kosovo,XKX,Country or economy,2014,983.057,5.338,5.43
Kosovo,XKX,Country or economy,2015,987.725,6.035,6.11
Kosovo,XKX,Country or economy,2016,969.064,5.795,5.98
Kosovo,XKX,Country or economy,2017,980.405,5.804,5.92
Kosovo,XKX,Country or economy,2018,960.237,5.675,5.91
Kosovo,XKX,Country or economy,2019,961.575,6.106,6.35
Kosovo,XKX,Country or economy,2020,957.313,6.414,6.7
Kosovo,XKX,Country or economy,2021,945.441,6.533,6.91
Kosovo,XKX,Country or economy,2022,945.441,6.533,6.91
Kosovo,XKX,Country or economy,2023,885.016,5.611,6.34
Kosovo,XKX,Country or economy,2024,925.037,6.244,6.75
Kosovo,XKX,Country or economy,2025,901.874,5.294,5.87
Kuwait,KWT,Country or economy,2000,653.603,21.131,32.33
Kuwait,KWT,Country or economy,2001,653.907,22.429,34.3
Kuwait,KWT,Country or economy,2002,655.073,23.825,36.37
Kuwait,KWT,Country or economy,2003,654.698,26.057,39.8
Kuwait,KWT,Country or economy,2004,654.29,26.996,41.26
Kuwait,KWT,Country or economy,2005,654.654,28.628,43.73
Kuwait,KWT,Country or economy,2006,653.803,31.121,47.6
Kuwait,KWT,Country or economy,2007,653.744,31.87,48.75
Kuwait,KWT,Country or economy,2008,653.237,33.805,51.75
Kuwait,KWT,Country or economy,2009,654.153,34.814,53.22
Kuwait,KWT,Country or economy,2010,653.375,37.262,57.03
Kuwait,KWT,Country or economy,2011,652.767,37.508,57.46
Kuwait,KWT,Country or economy,2012,651.145,39.798,61.12
Kuwait,KWT,Country or economy,2013,651.91,39.76,60.99
Kuwait,KWT,Country or economy,2014,650.975,42.411,65.15
Kuwait,KWT,Country or economy,2015,650.512,44.43,68.3
Kuwait,KWT,Country or economy,2016,650.057,45.569,70.1
Kuwait,KWT,Country or economy,2017,650.559,44.817,68.89
Kuwait,KWT,Country or economy,2018,650.128,48.194,74.13
Kuwait,KWT,Country or economy,2019,649.614,48.747,75.04
Kuwait,KWT,Country or economy,2020,650.214,48.532,74.64
Kuwait,KWT,Country or economy,2021,649.579,52.486,80.8
Kuwait,KWT,Country or economy,2022,636.816,54.314,85.29
Kuwait,KWT,Country or economy,2023,636.085,57.095,89.76
Kuwait,KWT,Country or economy,2024,635.269,58.756,92.49
Kuwait,KWT,Country or economy,2025,634.723,56.63,89.22
Kyrgyzstan,KGZ,Country or economy,2000,102.019,1.617,15.85
Kyrgyzstan,KGZ,Country or economy,2001,111.411,1.65,14.81
Kyrgyzstan,KGZ,Country or economy,2002,107.011,1.389,12.98
Kyrgyzstan,KGZ,Country or economy,2003,89.637,1.384,15.44
Kyrgyzstan,KGZ,Country or economy,2004,89.975,1.454,16.16
Kyrgyzstan,KGZ,Country or economy,2005,132.208,1.958,14.81
Kyrgyzstan,KGZ,Country or economy,2006,135.258,1.968,14.55
Kyrgyzstan,KGZ,Country or economy,2007,138.299,2.033,14.7
Kyrgyzstan,KGZ,Country or economy,2008,142.686,1.668,11.69
Kyrgyzstan,KGZ,Country or economy,2009,82.332,0.904,10.98
Kyrgyzstan,KGZ,Country or economy,2010,86.322,1.035,11.99
Kyrgyzstan,KGZ,Country or economy,2011,75.816,1.138,15.01
Kyrgyzstan,KGZ,Country or economy,2012,78.377,1.178,15.03
Kyrgyzstan,KGZ,Country or economy,2013,81.968,1.141,13.92
Kyrgyzstan,KGZ,Country or economy,2014,99.099,1.43,14.43
Kyrgyzstan,KGZ,Country or economy,2015,154.102,1.991,12.92
Kyrgyzstan,KGZ,Country or economy,2016,140.0,1.841,13.15
Kyrgyzstan,KGZ,Country or economy,2017,97.918,1.505,15.37
Kyrgyzstan,KGZ,Country or economy,2018,95.01,1.466,15.43
Kyrgyzstan,KGZ,Country or economy,2019,97.796,1.464,14.97
Kyrgyzstan,KGZ,Country or economy,2020,105.649,1.627,15.4
Kyrgyzstan,KGZ,Country or economy,2021,150.396,2.277,15.14
Kyrgyzstan,KGZ,Country or economy,2022,147.178,2.034,13.82
Kyrgyzstan,KGZ,Country or economy,2023,139.853,1.902,13.6
Kyrgyzstan,KGZ,Country or economy,2024,120.165,1.895,15.77
Kyrgyzstan,KGZ,Country or economy,2025,72.583,0.921,12.689
Lao PDR,LAO,Country or economy,2000,87.945,0.321,3.65
Lao PDR,LAO,Country or economy,2001,87.738,0.322,3.67
Lao PDR,LAO,Country or economy,2002,87.675,0.313,3.57
Lao PDR,LAO,Country or economy,2003,88.254,0.278,3.15
Lao PDR,LAO,Country or economy,2004,23.667,0.071,3.0
Lao PDR,LAO,Country or economy,2005,23.647,0.083,3.51
Lao PDR,LAO,Country or economy,2006,23.889,0.086,3.6
Lao PDR,LAO,Country or economy,2007,23.739,0.08,3.37
Lao PDR,LAO,Country or economy,2008,23.656,0.088,3.72
Lao PDR,LAO,Country or economy,2009,23.739,0.08,3.37
Lao PDR,LAO,Country or economy,2010,23.804,0.199,8.36
Lao PDR,LAO,Country or economy,2011,23.754,0.305,12.84
Lao PDR,LAO,Country or economy,2012,23.743,0.307,12.93
Lao PDR,LAO,Country or economy,2013,23.893,0.367,15.36
Lao PDR,LAO,Country or economy,2014,23.743,0.359,15.12
Lao PDR,LAO,Country or economy,2015,148.762,2.404,16.16
Lao PDR,LAO,Country or economy,2016,302.903,7.721,25.49
Lao PDR,LAO,Country or economy,2017,338.397,10.514,31.07
Lao PDR,LAO,Country or economy,2018,336.2,11.572,34.42
Lao PDR,LAO,Country or economy,2019,350.576,10.952,31.24
Lao PDR,LAO,Country or economy,2020,277.953,11.107,39.96
Lao PDR,LAO,Country or economy,2021,260.512,11.697,44.9
Lao PDR,LAO,Country or economy,2022,237.265,12.11,51.04
Lao PDR,LAO,Country or economy,2023,232.103,12.139,52.3
Lao PDR,LAO,Country or economy,2024,232.078,12.14,52.31
Latin America and Caribbean,,Region,2000,271.695,273.833,1007.87
Latin America and Caribbean,,Region,2001,287.359,287.207,999.47
Latin America and Caribbean,,Region,2002,284.931,293.704,1030.79
Latin America and Caribbean,,Region,2003,288.022,310.522,1078.12
Latin America and Caribbean,,Region,2004,289.522,328.234,1133.71
Latin America and Caribbean,,Region,2005,286.987,339.557,1183.18
Latin America and Caribbean,,Region,2006,284.123,351.125,1235.82
Latin America and Caribbean,,Region,2007,290.366,374.59,1290.06
Latin America and Caribbean,,Region,2008,290.51,387.165,1332.71
Latin America and Caribbean,,Region,2009,289.346,386.96,1337.36
Latin America and Caribbean,,Region,2010,298.016,418.876,1405.55
Latin America and Caribbean,,Region,2011,290.678,425.03,1462.2
Latin America and Caribbean,,Region,2012,310.459,472.035,1520.44
Latin America and Caribbean,,Region,2013,326.222,512.808,1571.96
Latin America and Caribbean,,Region,2014,332.393,522.465,1571.83
Latin America and Caribbean,,Region,2015,334.316,538.84,1611.77
Latin America and Caribbean,,Region,2016,323.738,527.22,1628.54
Latin America and Caribbean,,Region,2017,311.111,507.133,1630.07
Latin America and Caribbean,,Region,2018,302.74,505.133,1668.54
Latin America and Caribbean,,Region,2019,304.125,510.9,1679.9
Latin America and Caribbean,,Region,2020,281.405,461.223,1639.0
Latin America and Caribbean,,Region,2021,285.073,485.223,1702.1
Latin America and Caribbean,,Region,2022,258.053,446.963,1732.06
Latin America and Caribbean,,Region,2023,254.495,454.825,1787.17
Latin America and Caribbean,,Region,2024,252.411,462.224,1831.236
Latin America and Caribbean,,Region,2025,247.443,458.427,1852.657
Latvia,LVA,Country or economy,1990,152.632,1.015,6.65
Latvia,LVA,Country or economy,1991,195.929,1.107,5.65
Latvia,LVA,Country or economy,1992,154.167,0.592,3.84
Latvia,LVA,Country or economy,1993,151.399,0.595,3.93
Latvia,LVA,Country or economy,1994,164.64,0.731,4.44
Latvia,LVA,Country or economy,1995,151.88,0.606,3.99
Latvia,LVA,Country or economy,1996,231.09,0.721,3.12
Latvia,LVA,Country or economy,1997,162.084,0.731,4.51
Latvia,LVA,Country or economy,1998,131.034,0.76,5.8
Latvia,LVA,Country or economy,1999,164.477,0.676,4.11
Latvia,LVA,Country or economy,2000,146.135,0.605,4.14
Latvia,LVA,Country or economy,2001,148.478,0.634,4.27
Latvia,LVA,Country or economy,2002,165.743,0.658,3.97
Latvia,LVA,Country or economy,2003,172.04,0.683,3.97
Latvia,LVA,Country or economy,2004,137.527,0.645,4.69
Latvia,LVA,Country or economy,2005,129.878,0.639,4.92
Latvia,LVA,Country or economy,2006,171.779,0.84,4.89
Latvia,LVA,Country or economy,2007,165.546,0.788,4.76
Latvia,LVA,Country or economy,2008,158.634,0.836,5.27
Latvia,LVA,Country or economy,2009,148.654,0.828,5.57
Latvia,LVA,Country or economy,2010,179.638,1.191,6.63
Latvia,LVA,Country or economy,2011,196.223,1.195,6.09
Latvia,LVA,Country or economy,2012,146.515,0.904,6.17
Latvia,LVA,Country or economy,2013,186.129,1.154,6.2
Latvia,LVA,Country or economy,2014,203.891,1.048,5.14
Latvia,LVA,Country or economy,2015,220.217,1.22,5.54
Latvia,LVA,Country or economy,2016,204.517,1.313,6.42
Latvia,LVA,Country or economy,2017,141.169,1.063,7.53
Latvia,LVA,Country or economy,2018,215.03,1.445,6.72
Latvia,LVA,Country or economy,2019,223.602,1.44,6.44
Latvia,LVA,Country or economy,2020,176.399,1.009,5.72
Latvia,LVA,Country or economy,2021,176.068,1.03,5.85
Latvia,LVA,Country or economy,2022,136.382,0.686,5.03
Latvia,LVA,Country or economy,2023,120.063,0.766,6.38
Latvia,LVA,Country or economy,2024,134.521,0.853,6.341
Latvia,LVA,Country or economy,2025,134.896,0.84,6.227
Lebanon,LBN,Country or economy,2000,629.95,6.268,9.95
Lebanon,LBN,Country or economy,2001,636.985,6.338,9.95
Lebanon,LBN,Country or economy,2002,621.212,7.175,11.55
Lebanon,LBN,Country or economy,2003,591.802,7.652,12.93
Lebanon,LBN,Country or economy,2004,596.503,6.824,11.44
Lebanon,LBN,Country or economy,2005,601.79,7.059,11.73
Lebanon,LBN,Country or economy,2006,619.417,7.018,11.33
Lebanon,LBN,Country or economy,2007,623.179,6.587,10.57
Lebanon,LBN,Country or economy,2008,639.116,7.957,12.45
Lebanon,LBN,Country or economy,2009,626.579,8.133,12.98
Lebanon,LBN,Country or economy,2010,619.733,9.736,15.71
Lebanon,LBN,Country or economy,2011,626.871,10.218,16.3
Lebanon,LBN,Country or economy,2012,619.441,10.196,16.46
Lebanon,LBN,Country or economy,2013,615.479,11.571,18.8
Lebanon,LBN,Country or economy,2014,650.584,11.691,17.97
Lebanon,LBN,Country or economy,2015,640.987,11.948,18.64
Lebanon,LBN,Country or economy,2016,643.998,12.5,19.41
Lebanon,LBN,Country or economy,2017,643.718,13.679,21.25
Lebanon,LBN,Country or economy,2018,644.361,13.712,21.28
Lebanon,LBN,Country or economy,2019,625.475,13.504,21.59
Lebanon,LBN,Country or economy,2020,615.726,11.237,18.25
Lebanon,LBN,Country or economy,2021,600.387,6.208,10.34
Lebanon,LBN,Country or economy,2022,377.346,1.649,4.37
Lebanon,LBN,Country or economy,2023,448.089,2.814,6.28
Lebanon,LBN,Country or economy,2024,388.202,2.073,5.34
Lesotho,LSO,Country or economy,2000,24.138,0.007,0.29
Lesotho,LSO,Country or economy,2001,25.0,0.007,0.28
Lesotho,LSO,Country or economy,2002,22.581,0.007,0.31
Lesotho,LSO,Country or economy,2003,25.0,0.008,0.32
Lesotho,LSO,Country or economy,2004,23.333,0.007,0.3
Lesotho,LSO,Country or economy,2005,23.913,0.011,0.46
Lesotho,LSO,Country or economy,2006,23.077,0.012,0.52
Lesotho,LSO,Country or economy,2007,23.636,0.013,0.55
Lesotho,LSO,Country or economy,2008,24.138,0.014,0.58
Lesotho,LSO,Country or economy,2009,23.077,0.015,0.65
Lesotho,LSO,Country or economy,2010,23.188,0.016,0.69
Lesotho,LSO,Country or economy,2011,24.49,0.012,0.49
Lesotho,LSO,Country or economy,2012,24.49,0.012,0.49
Lesotho,LSO,Country or economy,2013,23.529,0.012,0.51
Lesotho,LSO,Country or economy,2014,23.077,0.012,0.52
Lesotho,LSO,Country or economy,2015,24.528,0.013,0.53
Lesotho,LSO,Country or economy,2016,23.077,0.012,0.52
Lesotho,LSO,Country or economy,2017,24.074,0.013,0.54
Lesotho,LSO,Country or economy,2018,23.077,0.012,0.52
Lesotho,LSO,Country or economy,2019,23.077,0.009,0.39
Lesotho,LSO,Country or economy,2020,23.256,0.01,0.43
Lesotho,LSO,Country or economy,2021,24.528,0.013,0.53
Lesotho,LSO,Country or economy,2022,22.917,0.011,0.48
Lesotho,LSO,Country or economy,2023,,0.0,0.0
Lesotho,LSO,Country or economy,2024,,0.0,0.0
Liberia,LBR,Country or economy,2000,660.0,0.132,0.2
Liberia,LBR,Country or economy,2001,660.0,0.132,0.2
Liberia,LBR,Country or economy,2002,660.0,0.132,0.2
Liberia,LBR,Country or economy,2003,660.0,0.132,0.2
Liberia,LBR,Country or economy,2004,660.0,0.132,0.2
Liberia,LBR,Country or economy,2005,660.0,0.132,0.2
Liberia,LBR,Country or economy,2006,660.0,0.132,0.2
Liberia,LBR,Country or economy,2007,656.0,0.164,0.25
Liberia,LBR,Country or economy,2008,656.0,0.164,0.25
Liberia,LBR,Country or economy,2009,656.0,0.164,0.25
Liberia,LBR,Country or economy,2010,656.0,0.164,0.25
Liberia,LBR,Country or economy,2011,656.667,0.197,0.3
Liberia,LBR,Country or economy,2012,656.667,0.197,0.3
Liberia,LBR,Country or economy,2013,656.667,0.197,0.3
Liberia,LBR,Country or economy,2014,656.667,0.197,0.3
Liberia,LBR,Country or economy,2015,658.065,0.204,0.31
Liberia,LBR,Country or economy,2016,656.667,0.197,0.3
Liberia,LBR,Country or economy,2017,657.143,0.23,0.35
Liberia,LBR,Country or economy,2018,456.098,0.187,0.41
Liberia,LBR,Country or economy,2019,461.905,0.194,0.42
Liberia,LBR,Country or economy,2020,475.556,0.214,0.45
Liberia,LBR,Country or economy,2021,442.105,0.168,0.38
Liberia,LBR,Country or economy,2022,446.154,0.174,0.39
Liberia,LBR,Country or economy,2023,293.443,0.179,0.61
Liberia,LBR,Country or economy,2024,314.035,0.179,0.57
Libya,LBY,Country or economy,2000,707.742,10.97,15.5
Libya,LBY,Country or economy,2001,708.007,11.406,16.11
Libya,LBY,Country or economy,2002,705.876,12.374,17.53
Libya,LBY,Country or economy,2003,704.222,13.345,18.95
Libya,LBY,Country or economy,2004,701.04,14.161,20.2
Libya,LBY,Country or economy,2005,718.772,16.043,22.32
Libya,LBY,Country or economy,2006,747.838,18.509,24.75
Libya,LBY,Country or economy,2007,757.835,19.878,26.23
Libya,LBY,Country or economy,2008,750.994,21.531,28.67
Libya,LBY,Country or economy,2009,746.939,22.692,30.38
Libya,LBY,Country or economy,2010,764.711,24.899,32.56
Libya,LBY,Country or economy,2011,793.426,20.637,26.01
Libya,LBY,Country or economy,2012,794.984,27.26,34.29
Libya,LBY,Country or economy,2013,790.272,29.975,37.93
Libya,LBY,Country or economy,2014,779.671,29.417,37.73
Libya,LBY,Country or economy,2015,780.379,29.272,37.51
Libya,LBY,Country or economy,2016,822.438,25.841,31.42
Libya,LBY,Country or economy,2017,813.462,27.072,33.28
Libya,LBY,Country or economy,2018,806.583,27.569,34.18
Libya,LBY,Country or economy,2019,810.165,28.056,34.63
Libya,LBY,Country or economy,2020,824.169,24.313,29.5
Libya,LBY,Country or economy,2021,831.36,28.923,34.79
Libya,LBY,Country or economy,2022,830.362,29.154,35.11
Libya,LBY,Country or economy,2023,825.215,27.851,33.75
Libya,LBY,Country or economy,2024,826.915,28.603,34.59
Lithuania,LTU,Country or economy,1990,190.528,5.411,28.4
Lithuania,LTU,Country or economy,1991,212.7,6.247,29.37
Lithuania,LTU,Country or economy,1992,112.938,2.095,18.55
Lithuania,LTU,Country or economy,1993,60.158,0.838,13.93
Lithuania,LTU,Country or economy,1994,103.279,1.008,9.76
Lithuania,LTU,Country or economy,1995,64.867,0.877,13.52
Lithuania,LTU,Country or economy,1996,73.276,1.19,16.24
Lithuania,LTU,Country or economy,1997,89.646,1.29,14.39
Lithuania,LTU,Country or economy,1998,121.866,2.09,17.15
Lithuania,LTU,Country or economy,1999,124.388,1.627,13.08
Lithuania,LTU,Country or economy,2000,103.774,1.155,11.13
Lithuania,LTU,Country or economy,2001,90.111,1.294,14.36
Lithuania,LTU,Country or economy,2002,76.865,1.329,17.29
Lithuania,LTU,Country or economy,2003,72.317,1.361,18.82
Lithuania,LTU,Country or economy,2004,77.44,1.452,18.75
Lithuania,LTU,Country or economy,2005,110.957,1.6,14.42
Lithuania,LTU,Country or economy,2006,110.605,1.335,12.07
Lithuania,LTU,Country or economy,2007,104.458,1.406,13.46
Lithuania,LTU,Country or economy,2008,103.151,1.375,13.33
Lithuania,LTU,Country or economy,2009,105.533,1.545,14.64
Lithuania,LTU,Country or economy,2010,369.4,1.847,5.0
Lithuania,LTU,Country or economy,2011,322.588,1.371,4.25
Lithuania,LTU,Country or economy,2012,320.889,1.444,4.5
Lithuania,LTU,Country or economy,2013,293.556,1.23,4.19
Lithuania,LTU,Country or economy,2014,285.095,1.052,3.69
Lithuania,LTU,Country or economy,2015,293.853,1.243,4.23
Lithuania,LTU,Country or economy,2016,234.986,0.853,3.63
Lithuania,LTU,Country or economy,2017,183.146,0.652,3.56
Lithuania,LTU,Country or economy,2018,180.479,0.527,2.92
Lithuania,LTU,Country or economy,2019,171.557,0.573,3.34
Lithuania,LTU,Country or economy,2020,231.064,1.086,4.7
Lithuania,LTU,Country or economy,2021,220.465,0.948,4.3
Lithuania,LTU,Country or economy,2022,180.198,0.728,4.04
Lithuania,LTU,Country or economy,2023,121.321,0.643,5.3
Lithuania,LTU,Country or economy,2024,116.097,0.859,7.399
Lithuania,LTU,Country or economy,2025,138.173,1.222,8.844
Luxembourg,LUX,Country or economy,1990,562.903,0.349,0.62
Luxembourg,LUX,Country or economy,1991,565.714,0.396,0.7
Luxembourg,LUX,Country or economy,1992,569.697,0.376,0.66
Luxembourg,LUX,Country or economy,1993,574.627,0.385,0.67
Luxembourg,LUX,Country or economy,1994,518.644,0.306,0.59
Luxembourg,LUX,Country or economy,1995,422.449,0.207,0.49
Luxembourg,LUX,Country or economy,1996,415.556,0.187,0.45
Luxembourg,LUX,Country or economy,1997,368.293,0.151,0.41
Luxembourg,LUX,Country or economy,1998,240.541,0.089,0.37
Luxembourg,LUX,Country or economy,1999,255.556,0.092,0.36
Luxembourg,LUX,Country or economy,2000,240.0,0.096,0.4
Luxembourg,LUX,Country or economy,2001,286.207,0.249,0.87
Luxembourg,LUX,Country or economy,2002,317.5,0.889,2.8
Luxembourg,LUX,Country or economy,2003,318.638,0.889,2.79
Luxembourg,LUX,Country or economy,2004,316.32,1.066,3.37
Luxembourg,LUX,Country or economy,2005,314.925,1.055,3.35
Luxembourg,LUX,Country or economy,2006,313.842,1.111,3.54
Luxembourg,LUX,Country or economy,2007,311.285,0.993,3.19
Luxembourg,LUX,Country or economy,2008,306.618,0.834,2.72
Luxembourg,LUX,Country or economy,2009,311.111,0.98,3.15
Luxembourg,LUX,Country or economy,2010,312.654,1.013,3.24
Luxembourg,LUX,Country or economy,2011,314.773,0.831,2.64
Luxembourg,LUX,Country or economy,2012,307.609,0.849,2.76
Luxembourg,LUX,Country or economy,2013,289.13,0.532,1.84
Luxembourg,LUX,Country or economy,2014,287.435,0.549,1.91
Luxembourg,LUX,Country or economy,2015,267.164,0.358,1.34
Luxembourg,LUX,Country or economy,2016,216.456,0.171,0.79
Luxembourg,LUX,Country or economy,2017,191.111,0.172,0.9
Luxembourg,LUX,Country or economy,2018,184.375,0.177,0.96
Luxembourg,LUX,Country or economy,2019,175.701,0.188,1.07
Luxembourg,LUX,Country or economy,2020,163.115,0.199,1.22
Luxembourg,LUX,Country or economy,2021,163.415,0.201,1.23
Luxembourg,LUX,Country or economy,2022,150.413,0.182,1.21
Luxembourg,LUX,Country or economy,2023,122.695,0.173,1.41
Luxembourg,LUX,Country or economy,2024,125.828,0.19,1.51
Luxembourg,LUX,Country or economy,2025,120.779,0.186,1.54
MENA,,Region,2000,664.163,415.022,624.88
MENA,,Region,2001,666.867,442.526,663.59
MENA,,Region,2002,666.065,470.415,706.26
MENA,,Region,2003,665.265,498.849,749.85
MENA,,Region,2004,662.016,523.893,791.36
MENA,,Region,2005,658.527,565.596,858.88
MENA,,Region,2006,656.614,598.642,911.71
MENA,,Region,2007,657.366,637.053,969.1
MENA,,Region,2008,664.091,674.145,1015.14
MENA,,Region,2009,663.477,703.976,1061.04
MENA,,Region,2010,660.559,773.131,1170.42
MENA,,Region,2011,659.77,790.985,1198.88
MENA,,Region,2012,659.15,839.915,1274.24
MENA,,Region,2013,652.916,863.174,1322.03
MENA,,Region,2014,656.52,925.214,1409.27
MENA,,Region,2015,658.429,973.579,1478.64
MENA,,Region,2016,655.643,994.977,1517.56
MENA,,Region,2017,656.587,1059.305,1613.35
MENA,,Region,2018,658.35,1074.441,1632.02
MENA,,Region,2019,645.112,1088.194,1686.83
MENA,,Region,2020,646.046,1092.878,1691.64
MENA,,Region,2021,647.275,1146.221,1770.84
MENA,,Region,2022,641.18,1178.105,1837.4
MENA,,Region,2023,629.147,1210.102,1923.4
MENA,,Region,2024,626.363,1255.074,2003.75
MENA,,Region,2025,622.912,1270.757,2040.027
Macao (SAR of China),MAC,Country or economy,2000,657.962,1.033,1.57
Macao (SAR of China),MAC,Country or economy,2001,641.401,1.007,1.57
Macao (SAR of China),MAC,Country or economy,2002,640.0,1.088,1.7
Macao (SAR of China),MAC,Country or economy,2003,621.111,1.118,1.8
Macao (SAR of China),MAC,Country or economy,2004,624.365,1.23,1.97
Macao (SAR of China),MAC,Country or economy,2005,623.153,1.265,2.03
Macao (SAR of China),MAC,Country or economy,2006,613.174,1.024,1.67
Macao (SAR of China),MAC,Country or economy,2007,608.553,0.925,1.52
Macao (SAR of China),MAC,Country or economy,2008,566.942,0.686,1.21
Macao (SAR of China),MAC,Country or economy,2009,580.137,0.847,1.46
Macao (SAR of China),MAC,Country or economy,2010,526.852,0.569,1.08
Macao (SAR of China),MAC,Country or economy,2011,523.596,0.466,0.89
Macao (SAR of China),MAC,Country or economy,2012,476.786,0.267,0.56
Macao (SAR of China),MAC,Country or economy,2013,400.0,0.164,0.41
Macao (SAR of China),MAC,Country or economy,2014,448.437,0.287,0.64
Macao (SAR of China),MAC,Country or economy,2015,565.263,0.537,0.95
Macao (SAR of China),MAC,Country or economy,2016,568.687,0.563,0.99
Macao (SAR of China),MAC,Country or economy,2017,560.544,0.824,1.47
Macao (SAR of China),MAC,Country or economy,2018,506.154,0.329,0.65
Macao (SAR of China),MAC,Country or economy,2019,501.19,0.421,0.84
Macao (SAR of China),MAC,Country or economy,2020,480.357,0.269,0.56
Macao (SAR of China),MAC,Country or economy,2021,434.0,0.217,0.5
Macao (SAR of China),MAC,Country or economy,2022,438.776,0.215,0.49
Macao (SAR of China),MAC,Country or economy,2023,468.182,0.309,0.66
Macao (SAR of China),MAC,Country or economy,2024,474.359,0.37,0.78
Madagascar,MDG,Country or economy,2000,254.651,0.219,0.86
Madagascar,MDG,Country or economy,2001,270.455,0.238,0.88
Madagascar,MDG,Country or economy,2002,254.651,0.219,0.86
Madagascar,MDG,Country or economy,2003,257.292,0.247,0.96
Madagascar,MDG,Country or economy,2004,273.333,0.287,1.05
Madagascar,MDG,Country or economy,2005,270.755,0.287,1.06
Madagascar,MDG,Country or economy,2006,280.374,0.3,1.07
Madagascar,MDG,Country or economy,2007,251.786,0.282,1.12
Madagascar,MDG,Country or economy,2008,283.051,0.334,1.18
Madagascar,MDG,Country or economy,2009,265.546,0.316,1.19
Madagascar,MDG,Country or economy,2010,313.077,0.407,1.3
Madagascar,MDG,Country or economy,2011,368.027,0.541,1.47
Madagascar,MDG,Country or economy,2012,357.692,0.558,1.56
Madagascar,MDG,Country or economy,2013,350.909,0.579,1.65
Madagascar,MDG,Country or economy,2014,335.465,0.577,1.72
Madagascar,MDG,Country or economy,2015,325.698,0.583,1.79
Madagascar,MDG,Country or economy,2016,361.579,0.687,1.9
Madagascar,MDG,Country or economy,2017,407.576,0.807,1.98
Madagascar,MDG,Country or economy,2018,424.79,1.011,2.38
Madagascar,MDG,Country or economy,2019,454.656,1.123,2.47
Madagascar,MDG,Country or economy,2020,421.296,0.91,2.16
Madagascar,MDG,Country or economy,2021,487.352,1.233,2.53
Madagascar,MDG,Country or economy,2022,476.136,1.257,2.64
Madagascar,MDG,Country or economy,2023,423.387,1.05,2.48
Madagascar,MDG,Country or economy,2024,433.745,1.054,2.43
Malawi,MWI,Country or economy,2000,97.521,0.118,1.21
Malawi,MWI,Country or economy,2001,91.803,0.112,1.22
Malawi,MWI,Country or economy,2002,93.75,0.12,1.28
Malawi,MWI,Country or economy,2003,82.443,0.108,1.31
Malawi,MWI,Country or economy,2004,93.197,0.137,1.47
Malawi,MWI,Country or economy,2005,97.386,0.149,1.53
Malawi,MWI,Country or economy,2006,100.0,0.157,1.57
Malawi,MWI,Country or economy,2007,91.139,0.144,1.58
Malawi,MWI,Country or economy,2008,75.294,0.128,1.7
Malawi,MWI,Country or economy,2009,76.048,0.127,1.67
Malawi,MWI,Country or economy,2010,69.271,0.133,1.92
Malawi,MWI,Country or economy,2011,68.02,0.134,1.97
Malawi,MWI,Country or economy,2012,68.78,0.141,2.05
Malawi,MWI,Country or economy,2013,68.78,0.141,2.05
Malawi,MWI,Country or economy,2014,64.516,0.14,2.17
Malawi,MWI,Country or economy,2015,66.359,0.144,2.17
Malawi,MWI,Country or economy,2016,66.977,0.144,2.15
Malawi,MWI,Country or economy,2017,29.319,0.056,1.91
Malawi,MWI,Country or economy,2018,144.751,0.262,1.81
Malawi,MWI,Country or economy,2019,53.889,0.097,1.8
Malawi,MWI,Country or economy,2020,33.143,0.058,1.75
Malawi,MWI,Country or economy,2021,56.831,0.104,1.83
Malawi,MWI,Country or economy,2022,56.831,0.104,1.83
Malawi,MWI,Country or economy,2023,56.831,0.104,1.83
Malawi,MWI,Country or economy,2024,56.831,0.104,1.83
Malaysia,MYS,Country or economy,1985,494.245,7.386,14.944
Malaysia,MYS,Country or economy,1986,491.352,7.926,16.131
Malaysia,MYS,Country or economy,1987,472.189,8.226,17.421
Malaysia,MYS,Country or economy,1988,467.549,9.048,19.352
Malaysia,MYS,Country or economy,1989,517.778,11.14,21.515
Malaysia,MYS,Country or economy,1990,567.04,13.051,23.016
Malaysia,MYS,Country or economy,1991,571.143,15.165,26.552
Malaysia,MYS,Country or economy,1992,586.055,18.391,31.381
Malaysia,MYS,Country or economy,1993,581.128,20.268,34.877
Malaysia,MYS,Country or economy,1994,562.962,22.38,39.754
Malaysia,MYS,Country or economy,1995,576.64,26.857,46.575
Malaysia,MYS,Country or economy,1996,596.435,31.855,53.409
Malaysia,MYS,Country or economy,1997,604.138,36.209,59.935
Malaysia,MYS,Country or economy,1998,607.427,38.961,64.141
Malaysia,MYS,Country or economy,1999,581.781,39.66,68.17
Malaysia,MYS,Country or economy,2000,581.904,40.678,69.905
Malaysia,MYS,Country or economy,2001,600.071,45.471,75.776
Malaysia,MYS,Country or economy,2002,618.249,50.004,80.88
Malaysia,MYS,Country or economy,2003,631.261,52.584,83.3
Malaysia,MYS,Country or economy,2004,649.677,62.408,96.06
Malaysia,MYS,Country or economy,2005,652.527,64.437,98.75
Malaysia,MYS,Country or economy,2006,652.605,67.867,103.994
Malaysia,MYS,Country or economy,2007,662.287,71.884,108.539
Malaysia,MYS,Country or economy,2008,651.125,74.113,113.823
Malaysia,MYS,Country or economy,2009,666.655,77.408,116.114
Malaysia,MYS,Country or economy,2010,688.976,86.153,125.045
Malaysia,MYS,Country or economy,2011,685.73,87.135,127.069
Malaysia,MYS,Country or economy,2012,682.772,91.544,134.077
Malaysia,MYS,Country or economy,2013,666.021,93.899,140.985
Malaysia,MYS,Country or economy,2014,662.256,97.657,147.461
Malaysia,MYS,Country or economy,2015,669.191,100.461,150.123
Malaysia,MYS,Country or economy,2016,649.303,101.723,156.665
Malaysia,MYS,Country or economy,2017,620.554,99.682,160.634
Malaysia,MYS,Country or economy,2018,630.275,107.511,170.578
Malaysia,MYS,Country or economy,2019,626.758,111.872,178.493
Malaysia,MYS,Country or economy,2020,635.066,110.504,174.004
Malaysia,MYS,Country or economy,2021,616.911,110.168,178.58
Malaysia,MYS,Country or economy,2022,608.48,117.105,192.455
Malaysia,MYS,Country or economy,2023,609.887,123.657,202.754
Malaysia,MYS,Country or economy,2024,604.327,127.614,211.167
Malaysia,MYS,Country or economy,2025,605.547,127.389,210.37
Maldives,MDV,Country or economy,2000,660.0,0.099,0.15
Maldives,MDV,Country or economy,2001,656.25,0.105,0.16
Maldives,MDV,Country or economy,2002,657.895,0.125,0.19
Maldives,MDV,Country or economy,2003,659.091,0.145,0.22
Maldives,MDV,Country or economy,2004,658.333,0.158,0.24
Maldives,MDV,Country or economy,2005,659.259,0.178,0.27
Maldives,MDV,Country or economy,2006,658.065,0.204,0.31
Maldives,MDV,Country or economy,2007,657.143,0.23,0.35
Maldives,MDV,Country or economy,2008,658.537,0.27,0.41
Maldives,MDV,Country or economy,2009,658.974,0.257,0.39
Maldives,MDV,Country or economy,2010,657.143,0.23,0.35
Maldives,MDV,Country or economy,2011,657.895,0.25,0.38
Maldives,MDV,Country or economy,2012,657.5,0.263,0.4
Maldives,MDV,Country or economy,2013,657.143,0.276,0.42
Maldives,MDV,Country or economy,2014,646.296,0.349,0.54
Maldives,MDV,Country or economy,2015,648.387,0.402,0.62
Maldives,MDV,Country or economy,2016,649.254,0.435,0.67
Maldives,MDV,Country or economy,2017,641.096,0.468,0.73
Maldives,MDV,Country or economy,2018,635.443,0.502,0.79
Maldives,MDV,Country or economy,2019,635.802,0.515,0.81
Maldives,MDV,Country or economy,2020,628.049,0.515,0.82
Maldives,MDV,Country or economy,2021,621.429,0.522,0.84
Maldives,MDV,Country or economy,2022,615.294,0.523,0.85
Maldives,MDV,Country or economy,2023,615.294,0.523,0.85
Maldives,MDV,Country or economy,2024,615.294,0.523,0.85
Mali,MLI,Country or economy,2000,500.0,0.53,1.06
Mali,MLI,Country or economy,2001,500.935,0.536,1.07
Mali,MLI,Country or economy,2002,500.901,0.556,1.11
Mali,MLI,Country or economy,2003,506.306,0.562,1.11
Mali,MLI,Country or economy,2004,514.286,0.648,1.26
Mali,MLI,Country or economy,2005,451.678,0.673,1.49
Mali,MLI,Country or economy,2006,450.318,0.707,1.57
Mali,MLI,Country or economy,2007,455.063,0.719,1.58
Mali,MLI,Country or economy,2008,445.856,0.807,1.81
Mali,MLI,Country or economy,2009,371.154,0.579,1.56
Mali,MLI,Country or economy,2010,350.424,0.827,2.36
Mali,MLI,Country or economy,2011,304.63,0.658,2.16
Mali,MLI,Country or economy,2012,300.0,0.693,2.31
Mali,MLI,Country or economy,2013,319.545,0.703,2.2
Mali,MLI,Country or economy,2014,293.227,0.736,2.51
Mali,MLI,Country or economy,2015,356.972,0.896,2.51
Mali,MLI,Country or economy,2016,332.45,1.004,3.02
Mali,MLI,Country or economy,2017,372.093,1.28,3.44
Mali,MLI,Country or economy,2018,406.648,1.468,3.61
Mali,MLI,Country or economy,2019,418.11,1.593,3.81
Mali,MLI,Country or economy,2020,402.792,1.587,3.94
Mali,MLI,Country or economy,2021,414.467,1.633,3.94
Mali,MLI,Country or economy,2022,390.092,1.693,4.34
Mali,MLI,Country or economy,2023,535.275,3.217,6.01
Mali,MLI,Country or economy,2024,537.416,3.203,5.96
Malta,MLT,Country or economy,1990,794.595,0.882,1.11
Malta,MLT,Country or economy,1991,759.859,1.079,1.42
Malta,MLT,Country or economy,1992,750.336,1.118,1.49
Malta,MLT,Country or economy,1993,756.0,1.134,1.5
Malta,MLT,Country or economy,1994,714.935,1.101,1.54
Malta,MLT,Country or economy,1995,671.779,1.095,1.63
Malta,MLT,Country or economy,1996,657.831,1.092,1.66
Malta,MLT,Country or economy,1997,657.988,1.112,1.69
Malta,MLT,Country or economy,1998,658.14,1.132,1.72
Malta,MLT,Country or economy,1999,657.838,1.217,1.85
Malta,MLT,Country or economy,2000,657.812,1.263,1.92
Malta,MLT,Country or economy,2001,658.247,1.277,1.94
Malta,MLT,Country or economy,2002,658.049,1.349,2.05
Malta,MLT,Country or economy,2003,658.036,1.474,2.24
Malta,MLT,Country or economy,2004,658.108,1.461,2.22
Malta,MLT,Country or economy,2005,658.036,1.474,2.24
Malta,MLT,Country or economy,2006,657.965,1.487,2.26
Malta,MLT,Country or economy,2007,657.826,1.513,2.3
Malta,MLT,Country or economy,2008,658.009,1.52,2.31
Malta,MLT,Country or economy,2009,658.065,1.428,2.17
Malta,MLT,Country or economy,2010,657.82,1.388,2.11
Malta,MLT,Country or economy,2011,658.065,1.428,2.17
Malta,MLT,Country or economy,2012,650.87,1.497,2.3
Malta,MLT,Country or economy,2013,647.788,1.464,2.26
Malta,MLT,Country or economy,2014,636.889,1.433,2.25
Malta,MLT,Country or economy,2015,612.308,0.796,1.3
Malta,MLT,Country or economy,2016,560.465,0.482,0.86
Malta,MLT,Country or economy,2017,525.455,0.867,1.65
Malta,MLT,Country or economy,2018,516.244,1.017,1.97
Malta,MLT,Country or economy,2019,516.908,1.07,2.07
Malta,MLT,Country or economy,2020,510.233,1.097,2.15
Malta,MLT,Country or economy,2021,506.757,1.125,2.22
Malta,MLT,Country or economy,2022,502.609,1.156,2.3
Malta,MLT,Country or economy,2023,498.298,1.171,2.35
Malta,MLT,Country or economy,2024,488.128,1.069,2.19
Malta,MLT,Country or economy,2025,479.638,1.06,2.21
Martinique,MTQ,Country or economy,2000,657.895,0.75,1.14
Martinique,MTQ,Country or economy,2001,658.015,0.862,1.31
Martinique,MTQ,Country or economy,2002,653.333,0.882,1.35
Martinique,MTQ,Country or economy,2003,653.571,0.915,1.4
Martinique,MTQ,Country or economy,2004,653.472,0.941,1.44
Martinique,MTQ,Country or economy,2005,653.472,0.941,1.44
Martinique,MTQ,Country or economy,2006,653.741,0.961,1.47
Martinique,MTQ,Country or economy,2007,649.324,0.961,1.48
Martinique,MTQ,Country or economy,2008,645.752,0.988,1.53
Martinique,MTQ,Country or economy,2009,646.104,0.995,1.54
Martinique,MTQ,Country or economy,2010,646.584,1.041,1.61
Martinique,MTQ,Country or economy,2011,638.217,1.002,1.57
Martinique,MTQ,Country or economy,2012,623.27,0.991,1.59
Martinique,MTQ,Country or economy,2013,623.418,0.985,1.58
Martinique,MTQ,Country or economy,2014,622.581,0.965,1.55
Martinique,MTQ,Country or economy,2015,622.436,0.971,1.56
Martinique,MTQ,Country or economy,2016,623.418,0.985,1.58
Martinique,MTQ,Country or economy,2017,622.436,0.971,1.56
Martinique,MTQ,Country or economy,2018,594.805,0.916,1.54
Martinique,MTQ,Country or economy,2019,529.032,0.82,1.55
Martinique,MTQ,Country or economy,2020,543.333,0.815,1.5
Martinique,MTQ,Country or economy,2021,528.477,0.798,1.51
Martinique,MTQ,Country or economy,2022,525.503,0.783,1.49
Martinique,MTQ,Country or economy,2023,526.49,0.795,1.51
Mauritania,MRT,Country or economy,2000,611.905,0.257,0.42
Mauritania,MRT,Country or economy,2001,617.021,0.29,0.47
Mauritania,MRT,Country or economy,2002,622.642,0.33,0.53
Mauritania,MRT,Country or economy,2003,608.0,0.304,0.5
Mauritania,MRT,Country or economy,2004,611.111,0.33,0.54
Mauritania,MRT,Country or economy,2005,598.113,0.317,0.53
Mauritania,MRT,Country or economy,2006,606.452,0.376,0.62
Mauritania,MRT,Country or economy,2007,607.812,0.389,0.64
Mauritania,MRT,Country or economy,2008,605.556,0.436,0.72
Mauritania,MRT,Country or economy,2009,567.532,0.437,0.77
Mauritania,MRT,Country or economy,2010,568.235,0.483,0.85
Mauritania,MRT,Country or economy,2011,563.218,0.49,0.87
Mauritania,MRT,Country or economy,2012,565.625,0.543,0.96
Mauritania,MRT,Country or economy,2013,522.449,0.512,0.98
Mauritania,MRT,Country or economy,2014,523.301,0.539,1.03
Mauritania,MRT,Country or economy,2015,482.759,0.56,1.16
Mauritania,MRT,Country or economy,2016,499.138,0.579,1.16
Mauritania,MRT,Country or economy,2017,502.963,0.679,1.35
Mauritania,MRT,Country or economy,2018,468.493,0.684,1.46
Mauritania,MRT,Country or economy,2019,469.427,0.737,1.57
Mauritania,MRT,Country or economy,2020,476.074,0.776,1.63
Mauritania,MRT,Country or economy,2021,478.481,0.756,1.58
Mauritania,MRT,Country or economy,2022,485.366,0.796,1.64
Mauritania,MRT,Country or economy,2023,522.488,1.092,2.09
Mauritania,MRT,Country or economy,2024,514.976,1.066,2.07
Mauritius,MUS,Country or economy,2000,559.322,0.99,1.77
Mauritius,MUS,Country or economy,2001,573.438,1.101,1.92
Mauritius,MUS,Country or economy,2002,579.592,1.136,1.96
Mauritius,MUS,Country or economy,2003,574.163,1.2,2.09
Mauritius,MUS,Country or economy,2004,569.907,1.231,2.16
Mauritius,MUS,Country or economy,2005,592.92,1.34,2.26
Mauritius,MUS,Country or economy,2006,619.915,1.463,2.36
Mauritius,MUS,Country or economy,2007,633.333,1.558,2.46
Mauritius,MUS,Country or economy,2008,634.375,1.624,2.56
Mauritius,MUS,Country or economy,2009,622.568,1.6,2.57
Mauritius,MUS,Country or economy,2010,621.19,1.671,2.69
Mauritius,MUS,Country or economy,2011,648.352,1.77,2.73
Mauritius,MUS,Country or economy,2012,645.161,1.8,2.79
Mauritius,MUS,Country or economy,2013,646.853,1.85,2.86
Mauritius,MUS,Country or economy,2014,645.918,1.899,2.94
Mauritius,MUS,Country or economy,2015,627.09,1.875,2.99
Mauritius,MUS,Country or economy,2016,634.754,1.936,3.05
Mauritius,MUS,Country or economy,2017,645.659,2.008,3.11
Mauritius,MUS,Country or economy,2018,637.179,1.988,3.12
Mauritius,MUS,Country or economy,2019,621.362,2.007,3.23
Mauritius,MUS,Country or economy,2020,611.724,1.774,2.9
Mauritius,MUS,Country or economy,2021,630.769,1.886,2.99
Mauritius,MUS,Country or economy,2022,616.346,1.923,3.12
Mauritius,MUS,Country or economy,2023,634.557,2.075,3.27
Mauritius,MUS,Country or economy,2024,642.229,2.19,3.41
Mexico,MEX,Country or economy,1985,468.056,45.027,96.2
Mexico,MEX,Country or economy,1986,517.321,51.52,99.59
Mexico,MEX,Country or economy,1987,535.085,56.81,106.17
Mexico,MEX,Country or economy,1988,528.192,59.279,112.23
Mexico,MEX,Country or economy,1989,515.077,61.835,120.05
Mexico,MEX,Country or economy,1990,499.243,58.706,117.59
Mexico,MEX,Country or economy,1991,513.153,65.971,128.56
Mexico,MEX,Country or economy,1992,497.513,65.811,132.28
Mexico,MEX,Country or economy,1993,498.841,67.164,134.64
Mexico,MEX,Country or economy,1994,546.191,79.804,146.11
Mexico,MEX,Country or economy,1995,500.958,75.319,150.35
Mexico,MEX,Country or economy,1996,499.559,78.231,156.6
Mexico,MEX,Country or economy,1997,518.093,86.392,166.75
Mexico,MEX,Country or economy,1998,537.562,97.331,181.06
Mexico,MEX,Country or economy,1999,512.943,97.454,189.99
Mexico,MEX,Country or economy,2000,525.331,106.968,203.62
Mexico,MEX,Country or economy,2001,543.921,114.343,210.22
Mexico,MEX,Country or economy,2002,553.423,119.39,215.73
Mexico,MEX,Country or economy,2003,570.156,128.228,224.9
Mexico,MEX,Country or economy,2004,553.94,130.392,235.39
Mexico,MEX,Country or economy,2005,555.829,137.829,247.97
Mexico,MEX,Country or economy,2006,546.853,140.131,256.25
Mexico,MEX,Country or economy,2007,554.22,145.904,263.26
Mexico,MEX,Country or economy,2008,522.065,140.587,269.29
Mexico,MEX,Country or economy,2009,554.138,148.376,267.76
Mexico,MEX,Country or economy,2010,541.968,149.35,275.57
Mexico,MEX,Country or economy,2011,539.812,157.706,292.15
Mexico,MEX,Country or economy,2012,550.248,163.088,296.39
Mexico,MEX,Country or economy,2013,546.863,162.484,297.12
Mexico,MEX,Country or economy,2014,525.612,159.434,303.33
Mexico,MEX,Country or economy,2015,533.893,165.699,310.36
Mexico,MEX,Country or economy,2016,537.6,172.22,320.35
Mexico,MEX,Country or economy,2017,533.684,175.63,329.09
Mexico,MEX,Country or economy,2018,523.9,182.993,349.29
Mexico,MEX,Country or economy,2019,525.754,181.159,344.57
Mexico,MEX,Country or economy,2020,484.051,157.67,325.73
Mexico,MEX,Country or economy,2021,456.246,149.918,328.59
Mexico,MEX,Country or economy,2022,464.372,157.956,340.15
Mexico,MEX,Country or economy,2023,489.073,172.007,351.7
Mexico,MEX,Country or economy,2024,483.102,171.588,355.18
Mexico,MEX,Country or economy,2025,474.026,169.213,356.97
Middle East,,Region,2000,685.865,331.259,482.98
Middle East,,Region,2001,688.559,350.869,509.57
Middle East,,Region,2002,686.369,373.323,543.91
Middle East,,Region,2003,684.302,394.89,577.07
Middle East,,Region,2004,679.64,412.963,607.62
Middle East,,Region,2005,673.757,445.158,660.71
Middle East,,Region,2006,669.486,469.477,701.25
Middle East,,Region,2007,670.686,500.305,745.96
Middle East,,Region,2008,680.476,527.845,775.7
Middle East,,Region,2009,681.135,554.199,813.64
Middle East,,Region,2010,677.764,609.866,899.82
Middle East,,Region,2011,676.142,622.95,921.33
Middle East,,Region,2012,674.306,650.146,964.17
Middle East,,Region,2013,667.199,668.493,1001.94
Middle East,,Region,2014,670.772,721.811,1076.09
Middle East,,Region,2015,673.313,758.346,1126.29
Middle East,,Region,2016,669.193,776.418,1160.23
Middle East,,Region,2017,670.383,831.805,1240.79
Middle East,,Region,2018,674.141,841.287,1247.94
Middle East,,Region,2019,658.118,848.557,1289.37
Middle East,,Region,2020,661.353,862.841,1304.66
Middle East,,Region,2021,662.476,899.463,1357.73
Middle East,,Region,2022,653.844,923.385,1412.24
Middle East,,Region,2023,639.272,953.084,1490.89
Middle East,,Region,2024,635.89,988.281,1554.17
Middle East,,Region,2025,633.014,995.534,1572.689
Moldova,MDA,Country or economy,2000,662.202,3.609,5.45
Moldova,MDA,Country or economy,2001,669.231,3.915,5.85
Moldova,MDA,Country or economy,2002,668.794,3.772,5.64
Moldova,MDA,Country or economy,2003,668.631,3.858,5.77
Moldova,MDA,Country or economy,2004,670.172,3.887,5.8
Moldova,MDA,Country or economy,2005,670.184,4.001,5.97
Moldova,MDA,Country or economy,2006,669.737,4.072,6.08
Moldova,MDA,Country or economy,2007,670.698,3.937,5.87
Moldova,MDA,Country or economy,2008,668.22,4.016,6.01
Moldova,MDA,Country or economy,2009,672.375,4.162,6.19
Moldova,MDA,Country or economy,2010,666.448,4.072,6.11
Moldova,MDA,Country or economy,2011,669.896,3.872,5.78
Moldova,MDA,Country or economy,2012,679.69,3.949,5.81
Moldova,MDA,Country or economy,2013,664.302,2.996,4.51
Moldova,MDA,Country or economy,2014,669.832,3.597,5.37
Moldova,MDA,Country or economy,2015,681.291,4.115,6.04
Moldova,MDA,Country or economy,2016,683.761,4.0,5.85
Moldova,MDA,Country or economy,2017,669.355,3.32,4.96
Moldova,MDA,Country or economy,2018,671.747,3.614,5.38
Moldova,MDA,Country or economy,2019,668.014,3.801,5.69
Moldova,MDA,Country or economy,2020,672.492,4.156,6.18
Moldova,MDA,Country or economy,2021,666.667,4.44,6.66
Moldova,MDA,Country or economy,2022,645.028,3.438,5.33
Moldova,MDA,Country or economy,2023,643.465,4.086,6.35
Moldova,MDA,Country or economy,2024,636.738,3.865,6.07
Moldova,MDA,Country or economy,2025,514.403,1.5,2.916
Mongolia,MNG,Country or economy,2000,911.034,2.642,2.9
Mongolia,MNG,Country or economy,2001,910.438,2.704,2.97
Mongolia,MNG,Country or economy,2002,909.709,2.811,3.09
Mongolia,MNG,Country or economy,2003,909.646,2.829,3.11
Mongolia,MNG,Country or economy,2004,908.537,2.98,3.28
Mongolia,MNG,Country or economy,2005,908.824,3.09,3.4
Mongolia,MNG,Country or economy,2006,908.215,3.206,3.53
Mongolia,MNG,Country or economy,2007,904.313,3.355,3.71
Mongolia,MNG,Country or economy,2008,903.0,3.612,4.0
Mongolia,MNG,Country or economy,2009,899.257,3.633,4.04
Mongolia,MNG,Country or economy,2010,894.444,3.864,4.32
Mongolia,MNG,Country or economy,2011,890.088,4.041,4.54
Mongolia,MNG,Country or economy,2012,891.06,4.286,4.81
Mongolia,MNG,Country or economy,2013,880.279,4.419,5.02
Mongolia,MNG,Country or economy,2014,868.959,4.675,5.38
Mongolia,MNG,Country or economy,2015,869.147,4.789,5.51
Mongolia,MNG,Country or economy,2016,867.725,4.92,5.67
Mongolia,MNG,Country or economy,2017,866.833,5.227,6.03
Mongolia,MNG,Country or economy,2018,844.14,5.546,6.57
Mongolia,MNG,Country or economy,2019,812.248,5.637,6.94
Mongolia,MNG,Country or economy,2020,808.886,5.371,6.64
Mongolia,MNG,Country or economy,2021,802.016,5.967,7.44
Mongolia,MNG,Country or economy,2022,814.065,6.309,7.75
Mongolia,MNG,Country or economy,2023,816.405,6.768,8.29
Mongolia,MNG,Country or economy,2024,817.007,7.206,8.82
Mongolia,MNG,Country or economy,2025,821.815,7.979,9.709
Montenegro,MNE,Country or economy,2005,369.338,1.06,2.87
Montenegro,MNE,Country or economy,2006,427.119,1.26,2.95
Montenegro,MNE,Country or economy,2007,422.43,0.904,2.14
Montenegro,MNE,Country or economy,2008,475.972,1.347,2.83
Montenegro,MNE,Country or economy,2009,271.739,0.75,2.76
Montenegro,MNE,Country or economy,2010,337.065,1.355,4.02
Montenegro,MNE,Country or economy,2011,566.415,1.501,2.65
Montenegro,MNE,Country or economy,2012,500.351,1.426,2.85
Montenegro,MNE,Country or economy,2013,386.294,1.522,3.94
Montenegro,MNE,Country or economy,2014,468.139,1.484,3.17
Montenegro,MNE,Country or economy,2015,523.0,1.569,3.0
Montenegro,MNE,Country or economy,2016,434.395,1.364,3.14
Montenegro,MNE,Country or economy,2017,566.935,1.406,2.48
Montenegro,MNE,Country or economy,2018,427.632,1.625,3.8
Montenegro,MNE,Country or economy,2019,456.268,1.565,3.43
Montenegro,MNE,Country or economy,2020,496.165,1.682,3.39
Montenegro,MNE,Country or economy,2021,401.326,1.513,3.77
Montenegro,MNE,Country or economy,2022,486.707,1.611,3.31
Montenegro,MNE,Country or economy,2023,410.979,1.722,4.19
Montenegro,MNE,Country or economy,2024,424.646,1.499,3.53
Montenegro,MNE,Country or economy,2025,265.447,0.653,2.46
Montserrat,MSR,Country or economy,2000,700.0,0.007,0.01
Montserrat,MSR,Country or economy,2001,700.0,0.007,0.01
Montserrat,MSR,Country or economy,2002,700.0,0.007,0.01
Montserrat,MSR,Country or economy,2003,700.0,0.007,0.01
Montserrat,MSR,Country or economy,2004,700.0,0.007,0.01
Montserrat,MSR,Country or economy,2005,700.0,0.007,0.01
Montserrat,MSR,Country or economy,2006,700.0,0.007,0.01
Montserrat,MSR,Country or economy,2007,700.0,0.007,0.01
Montserrat,MSR,Country or economy,2008,700.0,0.007,0.01
Montserrat,MSR,Country or economy,2009,700.0,0.007,0.01
Montserrat,MSR,Country or economy,2010,700.0,0.007,0.01
Montserrat,MSR,Country or economy,2011,700.0,0.007,0.01
Montserrat,MSR,Country or economy,2012,700.0,0.007,0.01
Montserrat,MSR,Country or economy,2013,700.0,0.007,0.01
Montserrat,MSR,Country or economy,2014,700.0,0.007,0.01
Montserrat,MSR,Country or economy,2015,700.0,0.007,0.01
Montserrat,MSR,Country or economy,2016,700.0,0.007,0.01
Montserrat,MSR,Country or economy,2017,700.0,0.007,0.01
Montserrat,MSR,Country or economy,2018,700.0,0.007,0.01
Montserrat,MSR,Country or economy,2019,700.0,0.007,0.01
Montserrat,MSR,Country or economy,2020,700.0,0.007,0.01
Montserrat,MSR,Country or economy,2021,700.0,0.007,0.01
Montserrat,MSR,Country or economy,2022,700.0,0.007,0.01
Montserrat,MSR,Country or economy,2023,700.0,0.007,0.01
Montserrat,MSR,Country or economy,2024,700.0,0.007,0.01
Morocco,MAR,Country or economy,2000,759.343,10.403,13.7
Morocco,MAR,Country or economy,2001,769.359,12.002,15.6
Morocco,MAR,Country or economy,2002,765.629,11.561,15.1
Morocco,MAR,Country or economy,2003,735.741,12.022,16.34
Morocco,MAR,Country or economy,2004,733.028,12.806,17.47
Morocco,MAR,Country or economy,2005,717.186,13.813,19.26
Morocco,MAR,Country or economy,2006,708.304,14.074,19.87
Morocco,MAR,Country or economy,2007,707.313,13.927,19.69
Morocco,MAR,Country or economy,2008,695.971,14.163,20.35
Morocco,MAR,Country or economy,2009,635.738,13.306,20.93
Morocco,MAR,Country or economy,2010,610.328,13.946,22.85
Morocco,MAR,Country or economy,2011,652.299,15.89,24.36
Morocco,MAR,Country or economy,2012,648.661,17.196,26.51
Morocco,MAR,Country or economy,2013,612.546,16.502,26.94
Morocco,MAR,Country or economy,2014,651.246,18.287,28.08
Morocco,MAR,Country or economy,2015,640.187,19.148,29.91
Morocco,MAR,Country or economy,2016,633.657,19.561,30.87
Morocco,MAR,Country or economy,2017,637.007,20.346,31.94
Morocco,MAR,Country or economy,2018,621.354,21.474,34.56
Morocco,MAR,Country or economy,2019,631.649,25.506,40.38
Morocco,MAR,Country or economy,2020,645.773,25.056,38.8
Morocco,MAR,Country or economy,2021,639.685,26.419,41.3
Morocco,MAR,Country or economy,2022,662.473,27.433,41.41
Morocco,MAR,Country or economy,2023,616.839,26.191,42.46
Morocco,MAR,Country or economy,2024,595.307,25.241,42.4
Morocco,MAR,Country or economy,2025,603.003,26.622,44.149
Mozambique,MOZ,Country or economy,2000,24.451,0.234,9.57
Mozambique,MOZ,Country or economy,2001,25.935,0.305,11.76
Mozambique,MOZ,Country or economy,2002,25.278,0.318,12.58
Mozambique,MOZ,Country or economy,2003,25.487,0.275,10.79
Mozambique,MOZ,Country or economy,2004,26.466,0.307,11.6
Mozambique,MOZ,Country or economy,2005,24.715,0.325,13.15
Mozambique,MOZ,Country or economy,2006,24.606,0.359,14.59
Mozambique,MOZ,Country or economy,2007,24.136,0.384,15.91
Mozambique,MOZ,Country or economy,2008,24.182,0.362,14.97
Mozambique,MOZ,Country or economy,2009,24.122,0.405,16.79
Mozambique,MOZ,Country or economy,2010,24.535,0.409,16.67
Mozambique,MOZ,Country or economy,2011,27.908,0.463,16.59
Mozambique,MOZ,Country or economy,2012,28.39,0.425,14.97
Mozambique,MOZ,Country or economy,2013,32.616,0.485,14.87
Mozambique,MOZ,Country or economy,2014,32.195,0.528,16.4
Mozambique,MOZ,Country or economy,2015,67.9,1.248,18.38
Mozambique,MOZ,Country or economy,2016,132.609,2.501,18.86
Mozambique,MOZ,Country or economy,2017,148.129,2.613,17.64
Mozambique,MOZ,Country or economy,2018,139.673,2.394,17.14
Mozambique,MOZ,Country or economy,2019,154.818,2.94,18.99
Mozambique,MOZ,Country or economy,2020,128.864,2.451,19.02
Mozambique,MOZ,Country or economy,2021,132.078,2.491,18.86
Mozambique,MOZ,Country or economy,2022,127.761,2.499,19.56
Mozambique,MOZ,Country or economy,2023,128.507,2.565,19.96
Mozambique,MOZ,Country or economy,2024,129.409,2.561,19.79
Myanmar,MMR,Country or economy,2000,570.196,2.908,5.1
Myanmar,MMR,Country or economy,2001,559.315,2.612,4.67
Myanmar,MMR,Country or economy,2002,551.282,2.795,5.07
Myanmar,MMR,Country or economy,2003,582.288,3.156,5.42
Myanmar,MMR,Country or economy,2004,543.672,3.05,5.61
Myanmar,MMR,Country or economy,2005,478.073,2.878,6.02
Myanmar,MMR,Country or economy,2006,438.026,2.707,6.18
Myanmar,MMR,Country or economy,2007,412.812,2.642,6.4
Myanmar,MMR,Country or economy,2008,370.544,2.453,6.62
Myanmar,MMR,Country or economy,2009,243.759,1.699,6.97
Myanmar,MMR,Country or economy,2010,277.146,2.389,8.62
Myanmar,MMR,Country or economy,2011,274.593,2.864,10.43
Myanmar,MMR,Country or economy,2012,285.125,3.182,11.16
Myanmar,MMR,Country or economy,2013,275.602,3.434,12.46
Myanmar,MMR,Country or economy,2014,366.435,5.273,14.39
Myanmar,MMR,Country or economy,2015,398.519,6.456,16.2
Myanmar,MMR,Country or economy,2016,439.57,7.965,18.12
Myanmar,MMR,Country or economy,2017,450.998,9.489,21.04
Myanmar,MMR,Country or economy,2018,405.776,8.781,21.64
Myanmar,MMR,Country or economy,2019,419.41,8.103,19.32
Myanmar,MMR,Country or economy,2020,487.274,9.151,18.78
Myanmar,MMR,Country or economy,2021,484.134,9.673,19.98
Myanmar,MMR,Country or economy,2022,563.871,13.11,23.25
Myanmar,MMR,Country or economy,2023,514.976,10.866,21.1
Myanmar,MMR,Country or economy,2024,502.303,10.905,21.71
Namibia,NAM,Country or economy,2000,43.056,0.062,1.44
Namibia,NAM,Country or economy,2001,23.967,0.029,1.21
Namibia,NAM,Country or economy,2002,29.371,0.042,1.43
Namibia,NAM,Country or economy,2003,29.371,0.042,1.43
Namibia,NAM,Country or economy,2004,29.71,0.041,1.38
Namibia,NAM,Country or economy,2005,38.462,0.065,1.69
Namibia,NAM,Country or economy,2006,74.534,0.12,1.61
Namibia,NAM,Country or economy,2007,39.49,0.062,1.57
Namibia,NAM,Country or economy,2008,117.834,0.185,1.57
Namibia,NAM,Country or economy,2009,68.667,0.103,1.5
Namibia,NAM,Country or economy,2010,55.725,0.073,1.31
Namibia,NAM,Country or economy,2011,45.517,0.066,1.45
Namibia,NAM,Country or economy,2012,46.707,0.078,1.67
Namibia,NAM,Country or economy,2013,58.519,0.079,1.35
Namibia,NAM,Country or economy,2014,28.105,0.043,1.53
Namibia,NAM,Country or economy,2015,41.772,0.066,1.58
Namibia,NAM,Country or economy,2016,57.432,0.085,1.48
Namibia,NAM,Country or economy,2017,58.192,0.103,1.77
Namibia,NAM,Country or economy,2018,39.007,0.055,1.41
Namibia,NAM,Country or economy,2019,58.696,0.081,1.38
Namibia,NAM,Country or economy,2020,56.5,0.113,2.0
Namibia,NAM,Country or economy,2021,52.98,0.08,1.51
Namibia,NAM,Country or economy,2022,45.455,0.06,1.32
Namibia,NAM,Country or economy,2023,46.561,0.088,1.89
Namibia,NAM,Country or economy,2024,52.439,0.086,1.64
Nauru,NRU,Country or economy,2000,666.667,0.02,0.03
Nauru,NRU,Country or economy,2001,666.667,0.02,0.03
Nauru,NRU,Country or economy,2002,666.667,0.02,0.03
Nauru,NRU,Country or economy,2003,666.667,0.02,0.03
Nauru,NRU,Country or economy,2004,666.667,0.02,0.03
Nauru,NRU,Country or economy,2005,666.667,0.02,0.03
Nauru,NRU,Country or economy,2006,650.0,0.013,0.02
Nauru,NRU,Country or economy,2007,650.0,0.013,0.02
Nauru,NRU,Country or economy,2008,650.0,0.013,0.02
Nauru,NRU,Country or economy,2009,650.0,0.013,0.02
Nauru,NRU,Country or economy,2010,650.0,0.013,0.02
Nauru,NRU,Country or economy,2011,650.0,0.013,0.02
Nauru,NRU,Country or economy,2012,650.0,0.013,0.02
Nauru,NRU,Country or economy,2013,650.0,0.013,0.02
Nauru,NRU,Country or economy,2014,666.667,0.02,0.03
Nauru,NRU,Country or economy,2015,666.667,0.02,0.03
Nauru,NRU,Country or economy,2016,666.667,0.02,0.03
Nauru,NRU,Country or economy,2017,666.667,0.02,0.03
Nauru,NRU,Country or economy,2018,650.0,0.026,0.04
Nauru,NRU,Country or economy,2019,650.0,0.026,0.04
Nauru,NRU,Country or economy,2020,650.0,0.026,0.04
Nauru,NRU,Country or economy,2021,650.0,0.026,0.04
Nauru,NRU,Country or economy,2022,650.0,0.026,0.04
Nauru,NRU,Country or economy,2023,650.0,0.026,0.04
Nauru,NRU,Country or economy,2024,540.0,0.027,0.05
Nepal,NPL,Country or economy,2000,35.152,0.058,1.65
Nepal,NPL,Country or economy,2001,30.811,0.057,1.85
Nepal,NPL,Country or economy,2002,23.81,0.05,2.1
Nepal,NPL,Country or economy,2003,23.894,0.054,2.26
Nepal,NPL,Country or economy,2004,26.36,0.063,2.39
Nepal,NPL,Country or economy,2005,28.685,0.072,2.51
Nepal,NPL,Country or economy,2006,26.103,0.071,2.72
Nepal,NPL,Country or economy,2007,25.993,0.072,2.77
Nepal,NPL,Country or economy,2008,26.165,0.073,2.79
Nepal,NPL,Country or economy,2009,25.974,0.08,3.08
Nepal,NPL,Country or economy,2010,23.899,0.076,3.18
Nepal,NPL,Country or economy,2011,23.699,0.082,3.46
Nepal,NPL,Country or economy,2012,27.479,0.097,3.53
Nepal,NPL,Country or economy,2013,25.714,0.09,3.5
Nepal,NPL,Country or economy,2014,23.947,0.091,3.8
Nepal,NPL,Country or economy,2015,23.988,0.083,3.46
Nepal,NPL,Country or economy,2016,23.923,0.1,4.18
Nepal,NPL,Country or economy,2017,24.236,0.111,4.58
Nepal,NPL,Country or economy,2018,24.174,0.117,4.84
Nepal,NPL,Country or economy,2019,24.065,0.148,6.15
Nepal,NPL,Country or economy,2020,24.11,0.149,6.18
Nepal,NPL,Country or economy,2021,23.988,0.231,9.63
Nepal,NPL,Country or economy,2022,23.925,0.256,10.7
Nepal,NPL,Country or economy,2023,23.925,0.256,10.7
Nepal,NPL,Country or economy,2024,23.989,0.267,11.13
Netherlands,NLD,Country or economy,1990,588.388,41.599,70.7
Netherlands,NLD,Country or economy,1991,566.771,41.499,73.22
Netherlands,NLD,Country or economy,1992,556.87,42.233,75.84
Netherlands,NLD,Country or economy,1993,548.287,41.604,75.88
Netherlands,NLD,Country or economy,1994,562.037,43.985,78.26
Netherlands,NLD,Country or economy,1995,579.055,46.197,79.78
Netherlands,NLD,Country or economy,1996,558.82,46.98,84.07
Netherlands,NLD,Country or economy,1997,557.004,47.401,85.1
Netherlands,NLD,Country or economy,1998,554.838,49.597,89.39
Netherlands,NLD,Country or economy,1999,533.29,45.415,85.16
Netherlands,NLD,Country or economy,2000,540.336,47.582,88.06
Netherlands,NLD,Country or economy,2001,541.046,49.852,92.14
Netherlands,NLD,Country or economy,2002,538.683,50.981,94.64
Netherlands,NLD,Country or economy,2003,540.756,51.626,95.47
Netherlands,NLD,Country or economy,2004,522.741,52.18,99.82
Netherlands,NLD,Country or economy,2005,511.692,50.417,98.53
Netherlands,NLD,Country or economy,2006,511.475,49.879,97.52
Netherlands,NLD,Country or economy,2007,509.886,52.865,103.68
Netherlands,NLD,Country or economy,2008,494.473,52.518,106.21
Netherlands,NLD,Country or economy,2009,486.729,54.684,112.35
Netherlands,NLD,Country or economy,2010,478.205,56.476,118.1
Netherlands,NLD,Country or economy,2011,472.354,53.206,112.64
Netherlands,NLD,Country or economy,2012,494.485,50.571,102.27
Netherlands,NLD,Country or economy,2013,500.617,50.342,100.56
Netherlands,NLD,Country or economy,2014,521.361,53.231,102.1
Netherlands,NLD,Country or economy,2015,551.454,60.103,108.99
Netherlands,NLD,Country or economy,2016,524.623,59.786,113.96
Netherlands,NLD,Country or economy,2017,489.822,56.839,116.04
Netherlands,NLD,Country or economy,2018,467.109,52.83,113.1
Netherlands,NLD,Country or economy,2019,410.037,49.225,120.05
Netherlands,NLD,Country or economy,2020,342.908,41.821,121.96
Netherlands,NLD,Country or economy,2021,351.923,42.544,120.89
Netherlands,NLD,Country or economy,2022,325.7,39.071,119.96
Netherlands,NLD,Country or economy,2023,268.189,32.172,119.96
Netherlands,NLD,Country or economy,2024,250.768,30.68,122.344
Netherlands,NLD,Country or economy,2025,253.664,34.254,135.037
New Caledonia,NCL,Country or economy,2000,505.488,0.829,1.64
New Caledonia,NCL,Country or economy,2001,547.674,0.942,1.72
New Caledonia,NCL,Country or economy,2002,571.429,1.0,1.75
New Caledonia,NCL,Country or economy,2003,562.286,0.984,1.75
New Caledonia,NCL,Country or economy,2004,554.491,0.926,1.67
New Caledonia,NCL,Country or economy,2005,554.787,1.043,1.88
New Caledonia,NCL,Country or economy,2006,572.727,1.071,1.87
New Caledonia,NCL,Country or economy,2007,534.715,1.032,1.93
New Caledonia,NCL,Country or economy,2008,506.452,0.942,1.86
New Caledonia,NCL,Country or economy,2009,539.691,1.047,1.94
New Caledonia,NCL,Country or economy,2010,617.453,1.309,2.12
New Caledonia,NCL,Country or economy,2011,592.478,1.339,2.26
New Caledonia,NCL,Country or economy,2012,579.476,1.327,2.29
New Caledonia,NCL,Country or economy,2013,581.275,1.459,2.51
New Caledonia,NCL,Country or economy,2014,636.545,1.916,3.01
New Caledonia,NCL,Country or economy,2015,626.207,1.816,2.9
New Caledonia,NCL,Country or economy,2016,673.248,2.114,3.14
New Caledonia,NCL,Country or economy,2017,656.966,2.122,3.23
New Caledonia,NCL,Country or economy,2018,666.0,2.331,3.5
New Caledonia,NCL,Country or economy,2019,664.264,2.212,3.33
New Caledonia,NCL,Country or economy,2020,656.173,2.126,3.24
New Caledonia,NCL,Country or economy,2021,598.282,1.741,2.91
New Caledonia,NCL,Country or economy,2022,569.256,1.759,3.09
New Caledonia,NCL,Country or economy,2023,569.256,1.759,3.09
New Caledonia,NCL,Country or economy,2024,564.103,1.76,3.12
New Zealand,NZL,Country or economy,2000,184.528,7.18,38.91
New Zealand,NZL,Country or economy,2001,230.117,9.039,39.28
New Zealand,NZL,Country or economy,2002,197.836,7.955,40.21
New Zealand,NZL,Country or economy,2003,231.087,9.329,40.37
New Zealand,NZL,Country or economy,2004,204.164,8.63,42.27
New Zealand,NZL,Country or economy,2005,253.931,10.787,42.48
New Zealand,NZL,Country or economy,2006,249.071,10.72,43.04
New Zealand,NZL,Country or economy,2007,226.787,9.838,43.38
New Zealand,NZL,Country or economy,2008,246.739,10.706,43.39
New Zealand,NZL,Country or economy,2009,196.764,8.451,42.95
New Zealand,NZL,Country or economy,2010,179.147,7.938,44.31
New Zealand,NZL,Country or economy,2011,165.709,7.268,43.86
New Zealand,NZL,Country or economy,2012,198.194,8.671,43.75
New Zealand,NZL,Country or economy,2013,177.026,7.559,42.7
New Zealand,NZL,Country or economy,2014,148.625,6.379,42.92
New Zealand,NZL,Country or economy,2015,142.759,6.22,43.57
New Zealand,NZL,Country or economy,2016,114.786,4.953,43.15
New Zealand,NZL,Country or economy,2017,131.929,5.76,43.66
New Zealand,NZL,Country or economy,2018,123.576,5.404,43.73
New Zealand,NZL,Country or economy,2019,133.486,5.84,43.75
New Zealand,NZL,Country or economy,2020,142.122,6.161,43.35
New Zealand,NZL,Country or economy,2021,145.121,6.32,43.55
New Zealand,NZL,Country or economy,2022,103.329,4.469,43.25
New Zealand,NZL,Country or economy,2023,87.363,3.747,42.89
New Zealand,NZL,Country or economy,2024,111.861,4.923,44.01
New Zealand,NZL,Country or economy,2025,92.686,4.017,43.34
Nicaragua,NIC,Country or economy,2000,535.088,1.22,2.28
Nicaragua,NIC,Country or economy,2001,540.486,1.335,2.47
Nicaragua,NIC,Country or economy,2002,509.804,1.3,2.55
Nicaragua,NIC,Country or economy,2003,498.519,1.346,2.7
Nicaragua,NIC,Country or economy,2004,496.085,1.394,2.81
Nicaragua,NIC,Country or economy,2005,454.545,1.3,2.86
Nicaragua,NIC,Country or economy,2006,488.498,1.529,3.13
Nicaragua,NIC,Country or economy,2007,499.687,1.599,3.2
Nicaragua,NIC,Country or economy,2008,454.167,1.526,3.36
Nicaragua,NIC,Country or economy,2009,483.768,1.669,3.45
Nicaragua,NIC,Country or economy,2010,445.753,1.627,3.65
Nicaragua,NIC,Country or economy,2011,461.942,1.76,3.81
Nicaragua,NIC,Country or economy,2012,409.181,1.649,4.03
Nicaragua,NIC,Country or economy,2013,348.681,1.454,4.17
Nicaragua,NIC,Country or economy,2014,336.771,1.502,4.46
Nicaragua,NIC,Country or economy,2015,358.388,1.645,4.59
Nicaragua,NIC,Country or economy,2016,348.148,1.598,4.59
Nicaragua,NIC,Country or economy,2017,331.637,1.499,4.52
Nicaragua,NIC,Country or economy,2018,314.409,1.462,4.65
Nicaragua,NIC,Country or economy,2019,331.878,1.52,4.58
Nicaragua,NIC,Country or economy,2020,252.243,0.956,3.79
Nicaragua,NIC,Country or economy,2021,260.333,1.096,4.21
Nicaragua,NIC,Country or economy,2022,291.204,1.258,4.32
Nicaragua,NIC,Country or economy,2023,300.442,1.358,4.52
Nicaragua,NIC,Country or economy,2024,300.442,1.358,4.52
Niger,NER,Country or economy,2000,790.476,0.166,0.21
Niger,NER,Country or economy,2001,800.0,0.144,0.18
Niger,NER,Country or economy,2002,805.263,0.153,0.19
Niger,NER,Country or economy,2003,810.0,0.162,0.2
Niger,NER,Country or economy,2004,810.0,0.162,0.2
Niger,NER,Country or economy,2005,795.652,0.183,0.23
Niger,NER,Country or economy,2006,813.636,0.179,0.22
Niger,NER,Country or economy,2007,795.455,0.175,0.22
Niger,NER,Country or economy,2008,813.636,0.179,0.22
Niger,NER,Country or economy,2009,803.846,0.209,0.26
Niger,NER,Country or economy,2010,796.552,0.231,0.29
Niger,NER,Country or economy,2011,805.882,0.274,0.34
Niger,NER,Country or economy,2012,787.179,0.307,0.39
Niger,NER,Country or economy,2013,765.909,0.337,0.44
Niger,NER,Country or economy,2014,755.556,0.34,0.45
Niger,NER,Country or economy,2015,727.778,0.393,0.54
Niger,NER,Country or economy,2016,711.429,0.498,0.7
Niger,NER,Country or economy,2017,721.429,0.404,0.56
Niger,NER,Country or economy,2018,713.208,0.378,0.53
Niger,NER,Country or economy,2019,694.03,0.465,0.67
Niger,NER,Country or economy,2020,697.015,0.467,0.67
Niger,NER,Country or economy,2021,688.732,0.489,0.71
Niger,NER,Country or economy,2022,683.544,0.54,0.79
Niger,NER,Country or economy,2023,676.289,0.656,0.97
Niger,NER,Country or economy,2024,670.526,0.637,0.95
Nigeria,NGA,Country or economy,2000,412.008,6.073,14.74
Nigeria,NGA,Country or economy,2001,411.959,6.373,15.47
Nigeria,NGA,Country or economy,2002,412.111,8.881,21.55
Nigeria,NGA,Country or economy,2003,420.347,8.491,20.2
Nigeria,NGA,Country or economy,2004,442.322,10.744,24.29
Nigeria,NGA,Country or economy,2005,444.798,10.475,23.55
Nigeria,NGA,Country or economy,2006,482.007,11.144,23.12
Nigeria,NGA,Country or economy,2007,481.862,11.078,22.99
Nigeria,NGA,Country or economy,2008,481.96,10.179,21.12
Nigeria,NGA,Country or economy,2009,508.287,10.059,19.79
Nigeria,NGA,Country or economy,2010,499.005,13.039,26.13
Nigeria,NGA,Country or economy,2011,515.533,13.94,27.04
Nigeria,NGA,Country or economy,2012,528.045,15.176,28.74
Nigeria,NGA,Country or economy,2013,535.88,15.503,28.93
Nigeria,NGA,Country or economy,2014,547.584,17.676,32.28
Nigeria,NGA,Country or economy,2015,529.937,17.578,33.17
Nigeria,NGA,Country or economy,2016,511.33,18.684,36.54
Nigeria,NGA,Country or economy,2017,500.465,16.135,32.24
Nigeria,NGA,Country or economy,2018,519.531,19.072,36.71
Nigeria,NGA,Country or economy,2019,505.869,18.444,36.46
Nigeria,NGA,Country or economy,2020,523.474,19.892,38.0
Nigeria,NGA,Country or economy,2021,522.857,20.496,39.2
Nigeria,NGA,Country or economy,2022,497.447,18.903,38.0
Nigeria,NGA,Country or economy,2023,510.191,20.877,40.92
Nigeria,NGA,Country or economy,2024,495.634,18.616,37.56
Nigeria,NGA,Country or economy,2025,451.842,19.206,42.506
North America,,Region,2000,557.924,2458.33,4406.21
North America,,Region,2001,561.637,2423.806,4315.61
North America,,Region,2002,552.668,2456.24,4444.33
North America,,Region,2003,559.513,2494.041,4457.52
North America,,Region,2004,554.15,2521.814,4550.78
North America,,Region,2005,553.817,2578.478,4655.83
North America,,Region,2006,545.926,2541.68,4655.72
North America,,Region,2007,549.253,2623.848,4777.12
North America,,Region,2008,540.726,2564.671,4743.01
North America,,Region,2009,516.385,2351.667,4554.1
North America,,Region,2010,525.043,2478.926,4721.38
North America,,Region,2011,504.016,2382.779,4727.59
North America,,Region,2012,486.605,2276.172,4677.66
North America,,Region,2013,485.24,2286.335,4711.76
North America,,Region,2014,482.605,2292.115,4749.46
North America,,Region,2015,460.259,2184.196,4745.58
North America,,Region,2016,440.931,2096.704,4755.17
North America,,Region,2017,426.949,2016.12,4722.16
North America,,Region,2018,422.937,2056.855,4863.27
North America,,Region,2019,402.729,1938.966,4814.57
North America,,Region,2020,376.813,1770.868,4699.59
North America,,Region,2021,388.686,1868.232,4806.53
North America,,Region,2022,376.862,1866.034,4951.51
North America,,Region,2023,364.249,1783.329,4895.91
North America,,Region,2024,358.655,1803.464,5028.41
North America,,Region,2025,359.946,1861.942,5172.83
North Korea,PRK,Country or economy,2000,434.663,8.389,19.3
North Korea,PRK,Country or economy,2001,433.499,8.709,20.09
North Korea,PRK,Country or economy,2002,422.228,8.301,19.66
North Korea,PRK,Country or economy,2003,404.693,8.45,20.88
North Korea,PRK,Country or economy,2004,395.563,8.647,21.86
North Korea,PRK,Country or economy,2005,393.852,8.968,22.77
North Korea,PRK,Country or economy,2006,405.558,9.048,22.31
North Korea,PRK,Country or economy,2007,355.306,7.6,21.39
North Korea,PRK,Country or economy,2008,365.221,8.422,23.06
North Korea,PRK,Country or economy,2009,433.148,10.127,23.38
North Korea,PRK,Country or economy,2010,403.903,9.52,23.57
North Korea,PRK,Country or economy,2011,346.622,7.234,20.87
North Korea,PRK,Country or economy,2012,348.315,7.44,21.36
North Korea,PRK,Country or economy,2013,347.11,7.626,21.97
North Korea,PRK,Country or economy,2014,370.717,7.963,21.48
North Korea,PRK,Country or economy,2015,433.281,8.202,18.93
North Korea,PRK,Country or economy,2016,425.913,10.141,23.81
North Korea,PRK,Country or economy,2017,453.009,10.614,23.43
North Korea,PRK,Country or economy,2018,446.234,11.08,24.83
North Korea,PRK,Country or economy,2019,486.851,11.626,23.88
North Korea,PRK,Country or economy,2020,424.896,10.24,24.1
North Korea,PRK,Country or economy,2021,342.333,8.774,25.63
North Korea,PRK,Country or economy,2022,344.03,9.134,26.55
North Korea,PRK,Country or economy,2023,346.033,9.246,26.72
North Korea,PRK,Country or economy,2024,340.59,9.23,27.1
North Macedonia,MKD,Country or economy,1990,924.87,5.318,5.75
North Macedonia,MKD,Country or economy,1991,865.685,4.995,5.77
North Macedonia,MKD,Country or economy,1992,873.147,5.3,6.07
North Macedonia,MKD,Country or economy,1993,909.846,4.713,5.18
North Macedonia,MKD,Country or economy,1994,897.98,5.334,5.94
North Macedonia,MKD,Country or economy,1995,883.687,5.417,6.13
North Macedonia,MKD,Country or economy,1996,884.789,5.875,6.64
North Macedonia,MKD,Country or economy,1997,879.198,5.917,6.73
North Macedonia,MKD,Country or economy,1998,860.567,6.067,7.05
North Macedonia,MKD,Country or economy,1999,812.974,5.577,6.86
North Macedonia,MKD,Country or economy,2000,822.614,5.602,6.81
North Macedonia,MKD,Country or economy,2001,907.849,5.783,6.37
North Macedonia,MKD,Country or economy,2002,879.475,5.356,6.09
North Macedonia,MKD,Country or economy,2003,812.63,5.469,6.73
North Macedonia,MKD,Country or economy,2004,793.994,5.288,6.66
North Macedonia,MKD,Country or economy,2005,802.017,5.566,6.94
North Macedonia,MKD,Country or economy,2006,769.33,5.393,7.01
North Macedonia,MKD,Country or economy,2007,835.077,5.428,6.5
North Macedonia,MKD,Country or economy,2008,873.217,5.51,6.31
North Macedonia,MKD,Country or economy,2009,817.742,5.577,6.82
North Macedonia,MKD,Country or economy,2010,678.375,4.925,7.26
North Macedonia,MKD,Country or economy,2011,794.97,5.374,6.76
North Macedonia,MKD,Country or economy,2012,820.447,5.136,6.26
North Macedonia,MKD,Country or economy,2013,719.048,4.379,6.09
North Macedonia,MKD,Country or economy,2014,748.141,4.025,5.38
North Macedonia,MKD,Country or economy,2015,633.982,3.582,5.65
North Macedonia,MKD,Country or economy,2016,592.362,3.335,5.63
North Macedonia,MKD,Country or economy,2017,704.821,3.947,5.6
North Macedonia,MKD,Country or economy,2018,597.148,3.35,5.61
North Macedonia,MKD,Country or economy,2019,701.193,4.116,5.87
North Macedonia,MKD,Country or economy,2020,624.345,3.334,5.34
North Macedonia,MKD,Country or economy,2021,564.919,3.124,5.53
North Macedonia,MKD,Country or economy,2022,626.431,3.721,5.94
North Macedonia,MKD,Country or economy,2023,566.667,3.91,6.9
North Macedonia,MKD,Country or economy,2024,511.727,3.229,6.31
North Macedonia,MKD,Country or economy,2025,406.901,2.889,7.1
Norway,NOR,Country or economy,1990,25.477,3.098,121.6
Norway,NOR,Country or economy,1991,25.497,2.819,110.56
Norway,NOR,Country or economy,1992,25.378,2.972,117.11
Norway,NOR,Country or economy,1993,25.501,3.053,119.72
Norway,NOR,Country or economy,1994,26.335,2.958,112.32
Norway,NOR,Country or economy,1995,26.192,3.202,122.25
Norway,NOR,Country or economy,1996,27.023,2.829,104.69
Norway,NOR,Country or economy,1997,26.507,2.929,110.5
Norway,NOR,Country or economy,1998,26.293,3.061,116.42
Norway,NOR,Country or economy,1999,26.584,3.251,122.29
Norway,NOR,Country or economy,2000,25.695,3.662,142.52
Norway,NOR,Country or economy,2001,26.855,3.258,121.32
Norway,NOR,Country or economy,2002,26.505,3.452,130.24
Norway,NOR,Country or economy,2003,27.637,2.948,106.67
Norway,NOR,Country or economy,2004,27.838,3.065,110.1
Norway,NOR,Country or economy,2005,27.038,3.711,137.25
Norway,NOR,Country or economy,2006,27.867,3.378,121.22
Norway,NOR,Country or economy,2007,28.58,3.89,136.11
Norway,NOR,Country or economy,2008,27.403,3.869,141.19
Norway,NOR,Country or economy,2009,39.093,5.12,130.97
Norway,NOR,Country or economy,2010,42.854,5.277,123.14
Norway,NOR,Country or economy,2011,38.323,4.826,125.93
Norway,NOR,Country or economy,2012,32.152,4.7,146.18
Norway,NOR,Country or economy,2013,33.927,4.517,133.14
Norway,NOR,Country or economy,2014,33.894,4.775,140.88
Norway,NOR,Country or economy,2015,33.699,4.819,143.0
Norway,NOR,Country or economy,2016,33.149,4.907,148.03
Norway,NOR,Country or economy,2017,32.92,4.881,148.27
Norway,NOR,Country or economy,2018,33.151,4.838,145.94
Norway,NOR,Country or economy,2019,33.46,4.478,133.83
Norway,NOR,Country or economy,2020,30.417,4.694,154.32
Norway,NOR,Country or economy,2021,26.901,4.227,157.13
Norway,NOR,Country or economy,2022,29.604,4.305,145.42
Norway,NOR,Country or economy,2023,30.45,4.678,153.63
Norway,NOR,Country or economy,2024,29.643,4.657,157.105
Norway,NOR,Country or economy,2025,28.05,4.512,160.855
OECD,,Region,2000,491.398,4727.285,9620.07
OECD,,Region,2001,491.511,4723.151,9609.45
OECD,,Region,2002,490.49,4819.746,9826.39
OECD,,Region,2003,500.268,4971.424,9937.52
OECD,,Region,2004,490.981,4997.077,10177.75
OECD,,Region,2005,491.608,5114.354,10403.32
OECD,,Region,2006,486.714,5109.898,10498.76
OECD,,Region,2007,493.266,5294.884,10734.33
OECD,,Region,2008,484.54,5208.959,10750.31
OECD,,Region,2009,469.024,4847.596,10335.49
OECD,,Region,2010,467.817,5027.886,10747.56
OECD,,Region,2011,465.062,4985.518,10720.12
OECD,,Region,2012,466.579,5005.311,10727.69
OECD,,Region,2013,461.939,4953.699,10723.7
OECD,,Region,2014,454.855,4852.614,10668.48
OECD,,Region,2015,440.699,4726.922,10725.97
OECD,,Region,2016,428.206,4641.386,10839.15
OECD,,Region,2017,420.708,4586.537,10901.95
OECD,,Region,2018,412.437,4568.969,11077.99
OECD,,Region,2019,390.398,4275.905,10952.67
OECD,,Region,2020,367.4,3916.03,10658.751
OECD,,Region,2021,372.946,4091.033,10969.5
OECD,,Region,2022,371.217,4104.371,11056.54
OECD,,Region,2023,349.113,3803.174,10893.83
OECD,,Region,2024,337.593,3766.446,11156.767
OECD,,Region,2025,335.937,3818.363,11366.312
Oceania,,Region,2000,705.298,185.578,263.12
Oceania,,Region,2001,711.587,193.267,271.6
Oceania,,Region,2002,697.981,189.746,271.85
Oceania,,Region,2003,701.324,192.815,274.93
Oceania,,Region,2004,695.608,195.132,280.52
Oceania,,Region,2005,701.766,198.298,282.57
Oceania,,Region,2006,701.551,203.576,290.18
Oceania,,Region,2007,698.948,206.707,295.74
Oceania,,Region,2008,702.82,209.363,297.89
Oceania,,Region,2009,692.725,209.21,302.01
Oceania,,Region,2010,680.849,207.652,304.99
Oceania,,Region,2011,659.211,204.362,310.01
Oceania,,Region,2012,660.249,200.927,304.32
Oceania,,Region,2013,641.384,194.102,302.63
Oceania,,Region,2014,643.668,194.214,301.73
Oceania,,Region,2015,639.882,197.653,308.89
Oceania,,Region,2016,624.791,195.747,313.3
Oceania,,Region,2017,630.521,198.198,314.34
Oceania,,Region,2018,606.027,192.965,318.41
Oceania,,Region,2019,592.654,190.568,321.55
Oceania,,Region,2020,571.033,182.742,320.02
Oceania,,Region,2021,541.046,174.547,322.61
Oceania,,Region,2022,513.509,168.513,328.16
Oceania,,Region,2023,494.073,162.145,328.18
Oceania,,Region,2024,494.968,167.28,337.961
Oceania,,Region,2025,469.531,160.833,342.54
Oman,OMN,Country or economy,2000,580.571,5.289,9.11
Oman,OMN,Country or economy,2001,581.109,5.66,9.74
Oman,OMN,Country or economy,2002,581.413,6.006,10.33
Oman,OMN,Country or economy,2003,581.419,6.227,10.71
Oman,OMN,Country or economy,2004,581.391,6.686,11.5
Oman,OMN,Country or economy,2005,579.368,7.329,12.65
Oman,OMN,Country or economy,2006,578.631,7.69,13.29
Oman,OMN,Country or economy,2007,566.267,8.024,14.17
Oman,OMN,Country or economy,2008,566.667,9.095,16.05
Oman,OMN,Country or economy,2009,566.612,10.454,18.45
Oman,OMN,Country or economy,2010,566.683,11.226,19.81
Oman,OMN,Country or economy,2011,566.804,12.396,21.87
Oman,OMN,Country or economy,2012,566.867,14.183,25.02
Oman,OMN,Country or economy,2013,567.073,14.88,26.24
Oman,OMN,Country or economy,2014,567.044,16.518,29.13
Oman,OMN,Country or economy,2015,567.053,18.571,32.75
Oman,OMN,Country or economy,2016,567.163,19.414,34.23
Oman,OMN,Country or economy,2017,566.999,20.497,36.15
Oman,OMN,Country or economy,2018,566.711,21.399,37.76
Oman,OMN,Country or economy,2019,566.495,22.031,38.89
Oman,OMN,Country or economy,2020,565.445,21.6,38.2
Oman,OMN,Country or economy,2021,559.098,22.923,41.0
Oman,OMN,Country or economy,2022,545.094,23.112,42.4
Oman,OMN,Country or economy,2023,542.556,24.415,45.0
Oman,OMN,Country or economy,2024,542.872,26.655,49.1
Oman,OMN,Country or economy,2025,544.398,28.766,52.84
Pakistan,PAK,Country or economy,2000,499.985,33.244,66.49
Pakistan,PAK,Country or economy,2001,483.705,34.88,72.11
Pakistan,PAK,Country or economy,2002,465.725,35.288,75.77
Pakistan,PAK,Country or economy,2003,442.373,36.31,82.08
Pakistan,PAK,Country or economy,2004,461.796,39.696,85.96
Pakistan,PAK,Country or economy,2005,441.73,41.77,94.56
Pakistan,PAK,Country or economy,2006,442.952,44.087,99.53
Pakistan,PAK,Country or economy,2007,456.713,43.913,96.15
Pakistan,PAK,Country or economy,2008,459.112,42.702,93.01
Pakistan,PAK,Country or economy,2009,458.173,44.035,96.11
Pakistan,PAK,Country or economy,2010,429.723,40.626,94.54
Pakistan,PAK,Country or economy,2011,443.383,42.046,94.83
Pakistan,PAK,Country or economy,2012,431.662,42.346,98.1
Pakistan,PAK,Country or economy,2013,436.117,45.74,104.88
Pakistan,PAK,Country or economy,2014,432.814,46.705,107.91
Pakistan,PAK,Country or economy,2015,431.847,48.708,112.79
Pakistan,PAK,Country or economy,2016,456.973,56.162,122.9
Pakistan,PAK,Country or economy,2017,486.468,63.416,130.36
Pakistan,PAK,Country or economy,2018,484.576,62.52,129.02
Pakistan,PAK,Country or economy,2019,469.452,63.362,134.97
Pakistan,PAK,Country or economy,2020,463.709,62.865,135.57
Pakistan,PAK,Country or economy,2021,453.142,67.21,148.32
Pakistan,PAK,Country or economy,2022,401.204,60.987,152.01
Pakistan,PAK,Country or economy,2023,365.306,54.069,148.01
Pakistan,PAK,Country or economy,2024,334.422,50.501,151.01
Pakistan,PAK,Country or economy,2025,308.085,52.701,171.06
Palestine (State of),PSE,Country or economy,2000,666.667,0.02,0.03
Palestine (State of),PSE,Country or economy,2001,650.0,0.026,0.04
Palestine (State of),PSE,Country or economy,2002,660.0,0.099,0.15
Palestine (State of),PSE,Country or economy,2003,658.824,0.224,0.34
Palestine (State of),PSE,Country or economy,2004,657.5,0.263,0.4
Palestine (State of),PSE,Country or economy,2005,658.0,0.329,0.5
Palestine (State of),PSE,Country or economy,2006,657.143,0.23,0.35
Palestine (State of),PSE,Country or economy,2007,657.143,0.276,0.42
Palestine (State of),PSE,Country or economy,2008,658.14,0.283,0.43
Palestine (State of),PSE,Country or economy,2009,658.0,0.329,0.5
Palestine (State of),PSE,Country or economy,2010,657.447,0.309,0.47
Palestine (State of),PSE,Country or economy,2011,657.895,0.375,0.57
Palestine (State of),PSE,Country or economy,2012,658.696,0.303,0.46
Palestine (State of),PSE,Country or economy,2013,658.491,0.349,0.53
Palestine (State of),PSE,Country or economy,2014,658.824,0.224,0.34
Palestine (State of),PSE,Country or economy,2015,646.154,0.336,0.52
Palestine (State of),PSE,Country or economy,2016,611.321,0.324,0.53
Palestine (State of),PSE,Country or economy,2017,601.818,0.331,0.55
Palestine (State of),PSE,Country or economy,2018,571.429,0.24,0.42
Palestine (State of),PSE,Country or economy,2019,567.901,0.46,0.81
Palestine (State of),PSE,Country or economy,2020,527.381,0.443,0.84
Palestine (State of),PSE,Country or economy,2021,509.89,0.464,0.91
Palestine (State of),PSE,Country or economy,2022,454.902,0.464,1.02
Palestine (State of),PSE,Country or economy,2023,414.118,0.352,0.85
Palestine (State of),PSE,Country or economy,2024,417.172,0.413,0.99
Panama,PAN,Country or economy,2000,212.679,1.04,4.89
Panama,PAN,Country or economy,2001,346.68,1.775,5.12
Panama,PAN,Country or economy,2002,248.771,1.316,5.29
Panama,PAN,Country or economy,2003,335.368,1.868,5.57
Panama,PAN,Country or economy,2004,240.278,1.384,5.76
Panama,PAN,Country or economy,2005,251.031,1.461,5.82
Panama,PAN,Country or economy,2006,276.756,1.655,5.98
Panama,PAN,Country or economy,2007,292.415,1.889,6.46
Panama,PAN,Country or economy,2008,265.008,1.704,6.43
Panama,PAN,Country or economy,2009,298.698,2.064,6.91
Panama,PAN,Country or economy,2010,296.748,2.19,7.38
Panama,PAN,Country or economy,2011,336.701,2.633,7.82
Panama,PAN,Country or economy,2012,276.074,2.377,8.61
Panama,PAN,Country or economy,2013,307.821,2.755,8.95
Panama,PAN,Country or economy,2014,320.323,2.979,9.3
Panama,PAN,Country or economy,2015,258.252,2.66,10.3
Panama,PAN,Country or economy,2016,248.07,2.699,10.88
Panama,PAN,Country or economy,2017,205.888,2.273,11.04
Panama,PAN,Country or economy,2018,169.911,1.903,11.2
Panama,PAN,Country or economy,2019,324.914,3.782,11.64
Panama,PAN,Country or economy,2020,180.622,1.976,10.94
Panama,PAN,Country or economy,2021,160.776,1.947,12.11
Panama,PAN,Country or economy,2022,169.714,2.079,12.25
Panama,PAN,Country or economy,2023,265.904,3.486,13.11
Panama,PAN,Country or economy,2024,220.328,2.959,13.43
Papua New Guinea,PNG,Country or economy,2000,398.157,0.864,2.17
Papua New Guinea,PNG,Country or economy,2001,448.881,1.203,2.68
Papua New Guinea,PNG,Country or economy,2002,462.718,1.328,2.87
Papua New Guinea,PNG,Country or economy,2003,473.913,1.526,3.22
Papua New Guinea,PNG,Country or economy,2004,494.872,1.737,3.51
Papua New Guinea,PNG,Country or economy,2005,458.564,1.66,3.62
Papua New Guinea,PNG,Country or economy,2006,450.882,1.533,3.4
Papua New Guinea,PNG,Country or economy,2007,429.254,1.438,3.35
Papua New Guinea,PNG,Country or economy,2008,433.724,1.479,3.41
Papua New Guinea,PNG,Country or economy,2009,431.157,1.453,3.37
Papua New Guinea,PNG,Country or economy,2010,440.171,1.545,3.51
Papua New Guinea,PNG,Country or economy,2011,428.375,1.555,3.63
Papua New Guinea,PNG,Country or economy,2012,431.903,1.611,3.73
Papua New Guinea,PNG,Country or economy,2013,442.394,1.774,4.01
Papua New Guinea,PNG,Country or economy,2014,453.972,1.943,4.28
Papua New Guinea,PNG,Country or economy,2015,467.108,2.116,4.53
Papua New Guinea,PNG,Country or economy,2016,477.987,2.28,4.77
Papua New Guinea,PNG,Country or economy,2017,491.724,2.139,4.35
Papua New Guinea,PNG,Country or economy,2018,521.789,2.275,4.36
Papua New Guinea,PNG,Country or economy,2019,497.43,2.129,4.28
Papua New Guinea,PNG,Country or economy,2020,493.415,2.023,4.1
Papua New Guinea,PNG,Country or economy,2021,509.492,2.308,4.53
Papua New Guinea,PNG,Country or economy,2022,532.462,2.444,4.59
Papua New Guinea,PNG,Country or economy,2023,516.068,2.441,4.73
Papua New Guinea,PNG,Country or economy,2024,516.068,2.441,4.73
Paraguay,PRY,Country or economy,2000,23.761,1.271,53.49
Paraguay,PRY,Country or economy,2001,23.764,1.077,45.32
Paraguay,PRY,Country or economy,2002,23.75,1.145,48.21
Paraguay,PRY,Country or economy,2003,23.759,1.23,51.77
Paraguay,PRY,Country or economy,2004,23.763,1.234,51.93
Paraguay,PRY,Country or economy,2005,23.764,1.216,51.17
Paraguay,PRY,Country or economy,2006,23.768,1.278,53.77
Paraguay,PRY,Country or economy,2007,23.757,1.276,53.71
Paraguay,PRY,Country or economy,2008,23.765,1.318,55.46
Paraguay,PRY,Country or economy,2009,23.753,1.305,54.94
Paraguay,PRY,Country or economy,2010,23.751,1.284,54.06
Paraguay,PRY,Country or economy,2011,23.759,1.369,57.62
Paraguay,PRY,Country or economy,2012,23.759,1.431,60.23
Paraguay,PRY,Country or economy,2013,24.178,1.463,60.51
Paraguay,PRY,Country or economy,2014,24.355,1.35,55.43
Paraguay,PRY,Country or economy,2015,24.28,1.357,55.89
Paraguay,PRY,Country or economy,2016,24.273,1.552,63.94
Paraguay,PRY,Country or economy,2017,24.206,1.448,59.82
Paraguay,PRY,Country or economy,2018,24.183,1.435,59.34
Paraguay,PRY,Country or economy,2019,24.299,1.205,49.59
Paraguay,PRY,Country or economy,2020,24.834,1.158,46.63
Paraguay,PRY,Country or economy,2021,25.024,1.022,40.84
Paraguay,PRY,Country or economy,2022,24.802,1.094,44.11
Paraguay,PRY,Country or economy,2023,24.623,1.306,53.04
Paraguay,PRY,Country or economy,2024,24.853,1.054,42.41
Paraguay,PRY,Country or economy,2025,24.785,1.124,45.35
Peru,PER,Country or economy,2000,141.315,2.815,19.92
Peru,PER,Country or economy,2001,117.91,2.449,20.77
Peru,PER,Country or economy,2002,138.881,3.054,21.99
Peru,PER,Country or economy,2003,145.835,3.344,22.93
Peru,PER,Country or economy,2004,200.247,4.856,24.25
Peru,PER,Country or economy,2005,199.804,5.095,25.5
Peru,PER,Country or economy,2006,193.019,5.281,27.36
Peru,PER,Country or economy,2007,229.502,6.869,29.93
Peru,PER,Country or economy,2008,269.195,8.73,32.43
Peru,PER,Country or economy,2009,265.158,8.729,32.92
Peru,PER,Country or economy,2010,283.199,10.164,35.89
Peru,PER,Country or economy,2011,286.388,11.235,39.23
Peru,PER,Country or economy,2012,297.648,11.894,39.96
Peru,PER,Country or economy,2013,304.964,13.269,43.51
Peru,PER,Country or economy,2014,309.403,14.149,45.73
Peru,PER,Country or economy,2015,305.884,14.765,48.27
Peru,PER,Country or economy,2016,320.937,16.57,51.63
Peru,PER,Country or economy,2017,271.599,14.316,52.71
Peru,PER,Country or economy,2018,252.746,13.805,54.62
Peru,PER,Country or economy,2019,256.761,14.602,56.87
Peru,PER,Country or economy,2020,239.63,12.698,52.99
Peru,PER,Country or economy,2021,250.763,14.291,56.99
Peru,PER,Country or economy,2022,287.696,17.233,59.9
Peru,PER,Country or economy,2023,291.868,17.766,60.87
Peru,PER,Country or economy,2024,258.442,15.323,59.29
Peru,PER,Country or economy,2025,238.145,14.413,60.522
Poland,POL,Country or economy,1990,967.061,130.002,134.43
Poland,POL,Country or economy,1991,967.737,128.438,132.72
Poland,POL,Country or economy,1992,966.667,126.324,130.68
Poland,POL,Country or economy,1993,967.18,127.455,131.78
Poland,POL,Country or economy,1994,963.808,128.466,133.29
Poland,POL,Country or economy,1995,961.773,131.811,137.05
Poland,POL,Country or economy,1996,960.628,135.631,141.19
Poland,POL,Country or economy,1997,959.486,135.23,140.94
Poland,POL,Country or economy,1998,957.313,134.761,140.77
Poland,POL,Country or economy,1999,956.833,133.947,139.99
Poland,POL,Country or economy,2000,954.589,136.678,143.18
Poland,POL,Country or economy,2001,949.513,136.464,143.72
Poland,POL,Country or economy,2002,945.673,134.749,142.49
Poland,POL,Country or economy,2003,949.777,142.476,150.01
Poland,POL,Country or economy,2004,941.288,143.584,152.54
Poland,POL,Country or economy,2005,932.191,144.76,155.29
Poland,POL,Country or economy,2006,931.91,149.758,160.7
Poland,POL,Country or economy,2007,925.385,146.692,158.52
Poland,POL,Country or economy,2008,918.57,141.919,154.5
Poland,POL,Country or economy,2009,904.865,136.508,150.86
Poland,POL,Country or economy,2010,893.079,140.008,156.77
Poland,POL,Country or economy,2011,881.654,143.595,162.87
Poland,POL,Country or economy,2012,860.812,139.004,161.48
Poland,POL,Country or economy,2013,863.28,141.388,163.78
Poland,POL,Country or economy,2014,844.086,133.661,158.35
Poland,POL,Country or economy,2015,826.19,135.743,164.3
Poland,POL,Country or economy,2016,818.536,135.877,166.0
Poland,POL,Country or economy,2017,805.579,136.876,169.91
Poland,POL,Country or economy,2018,809.013,137.071,169.43
Poland,POL,Country or economy,2019,771.621,125.944,163.22
Poland,POL,Country or economy,2020,738.269,116.019,157.15
Poland,POL,Country or economy,2021,756.357,135.229,178.79
Poland,POL,Country or economy,2022,732.514,130.827,178.6
Poland,POL,Country or economy,2023,650.846,107.728,165.52
Poland,POL,Country or economy,2024,608.468,104.713,172.093
Poland,POL,Country or economy,2025,590.886,101.909,172.468
Portugal,PRT,Country or economy,1990,539.675,15.289,28.33
Portugal,PRT,Country or economy,1991,552.826,16.43,29.72
Portugal,PRT,Country or economy,1992,650.339,19.172,29.48
Portugal,PRT,Country or economy,1993,581.68,17.939,30.84
Portugal,PRT,Country or economy,1994,539.589,16.792,31.12
Portugal,PRT,Country or economy,1995,606.715,19.967,32.91
Portugal,PRT,Country or economy,1996,482.164,16.49,34.2
Portugal,PRT,Country or economy,1997,513.19,17.392,33.89
Portugal,PRT,Country or economy,1998,515.484,19.975,38.75
Portugal,PRT,Country or economy,1999,606.645,25.928,42.74
Portugal,PRT,Country or economy,2000,546.309,23.606,43.21
Portugal,PRT,Country or economy,2001,507.099,23.357,46.06
Portugal,PRT,Country or economy,2002,592.667,26.996,45.55
Portugal,PRT,Country or economy,2003,485.342,22.515,46.39
Portugal,PRT,Country or economy,2004,541.406,24.19,44.68
Portugal,PRT,Country or economy,2005,595.675,27.407,46.01
Portugal,PRT,Country or economy,2006,503.926,24.39,48.4
Portugal,PRT,Country or economy,2007,472.34,22.063,46.71
Portugal,PRT,Country or economy,2008,471.548,21.38,45.34
Portugal,PRT,Country or economy,2009,452.815,22.36,49.38
Portugal,PRT,Country or economy,2010,317.203,16.964,53.48
Portugal,PRT,Country or economy,2011,375.183,19.427,51.78
Portugal,PRT,Country or economy,2012,441.021,20.04,45.44
Portugal,PRT,Country or economy,2013,340.318,17.135,50.35
Portugal,PRT,Country or economy,2014,325.656,16.869,51.8
Portugal,PRT,Country or economy,2015,413.923,21.168,51.14
Portugal,PRT,Country or economy,2016,343.861,20.305,59.05
Portugal,PRT,Country or economy,2017,433.686,24.976,57.59
Portugal,PRT,Country or economy,2018,358.852,20.939,58.35
Portugal,PRT,Country or economy,2019,300.814,15.522,51.6
Portugal,PRT,Country or economy,2020,248.161,12.753,51.39
Portugal,PRT,Country or economy,2021,210.666,10.369,49.22
Portugal,PRT,Country or economy,2022,225.038,10.426,46.33
Portugal,PRT,Country or economy,2023,158.474,7.312,46.14
Portugal,PRT,Country or economy,2024,110.639,5.232,47.289
Portugal,PRT,Country or economy,2025,127.805,6.533,51.117
Puerto Rico,PRI,Country or economy,2000,657.162,14.359,21.85
Puerto Rico,PRI,Country or economy,2001,655.939,14.634,22.31
Puerto Rico,PRI,Country or economy,2002,663.86,15.375,23.16
Puerto Rico,PRI,Country or economy,2003,684.741,16.379,23.92
Puerto Rico,PRI,Country or economy,2004,685.714,16.56,24.15
Puerto Rico,PRI,Country or economy,2005,684.054,17.074,24.96
Puerto Rico,PRI,Country or economy,2006,689.267,17.211,24.97
Puerto Rico,PRI,Country or economy,2007,689.222,17.01,24.68
Puerto Rico,PRI,Country or economy,2008,690.71,16.059,23.25
Puerto Rico,PRI,Country or economy,2009,688.194,15.856,23.04
Puerto Rico,PRI,Country or economy,2010,686.409,15.959,23.25
Puerto Rico,PRI,Country or economy,2011,691.779,15.399,22.26
Puerto Rico,PRI,Country or economy,2012,687.982,15.342,22.3
Puerto Rico,PRI,Country or economy,2013,685.102,14.716,21.48
Puerto Rico,PRI,Country or economy,2014,686.562,14.459,21.06
Puerto Rico,PRI,Country or economy,2015,681.196,14.237,20.9
Puerto Rico,PRI,Country or economy,2016,683.527,14.108,20.64
Puerto Rico,PRI,Country or economy,2017,674.481,11.048,16.38
Puerto Rico,PRI,Country or economy,2018,671.622,11.881,17.69
Puerto Rico,PRI,Country or economy,2019,674.36,12.914,19.15
Puerto Rico,PRI,Country or economy,2020,668.904,12.756,19.07
Puerto Rico,PRI,Country or economy,2021,666.064,12.895,19.36
Puerto Rico,PRI,Country or economy,2022,661.256,13.159,19.9
Puerto Rico,PRI,Country or economy,2023,661.206,13.158,19.9
Puerto Rico,PRI,Country or economy,2024,656.55,13.131,20.0
Puerto Rico,PRI,Country or economy,2025,656.143,12.823,19.543
Qatar,QAT,Country or economy,2000,603.724,5.512,9.13
Qatar,QAT,Country or economy,2001,603.719,6.007,9.95
Qatar,QAT,Country or economy,2002,603.656,6.604,10.94
Qatar,QAT,Country or economy,2003,603.664,7.25,12.01
Qatar,QAT,Country or economy,2004,603.704,7.987,13.23
Qatar,QAT,Country or economy,2005,603.681,8.693,14.4
Qatar,QAT,Country or economy,2006,603.689,10.311,17.08
Qatar,QAT,Country or economy,2007,603.7,11.748,19.46
Qatar,QAT,Country or economy,2008,603.7,13.052,21.62
Qatar,QAT,Country or economy,2009,603.684,14.585,24.16
Qatar,QAT,Country or economy,2010,603.696,16.988,28.14
Qatar,QAT,Country or economy,2011,603.677,18.551,30.73
Qatar,QAT,Country or economy,2012,603.563,21.004,34.8
Qatar,QAT,Country or economy,2013,602.791,20.947,34.75
Qatar,QAT,Country or economy,2014,602.552,23.379,38.8
Qatar,QAT,Country or economy,2015,602.426,25.079,41.63
Qatar,QAT,Country or economy,2016,602.451,25.568,42.44
Qatar,QAT,Country or economy,2017,602.451,27.532,45.7
Qatar,QAT,Country or economy,2018,602.434,28.953,48.06
Qatar,QAT,Country or economy,2019,602.64,30.132,50.0
Qatar,QAT,Country or economy,2020,602.551,29.766,49.4
Qatar,QAT,Country or economy,2021,602.529,31.205,51.79
Qatar,QAT,Country or economy,2022,596.767,32.673,54.75
Qatar,QAT,Country or economy,2023,584.25,32.94,56.38
Qatar,QAT,Country or economy,2024,581.704,32.971,56.68
Qatar,QAT,Country or economy,2025,581.895,33.271,57.177
Reunion,REU,Country or economy,2000,480.682,0.846,1.76
Reunion,REU,Country or economy,2001,517.838,0.958,1.85
Reunion,REU,Country or economy,2002,493.782,0.953,1.93
Reunion,REU,Country or economy,2003,498.077,1.036,2.08
Reunion,REU,Country or economy,2004,497.717,1.09,2.19
Reunion,REU,Country or economy,2005,567.401,1.288,2.27
Reunion,REU,Country or economy,2006,558.898,1.319,2.36
Reunion,REU,Country or economy,2007,573.577,1.411,2.46
Reunion,REU,Country or economy,2008,582.283,1.479,2.54
Reunion,REU,Country or economy,2009,596.183,1.562,2.62
Reunion,REU,Country or economy,2010,587.778,1.587,2.7
Reunion,REU,Country or economy,2011,610.182,1.678,2.75
Reunion,REU,Country or economy,2012,581.56,1.64,2.82
Reunion,REU,Country or economy,2013,553.546,1.561,2.82
Reunion,REU,Country or economy,2014,575.524,1.646,2.86
Reunion,REU,Country or economy,2015,553.103,1.604,2.9
Reunion,REU,Country or economy,2016,560.544,1.648,2.94
Reunion,REU,Country or economy,2017,570.47,1.7,2.98
Reunion,REU,Country or economy,2018,534.915,1.578,2.95
Reunion,REU,Country or economy,2019,569.508,1.737,3.05
Reunion,REU,Country or economy,2020,643.272,2.438,3.79
Reunion,REU,Country or economy,2021,572.168,1.768,3.09
Reunion,REU,Country or economy,2022,485.294,1.485,3.06
Reunion,REU,Country or economy,2023,398.697,1.224,3.07
Romania,ROU,Country or economy,1990,584.246,37.567,64.3
Romania,ROU,Country or economy,1991,530.599,30.138,56.8
Romania,ROU,Country or economy,1992,588.095,31.763,54.01
Romania,ROU,Country or economy,1993,588.855,32.599,55.36
Romania,ROU,Country or economy,1994,592.115,32.59,55.04
Romania,ROU,Country or economy,1995,564.64,33.342,59.05
Romania,ROU,Country or economy,1996,560.315,34.196,61.03
Romania,ROU,Country or economy,1997,480.078,27.23,56.72
Romania,ROU,Country or economy,1998,436.252,23.117,52.99
Romania,ROU,Country or economy,1999,441.232,22.269,50.47
Romania,ROU,Country or economy,2000,513.673,26.485,51.56
Romania,ROU,Country or economy,2001,524.556,28.09,53.55
Romania,ROU,Country or economy,2002,515.05,28.029,54.42
Romania,ROU,Country or economy,2003,573.869,31.471,54.84
Romania,ROU,Country or economy,2004,518.027,29.253,56.47
Romania,ROU,Country or economy,2005,490.005,29.072,59.33
Romania,ROU,Country or economy,2006,530.147,33.166,62.56
Romania,ROU,Country or economy,2007,529.516,32.597,61.56
Romania,ROU,Country or economy,2008,497.656,32.278,64.86
Romania,ROU,Country or economy,2009,469.509,27.039,57.59
Romania,ROU,Country or economy,2010,424.644,25.657,60.42
Romania,ROU,Country or economy,2011,490.663,30.323,61.8
Romania,ROU,Country or economy,2012,486.83,28.499,58.54
Romania,ROU,Country or economy,2013,389.758,22.68,58.19
Romania,ROU,Country or economy,2014,356.824,23.165,64.92
Romania,ROU,Country or economy,2015,369.007,24.229,65.66
Romania,ROU,Country or economy,2016,345.406,22.182,64.22
Romania,ROU,Country or economy,2017,369.232,23.461,63.54
Romania,ROU,Country or economy,2018,347.979,22.295,64.07
Romania,ROU,Country or economy,2019,329.255,19.347,58.76
Romania,ROU,Country or economy,2020,277.558,15.324,55.21
Romania,ROU,Country or economy,2021,290.215,16.995,58.56
Romania,ROU,Country or economy,2022,297.771,16.3,54.74
Romania,ROU,Country or economy,2023,243.003,13.839,56.95
Romania,ROU,Country or economy,2024,259.697,13.692,52.723
Romania,ROU,Country or economy,2025,259.161,12.929,49.888
Russia,RUS,Country or economy,1985,492.045,473.352,962.01
Russia,RUS,Country or economy,1986,492.082,492.771,1001.4
Russia,RUS,Country or economy,1987,488.552,511.656,1047.29
Russia,RUS,Country or economy,1988,486.298,518.146,1065.49
Russia,RUS,Country or economy,1989,487.92,525.251,1076.51
Russia,RUS,Country or economy,1990,495.619,536.354,1082.19
Russia,RUS,Country or economy,1991,491.898,525.421,1068.15
Russia,RUS,Country or economy,1992,482.514,486.591,1008.45
Russia,RUS,Country or economy,1993,472.922,452.392,956.59
Russia,RUS,Country or economy,1994,481.479,421.737,875.92
Russia,RUS,Country or economy,1995,476.842,410.098,860.03
Russia,RUS,Country or economy,1996,482.338,408.632,847.19
Russia,RUS,Country or economy,1997,476.995,397.876,834.13
Russia,RUS,Country or economy,1998,481.62,398.377,827.16
Russia,RUS,Country or economy,1999,468.377,396.35,846.22
Russia,RUS,Country or economy,2000,469.933,412.488,877.76
Russia,RUS,Country or economy,2001,458.312,408.48,891.27
Russia,RUS,Country or economy,2002,463.036,412.695,891.28
Russia,RUS,Country or economy,2003,465.28,426.331,916.29
Russia,RUS,Country or economy,2004,453.732,422.837,931.91
Russia,RUS,Country or economy,2005,457.397,436.407,954.11
Russia,RUS,Country or economy,2006,462.505,458.86,992.12
Russia,RUS,Country or economy,2007,458.195,466.763,1018.7
Russia,RUS,Country or economy,2008,475.096,494.1,1040.0
Russia,RUS,Country or economy,2009,452.103,448.983,993.1
Russia,RUS,Country or economy,2010,458.008,475.421,1038.02
Russia,RUS,Country or economy,2011,461.316,486.624,1054.86
Russia,RUS,Country or economy,2012,461.866,493.859,1069.27
Russia,RUS,Country or economy,2013,450.179,476.776,1059.08
Russia,RUS,Country or economy,2014,449.279,478.123,1064.2
Russia,RUS,Country or economy,2015,444.356,474.372,1067.55
Russia,RUS,Country or economy,2016,442.771,483.05,1090.97
Russia,RUS,Country or economy,2017,439.718,479.807,1091.17
Russia,RUS,Country or economy,2018,439.415,487.395,1109.19
Russia,RUS,Country or economy,2019,440.13,492.136,1118.16
Russia,RUS,Country or economy,2020,417.738,453.421,1085.42
Russia,RUS,Country or economy,2021,426.896,493.948,1157.07
Russia,RUS,Country or economy,2022,436.426,509.283,1166.94
Russia,RUS,Country or economy,2023,442.886,521.831,1178.25
Russia,RUS,Country or economy,2024,446.125,539.503,1209.31
Russia,RUS,Country or economy,2025,449.607,536.826,1193.989
Rwanda,RWA,Country or economy,2000,262.5,0.042,0.16
Rwanda,RWA,Country or economy,2001,280.0,0.042,0.15
Rwanda,RWA,Country or economy,2002,282.353,0.048,0.17
Rwanda,RWA,Country or economy,2003,233.333,0.042,0.18
Rwanda,RWA,Country or economy,2004,292.857,0.041,0.14
Rwanda,RWA,Country or economy,2005,326.316,0.062,0.19
Rwanda,RWA,Country or economy,2006,351.852,0.095,0.27
Rwanda,RWA,Country or economy,2007,352.0,0.088,0.25
Rwanda,RWA,Country or economy,2008,306.897,0.089,0.29
Rwanda,RWA,Country or economy,2009,332.258,0.103,0.31
Rwanda,RWA,Country or economy,2010,407.143,0.114,0.28
Rwanda,RWA,Country or economy,2011,382.857,0.134,0.35
Rwanda,RWA,Country or economy,2012,364.103,0.142,0.39
Rwanda,RWA,Country or economy,2013,400.0,0.148,0.37
Rwanda,RWA,Country or economy,2014,343.902,0.141,0.41
Rwanda,RWA,Country or economy,2015,294.118,0.15,0.51
Rwanda,RWA,Country or economy,2016,334.375,0.214,0.64
Rwanda,RWA,Country or economy,2017,361.538,0.235,0.65
Rwanda,RWA,Country or economy,2018,385.366,0.316,0.82
Rwanda,RWA,Country or economy,2019,324.706,0.276,0.85
Rwanda,RWA,Country or economy,2020,250.562,0.223,0.89
Rwanda,RWA,Country or economy,2021,278.0,0.278,1.0
Rwanda,RWA,Country or economy,2022,289.423,0.301,1.04
Rwanda,RWA,Country or economy,2023,365.455,0.402,1.1
Rwanda,RWA,Country or economy,2024,361.947,0.409,1.13
Saint Kitts and Nevis,KNA,Country or economy,2000,660.0,0.099,0.15
Saint Kitts and Nevis,KNA,Country or economy,2001,656.25,0.105,0.16
Saint Kitts and Nevis,KNA,Country or economy,2002,655.556,0.118,0.18
Saint Kitts and Nevis,KNA,Country or economy,2003,655.556,0.118,0.18
Saint Kitts and Nevis,KNA,Country or economy,2004,655.556,0.118,0.18
Saint Kitts and Nevis,KNA,Country or economy,2005,657.895,0.125,0.19
Saint Kitts and Nevis,KNA,Country or economy,2006,657.895,0.125,0.19
Saint Kitts and Nevis,KNA,Country or economy,2007,657.143,0.138,0.21
Saint Kitts and Nevis,KNA,Country or economy,2008,660.0,0.132,0.2
Saint Kitts and Nevis,KNA,Country or economy,2009,659.091,0.145,0.22
Saint Kitts and Nevis,KNA,Country or economy,2010,657.143,0.138,0.21
Saint Kitts and Nevis,KNA,Country or economy,2011,659.091,0.145,0.22
Saint Kitts and Nevis,KNA,Country or economy,2012,627.273,0.138,0.22
Saint Kitts and Nevis,KNA,Country or economy,2013,627.273,0.138,0.22
Saint Kitts and Nevis,KNA,Country or economy,2014,627.273,0.138,0.22
Saint Kitts and Nevis,KNA,Country or economy,2015,627.273,0.138,0.22
Saint Kitts and Nevis,KNA,Country or economy,2016,630.435,0.145,0.23
Saint Kitts and Nevis,KNA,Country or economy,2017,659.091,0.145,0.22
Saint Kitts and Nevis,KNA,Country or economy,2018,630.435,0.145,0.23
Saint Kitts and Nevis,KNA,Country or economy,2019,630.435,0.145,0.23
Saint Kitts and Nevis,KNA,Country or economy,2020,627.273,0.138,0.22
Saint Kitts and Nevis,KNA,Country or economy,2021,627.273,0.138,0.22
Saint Kitts and Nevis,KNA,Country or economy,2022,627.273,0.138,0.22
Saint Kitts and Nevis,KNA,Country or economy,2023,627.273,0.138,0.22
Saint Kitts and Nevis,KNA,Country or economy,2024,604.348,0.139,0.23
Saint Lucia,LCA,Country or economy,2000,657.143,0.184,0.28
Saint Lucia,LCA,Country or economy,2001,658.621,0.191,0.29
Saint Lucia,LCA,Country or economy,2002,658.621,0.191,0.29
Saint Lucia,LCA,Country or economy,2003,656.667,0.197,0.3
Saint Lucia,LCA,Country or economy,2004,658.065,0.204,0.31
Saint Lucia,LCA,Country or economy,2005,659.375,0.211,0.32
Saint Lucia,LCA,Country or economy,2006,657.576,0.217,0.33
Saint Lucia,LCA,Country or economy,2007,657.143,0.23,0.35
Saint Lucia,LCA,Country or economy,2008,657.143,0.23,0.35
Saint Lucia,LCA,Country or economy,2009,658.333,0.237,0.36
Saint Lucia,LCA,Country or economy,2010,657.895,0.25,0.38
Saint Lucia,LCA,Country or economy,2011,658.974,0.257,0.39
Saint Lucia,LCA,Country or economy,2012,657.895,0.25,0.38
Saint Lucia,LCA,Country or economy,2013,657.895,0.25,0.38
Saint Lucia,LCA,Country or economy,2014,657.895,0.25,0.38
Saint Lucia,LCA,Country or economy,2015,657.895,0.25,0.38
Saint Lucia,LCA,Country or economy,2016,658.974,0.257,0.39
Saint Lucia,LCA,Country or economy,2017,657.5,0.263,0.4
Saint Lucia,LCA,Country or economy,2018,643.902,0.264,0.41
Saint Lucia,LCA,Country or economy,2019,642.857,0.27,0.42
Saint Lucia,LCA,Country or economy,2020,642.105,0.244,0.38
Saint Lucia,LCA,Country or economy,2021,642.5,0.257,0.4
Saint Lucia,LCA,Country or economy,2022,642.5,0.257,0.4
Saint Lucia,LCA,Country or economy,2023,642.5,0.257,0.4
Saint Lucia,LCA,Country or economy,2024,642.5,0.257,0.4
Saint Pierre and Miquelon,SPM,Country or economy,2000,650.0,0.026,0.04
Saint Pierre and Miquelon,SPM,Country or economy,2001,650.0,0.026,0.04
Saint Pierre and Miquelon,SPM,Country or economy,2002,650.0,0.026,0.04
Saint Pierre and Miquelon,SPM,Country or economy,2003,650.0,0.026,0.04
Saint Pierre and Miquelon,SPM,Country or economy,2004,650.0,0.026,0.04
Saint Pierre and Miquelon,SPM,Country or economy,2005,650.0,0.026,0.04
Saint Pierre and Miquelon,SPM,Country or economy,2006,650.0,0.026,0.04
Saint Pierre and Miquelon,SPM,Country or economy,2007,650.0,0.026,0.04
Saint Pierre and Miquelon,SPM,Country or economy,2008,650.0,0.026,0.04
Saint Pierre and Miquelon,SPM,Country or economy,2009,650.0,0.026,0.04
Saint Pierre and Miquelon,SPM,Country or economy,2010,650.0,0.026,0.04
Saint Pierre and Miquelon,SPM,Country or economy,2011,650.0,0.026,0.04
Saint Pierre and Miquelon,SPM,Country or economy,2012,650.0,0.026,0.04
Saint Pierre and Miquelon,SPM,Country or economy,2013,660.0,0.033,0.05
Saint Pierre and Miquelon,SPM,Country or economy,2014,660.0,0.033,0.05
Saint Pierre and Miquelon,SPM,Country or economy,2015,660.0,0.033,0.05
Saint Pierre and Miquelon,SPM,Country or economy,2016,660.0,0.033,0.05
Saint Pierre and Miquelon,SPM,Country or economy,2017,660.0,0.033,0.05
Saint Pierre and Miquelon,SPM,Country or economy,2018,660.0,0.033,0.05
Saint Pierre and Miquelon,SPM,Country or economy,2019,660.0,0.033,0.05
Saint Pierre and Miquelon,SPM,Country or economy,2020,660.0,0.033,0.05
Saint Pierre and Miquelon,SPM,Country or economy,2021,660.0,0.033,0.05
Saint Pierre and Miquelon,SPM,Country or economy,2022,660.0,0.033,0.05
Saint Pierre and Miquelon,SPM,Country or economy,2023,660.0,0.033,0.05
Saint Vincent and the Grenadines,VCT,Country or economy,2000,470.0,0.047,0.1
Saint Vincent and the Grenadines,VCT,Country or economy,2001,530.0,0.053,0.1
Saint Vincent and the Grenadines,VCT,Country or economy,2002,530.0,0.053,0.1
Saint Vincent and the Grenadines,VCT,Country or economy,2003,545.455,0.06,0.11
Saint Vincent and the Grenadines,VCT,Country or economy,2004,500.0,0.06,0.12
Saint Vincent and the Grenadines,VCT,Country or economy,2005,521.429,0.073,0.14
Saint Vincent and the Grenadines,VCT,Country or economy,2006,561.538,0.073,0.13
Saint Vincent and the Grenadines,VCT,Country or economy,2007,564.286,0.079,0.14
Saint Vincent and the Grenadines,VCT,Country or economy,2008,564.286,0.079,0.14
Saint Vincent and the Grenadines,VCT,Country or economy,2009,564.286,0.079,0.14
Saint Vincent and the Grenadines,VCT,Country or economy,2010,533.333,0.08,0.15
Saint Vincent and the Grenadines,VCT,Country or economy,2011,521.429,0.073,0.14
Saint Vincent and the Grenadines,VCT,Country or economy,2012,533.333,0.08,0.15
Saint Vincent and the Grenadines,VCT,Country or economy,2013,564.286,0.079,0.14
Saint Vincent and the Grenadines,VCT,Country or economy,2014,614.286,0.086,0.14
Saint Vincent and the Grenadines,VCT,Country or economy,2015,573.333,0.086,0.15
Saint Vincent and the Grenadines,VCT,Country or economy,2016,581.25,0.093,0.16
Saint Vincent and the Grenadines,VCT,Country or economy,2017,573.333,0.086,0.15
Saint Vincent and the Grenadines,VCT,Country or economy,2018,573.333,0.086,0.15
Saint Vincent and the Grenadines,VCT,Country or economy,2019,573.333,0.086,0.15
Saint Vincent and the Grenadines,VCT,Country or economy,2020,573.333,0.086,0.15
Saint Vincent and the Grenadines,VCT,Country or economy,2021,564.286,0.079,0.14
Saint Vincent and the Grenadines,VCT,Country or economy,2022,573.333,0.086,0.15
Saint Vincent and the Grenadines,VCT,Country or economy,2023,573.333,0.086,0.15
Saint Vincent and the Grenadines,VCT,Country or economy,2024,573.333,0.086,0.15
Samoa,WSM,Country or economy,2000,337.5,0.027,0.08
Samoa,WSM,Country or economy,2001,340.0,0.034,0.1
Samoa,WSM,Country or economy,2002,309.091,0.034,0.11
Samoa,WSM,Country or economy,2003,340.0,0.034,0.1
Samoa,WSM,Country or economy,2004,372.727,0.041,0.11
Samoa,WSM,Country or economy,2005,372.727,0.041,0.11
Samoa,WSM,Country or economy,2006,391.667,0.047,0.12
Samoa,WSM,Country or economy,2007,391.667,0.047,0.12
Samoa,WSM,Country or economy,2008,372.727,0.041,0.11
Samoa,WSM,Country or economy,2009,415.385,0.054,0.13
Samoa,WSM,Country or economy,2010,391.667,0.047,0.12
Samoa,WSM,Country or economy,2011,415.385,0.054,0.13
Samoa,WSM,Country or economy,2012,427.273,0.047,0.11
Samoa,WSM,Country or economy,2013,500.0,0.06,0.12
Samoa,WSM,Country or economy,2014,515.385,0.067,0.13
Samoa,WSM,Country or economy,2015,461.538,0.06,0.13
Samoa,WSM,Country or economy,2016,446.667,0.067,0.15
Samoa,WSM,Country or economy,2017,462.5,0.074,0.16
Samoa,WSM,Country or economy,2018,406.667,0.061,0.15
Samoa,WSM,Country or economy,2019,400.0,0.068,0.17
Samoa,WSM,Country or economy,2020,416.667,0.075,0.18
Samoa,WSM,Country or economy,2021,376.471,0.064,0.17
Samoa,WSM,Country or economy,2022,393.75,0.063,0.16
Samoa,WSM,Country or economy,2023,420.0,0.063,0.15
Samoa,WSM,Country or economy,2024,400.0,0.064,0.16
Sao Tome and Principe,STP,Country or economy,2000,433.333,0.013,0.03
Sao Tome and Principe,STP,Country or economy,2001,650.0,0.013,0.02
Sao Tome and Principe,STP,Country or economy,2002,500.0,0.02,0.04
Sao Tome and Principe,STP,Country or economy,2003,500.0,0.02,0.04
Sao Tome and Principe,STP,Country or economy,2004,500.0,0.02,0.04
Sao Tome and Principe,STP,Country or economy,2005,650.0,0.026,0.04
Sao Tome and Principe,STP,Country or economy,2006,540.0,0.027,0.05
Sao Tome and Principe,STP,Country or economy,2007,540.0,0.027,0.05
Sao Tome and Principe,STP,Country or economy,2008,540.0,0.027,0.05
Sao Tome and Principe,STP,Country or economy,2009,550.0,0.033,0.06
Sao Tome and Principe,STP,Country or economy,2010,660.0,0.033,0.05
Sao Tome and Principe,STP,Country or economy,2011,571.429,0.04,0.07
Sao Tome and Principe,STP,Country or economy,2012,575.0,0.046,0.08
Sao Tome and Principe,STP,Country or economy,2013,571.429,0.04,0.07
Sao Tome and Principe,STP,Country or economy,2014,575.0,0.046,0.08
Sao Tome and Principe,STP,Country or economy,2015,590.0,0.059,0.1
Sao Tome and Principe,STP,Country or economy,2016,600.0,0.066,0.11
Sao Tome and Principe,STP,Country or economy,2017,660.0,0.066,0.1
Sao Tome and Principe,STP,Country or economy,2018,660.0,0.066,0.1
Sao Tome and Principe,STP,Country or economy,2019,600.0,0.066,0.11
Sao Tome and Principe,STP,Country or economy,2020,600.0,0.066,0.11
Sao Tome and Principe,STP,Country or economy,2021,600.0,0.066,0.11
Sao Tome and Principe,STP,Country or economy,2022,588.889,0.053,0.09
Sao Tome and Principe,STP,Country or economy,2023,588.889,0.053,0.09
Saudi Arabia,SAU,Country or economy,1985,700.987,36.206,51.65
Saudi Arabia,SAU,Country or economy,1986,699.335,38.939,55.68
Saudi Arabia,SAU,Country or economy,1987,695.969,45.238,65.0
Saudi Arabia,SAU,Country or economy,1988,694.821,48.7,70.09
Saudi Arabia,SAU,Country or economy,1989,696.263,52.728,75.73
Saudi Arabia,SAU,Country or economy,1990,696.044,55.6,79.88
Saudi Arabia,SAU,Country or economy,1991,695.541,59.121,85.0
Saudi Arabia,SAU,Country or economy,1992,693.047,64.786,93.48
Saudi Arabia,SAU,Country or economy,1993,692.802,71.13,102.67
Saudi Arabia,SAU,Country or economy,1994,693.522,73.548,106.05
Saudi Arabia,SAU,Country or economy,1995,691.813,76.051,109.93
Saudi Arabia,SAU,Country or economy,1996,690.942,77.503,112.17
Saudi Arabia,SAU,Country or economy,1997,691.15,82.316,119.1
Saudi Arabia,SAU,Country or economy,1998,689.704,87.02,126.17
Saudi Arabia,SAU,Country or economy,1999,689.275,90.295,131.0
Saudi Arabia,SAU,Country or economy,2000,692.35,96.022,138.69
Saudi Arabia,SAU,Country or economy,2001,697.152,101.847,146.09
Saudi Arabia,SAU,Country or economy,2002,699.671,108.386,154.91
Saudi Arabia,SAU,Country or economy,2003,698.925,116.427,166.58
Saudi Arabia,SAU,Country or economy,2004,700.49,121.472,173.41
Saudi Arabia,SAU,Country or economy,2005,700.157,133.765,191.05
Saudi Arabia,SAU,Country or economy,2006,697.743,136.974,196.31
Saudi Arabia,SAU,Country or economy,2007,695.49,142.179,204.43
Saudi Arabia,SAU,Country or economy,2008,694.804,141.879,204.2
Saudi Arabia,SAU,Country or economy,2009,690.309,150.011,217.31
Saudi Arabia,SAU,Country or economy,2010,691.41,172.002,248.77
Saudi Arabia,SAU,Country or economy,2011,691.264,179.141,259.15
Saudi Arabia,SAU,Country or economy,2012,692.774,195.106,281.63
Saudi Arabia,SAU,Country or economy,2013,693.061,204.259,294.72
Saudi Arabia,SAU,Country or economy,2014,692.575,227.303,328.2
Saudi Arabia,SAU,Country or economy,2015,693.098,243.028,350.64
Saudi Arabia,SAU,Country or economy,2016,697.254,249.38,357.66
Saudi Arabia,SAU,Country or economy,2017,699.97,276.481,394.99
Saudi Arabia,SAU,Country or economy,2018,702.874,263.416,374.77
Saudi Arabia,SAU,Country or economy,2019,701.709,265.632,378.55
Saudi Arabia,SAU,Country or economy,2020,701.89,267.35,380.9
Saudi Arabia,SAU,Country or economy,2021,702.418,276.015,392.95
Saudi Arabia,SAU,Country or economy,2022,700.059,286.912,409.84
Saudi Arabia,SAU,Country or economy,2023,697.3,299.316,429.25
Saudi Arabia,SAU,Country or economy,2024,691.947,314.587,454.64
Senegal,SEN,Country or economy,2000,642.953,0.958,1.49
Senegal,SEN,Country or economy,2001,643.017,1.151,1.79
Senegal,SEN,Country or economy,2002,586.538,1.22,2.08
Senegal,SEN,Country or economy,2003,565.665,1.318,2.33
Senegal,SEN,Country or economy,2004,581.59,1.39,2.39
Senegal,SEN,Country or economy,2005,594.717,1.576,2.65
Senegal,SEN,Country or economy,2006,600.379,1.585,2.64
Senegal,SEN,Country or economy,2007,616.786,1.727,2.8
Senegal,SEN,Country or economy,2008,608.108,1.8,2.96
Senegal,SEN,Country or economy,2009,606.23,1.849,3.05
Senegal,SEN,Country or economy,2010,607.43,1.962,3.23
Senegal,SEN,Country or economy,2011,604.863,1.99,3.29
Senegal,SEN,Country or economy,2012,613.536,2.221,3.62
Senegal,SEN,Country or economy,2013,612.073,2.332,3.81
Senegal,SEN,Country or economy,2014,614.593,2.569,4.18
Senegal,SEN,Country or economy,2015,618.694,2.747,4.44
Senegal,SEN,Country or economy,2016,625.105,2.988,4.78
Senegal,SEN,Country or economy,2017,607.627,2.868,4.72
Senegal,SEN,Country or economy,2018,595.344,2.941,4.94
Senegal,SEN,Country or economy,2019,607.732,3.537,5.82
Senegal,SEN,Country or economy,2020,563.366,3.414,6.06
Senegal,SEN,Country or economy,2021,546.396,3.639,6.66
Senegal,SEN,Country or economy,2022,551.257,3.947,7.16
Senegal,SEN,Country or economy,2023,557.073,4.568,8.2
Senegal,SEN,Country or economy,2024,540.105,4.121,7.63
Serbia,SRB,Country or economy,1990,787.272,30.68,38.97
Serbia,SRB,Country or economy,1991,724.423,27.289,37.67
Serbia,SRB,Country or economy,1992,733.635,25.171,34.31
Serbia,SRB,Country or economy,1993,737.717,22.102,29.96
Serbia,SRB,Country or economy,1994,719.663,22.18,30.82
Serbia,SRB,Country or economy,1995,701.088,22.561,32.18
Serbia,SRB,Country or economy,1996,648.994,20.969,32.31
Serbia,SRB,Country or economy,1997,704.234,24.782,35.19
Serbia,SRB,Country or economy,1998,712.972,25.118,35.23
Serbia,SRB,Country or economy,1999,645.832,19.911,30.83
Serbia,SRB,Country or economy,2000,699.875,22.361,31.95
Serbia,SRB,Country or economy,2001,701.627,22.852,32.57
Serbia,SRB,Country or economy,2002,707.521,23.518,33.24
Serbia,SRB,Country or economy,2003,750.204,25.702,34.26
Serbia,SRB,Country or economy,2004,719.871,26.772,37.19
Serbia,SRB,Country or economy,2005,687.117,24.64,35.86
Serbia,SRB,Country or economy,2006,723.557,25.954,35.87
Serbia,SRB,Country or economy,2007,742.424,26.705,35.97
Serbia,SRB,Country or economy,2008,749.674,27.603,36.82
Serbia,SRB,Country or economy,2009,734.155,27.685,37.71
Serbia,SRB,Country or economy,2010,693.373,25.946,37.42
Serbia,SRB,Country or economy,2011,780.142,29.661,38.02
Serbia,SRB,Country or economy,2012,751.838,27.209,36.19
Serbia,SRB,Country or economy,2013,752.281,29.512,39.23
Serbia,SRB,Country or economy,2014,683.852,22.868,33.44
Serbia,SRB,Country or economy,2015,744.427,27.983,37.59
Serbia,SRB,Country or economy,2016,729.578,28.169,38.61
Serbia,SRB,Country or economy,2017,752.634,27.426,36.44
Serbia,SRB,Country or economy,2018,709.899,26.032,36.67
Serbia,SRB,Country or economy,2019,721.215,26.584,36.86
Serbia,SRB,Country or economy,2020,736.364,27.378,37.18
Serbia,SRB,Country or economy,2021,666.257,24.958,37.46
Serbia,SRB,Country or economy,2022,711.108,24.775,34.84
Serbia,SRB,Country or economy,2023,638.876,25.127,39.33
Serbia,SRB,Country or economy,2024,668.019,24.69,36.96
Serbia,SRB,Country or economy,2025,695.8,25.515,36.67
Seychelles,SYC,Country or economy,2000,660.0,0.132,0.2
Seychelles,SYC,Country or economy,2001,660.0,0.132,0.2
Seychelles,SYC,Country or economy,2002,656.522,0.151,0.23
Seychelles,SYC,Country or economy,2003,656.522,0.151,0.23
Seychelles,SYC,Country or economy,2004,656.522,0.151,0.23
Seychelles,SYC,Country or economy,2005,656.667,0.197,0.3
Seychelles,SYC,Country or economy,2006,659.375,0.211,0.32
Seychelles,SYC,Country or economy,2007,658.824,0.224,0.34
Seychelles,SYC,Country or economy,2008,658.824,0.224,0.34
Seychelles,SYC,Country or economy,2009,657.143,0.23,0.35
Seychelles,SYC,Country or economy,2010,657.895,0.25,0.38
Seychelles,SYC,Country or economy,2011,657.5,0.263,0.4
Seychelles,SYC,Country or economy,2012,658.537,0.27,0.41
Seychelles,SYC,Country or economy,2013,643.182,0.283,0.44
Seychelles,SYC,Country or economy,2014,644.444,0.29,0.45
Seychelles,SYC,Country or economy,2015,643.478,0.296,0.46
Seychelles,SYC,Country or economy,2016,646.0,0.323,0.5
Seychelles,SYC,Country or economy,2017,645.098,0.329,0.51
Seychelles,SYC,Country or economy,2018,646.154,0.336,0.52
Seychelles,SYC,Country or economy,2019,615.789,0.351,0.57
Seychelles,SYC,Country or economy,2020,584.746,0.345,0.59
Seychelles,SYC,Country or economy,2021,576.667,0.346,0.6
Seychelles,SYC,Country or economy,2022,569.355,0.353,0.62
Seychelles,SYC,Country or economy,2023,569.355,0.353,0.62
Seychelles,SYC,Country or economy,2024,560.317,0.353,0.63
Sierra Leone,SLE,Country or economy,2000,588.889,0.053,0.09
Sierra Leone,SLE,Country or economy,2001,607.692,0.079,0.13
Sierra Leone,SLE,Country or economy,2002,581.25,0.093,0.16
Sierra Leone,SLE,Country or economy,2003,573.333,0.086,0.15
Sierra Leone,SLE,Country or economy,2004,550.0,0.066,0.12
Sierra Leone,SLE,Country or economy,2005,500.0,0.04,0.08
Sierra Leone,SLE,Country or economy,2006,660.0,0.033,0.05
Sierra Leone,SLE,Country or economy,2007,450.0,0.027,0.06
Sierra Leone,SLE,Country or economy,2008,450.0,0.027,0.06
Sierra Leone,SLE,Country or economy,2009,450.0,0.027,0.06
Sierra Leone,SLE,Country or economy,2010,114.286,0.016,0.14
Sierra Leone,SLE,Country or economy,2011,100.0,0.017,0.17
Sierra Leone,SLE,Country or economy,2012,233.333,0.042,0.18
Sierra Leone,SLE,Country or economy,2013,262.5,0.042,0.16
Sierra Leone,SLE,Country or economy,2014,153.333,0.023,0.15
Sierra Leone,SLE,Country or economy,2015,181.25,0.029,0.16
Sierra Leone,SLE,Country or economy,2016,266.667,0.056,0.21
Sierra Leone,SLE,Country or economy,2017,273.913,0.063,0.23
Sierra Leone,SLE,Country or economy,2018,237.037,0.064,0.27
Sierra Leone,SLE,Country or economy,2019,55.0,0.011,0.2
Sierra Leone,SLE,Country or economy,2020,55.0,0.011,0.2
Sierra Leone,SLE,Country or economy,2021,55.0,0.011,0.2
Sierra Leone,SLE,Country or economy,2022,55.0,0.011,0.2
Sierra Leone,SLE,Country or economy,2023,57.143,0.012,0.21
Sierra Leone,SLE,Country or economy,2024,57.143,0.012,0.21
Singapore,SGP,Country or economy,2000,657.247,20.815,31.67
Singapore,SGP,Country or economy,2001,598.488,19.786,33.06
Singapore,SGP,Country or economy,2002,586.238,20.319,34.66
Singapore,SGP,Country or economy,2003,570.357,20.145,35.32
Singapore,SGP,Country or economy,2004,555.812,20.465,36.82
Singapore,SGP,Country or economy,2005,545.526,20.85,38.22
Singapore,SGP,Country or economy,2006,539.504,21.305,39.49
Singapore,SGP,Country or economy,2007,537.758,22.118,41.13
Singapore,SGP,Country or economy,2008,534.269,22.263,41.67
Singapore,SGP,Country or economy,2009,533.612,22.305,41.8
Singapore,SGP,Country or economy,2010,539.705,24.481,45.36
Singapore,SGP,Country or economy,2011,538.152,24.755,46.0
Singapore,SGP,Country or economy,2012,525.607,24.672,46.94
Singapore,SGP,Country or economy,2013,507.4,24.34,47.97
Singapore,SGP,Country or economy,2014,506.876,24.989,49.3
Singapore,SGP,Country or economy,2015,506.941,25.489,50.28
Singapore,SGP,Country or economy,2016,506.726,26.142,51.59
Singapore,SGP,Country or economy,2017,507.135,26.513,52.28
Singapore,SGP,Country or economy,2018,507.079,26.86,52.97
Singapore,SGP,Country or economy,2019,506.132,27.402,54.14
Singapore,SGP,Country or economy,2020,504.73,26.786,53.07
Singapore,SGP,Country or economy,2021,506.274,28.245,55.79
Singapore,SGP,Country or economy,2022,504.269,28.703,56.92
Singapore,SGP,Country or economy,2023,500.812,28.692,57.291
Singapore,SGP,Country or economy,2024,498.683,29.713,59.583
Singapore,SGP,Country or economy,2025,497.047,29.879,60.113
Slovakia,SVK,Country or economy,1990,387.407,9.875,25.49
Slovakia,SVK,Country or economy,1991,370.857,8.997,24.26
Slovakia,SVK,Country or economy,1992,391.738,9.104,23.24
Slovakia,SVK,Country or economy,1993,325.198,7.821,24.05
Slovakia,SVK,Country or economy,1994,272.988,6.953,25.47
Slovakia,SVK,Country or economy,1995,321.983,8.51,26.43
Slovakia,SVK,Country or economy,1996,323.291,8.231,25.46
Slovakia,SVK,Country or economy,1997,331.989,8.313,25.04
Slovakia,SVK,Country or economy,1998,321.764,8.279,25.73
Slovakia,SVK,Country or economy,1999,306.048,8.603,28.11
Slovakia,SVK,Country or economy,2000,251.072,7.728,30.78
Slovakia,SVK,Country or economy,2001,250.66,7.976,31.82
Slovakia,SVK,Country or economy,2002,225.171,7.246,32.18
Slovakia,SVK,Country or economy,2003,257.424,7.975,30.98
Slovakia,SVK,Country or economy,2004,253.185,7.712,30.46
Slovakia,SVK,Country or economy,2005,238.8,7.484,31.34
Slovakia,SVK,Country or economy,2006,230.784,7.212,31.25
Slovakia,SVK,Country or economy,2007,235.44,6.557,27.85
Slovakia,SVK,Country or economy,2008,223.589,6.417,28.7
Slovakia,SVK,Country or economy,2009,221.25,5.737,25.93
Slovakia,SVK,Country or economy,2010,205.426,5.641,27.46
Slovakia,SVK,Country or economy,2011,214.427,6.064,28.28
Slovakia,SVK,Country or economy,2012,203.746,5.766,28.3
Slovakia,SVK,Country or economy,2013,181.439,5.171,28.5
Slovakia,SVK,Country or economy,2014,172.835,4.689,27.13
Slovakia,SVK,Country or economy,2015,177.911,4.736,26.62
Slovakia,SVK,Country or economy,2016,177.276,4.751,26.8
Slovakia,SVK,Country or economy,2017,183.552,5.033,27.42
Slovakia,SVK,Country or economy,2018,191.26,5.099,26.66
Slovakia,SVK,Country or economy,2019,171.18,4.829,28.21
Slovakia,SVK,Country or economy,2020,158.611,4.522,28.51
Slovakia,SVK,Country or economy,2021,167.239,4.967,29.7
Slovakia,SVK,Country or economy,2022,141.974,3.768,26.54
Slovakia,SVK,Country or economy,2023,115.442,3.409,29.53
Slovakia,SVK,Country or economy,2024,97.188,2.869,29.52
Slovakia,SVK,Country or economy,2025,95.015,2.764,29.09
Slovenia,SVN,Country or economy,1990,376.125,4.679,12.44
Slovenia,SVN,Country or economy,1991,325.432,4.146,12.74
Slovenia,SVN,Country or economy,1992,406.159,5.012,12.34
Slovenia,SVN,Country or economy,1993,419.414,5.012,11.95
Slovenia,SVN,Country or economy,1994,384.096,4.951,12.89
Slovenia,SVN,Country or economy,1995,382.248,4.931,12.9
Slovenia,SVN,Country or economy,1996,367.433,4.795,13.05
Slovenia,SVN,Country or economy,1997,386.798,5.098,13.18
Slovenia,SVN,Country or economy,1998,383.965,5.268,13.72
Slovenia,SVN,Country or economy,1999,361.916,4.799,13.26
Slovenia,SVN,Country or economy,2000,362.234,4.93,13.61
Slovenia,SVN,Country or economy,2001,366.091,5.301,14.48
Slovenia,SVN,Country or economy,2002,385.753,5.632,14.6
Slovenia,SVN,Country or economy,2003,394.36,5.454,13.83
Slovenia,SVN,Country or economy,2004,363.654,5.553,15.27
Slovenia,SVN,Country or economy,2005,371.41,5.612,15.11
Slovenia,SVN,Country or economy,2006,383.455,5.794,15.11
Slovenia,SVN,Country or economy,2007,388.63,5.845,15.04
Slovenia,SVN,Country or economy,2008,350.823,5.757,16.41
Slovenia,SVN,Country or economy,2009,341.489,5.597,16.39
Slovenia,SVN,Country or economy,2010,352.522,5.732,16.26
Slovenia,SVN,Country or economy,2011,359.799,5.728,15.92
Slovenia,SVN,Country or economy,2012,359.1,5.584,15.55
Slovenia,SVN,Country or economy,2013,336.329,5.314,15.8
Slovenia,SVN,Country or economy,2014,245.073,4.203,17.15
Slovenia,SVN,Country or economy,2015,317.027,4.692,14.8
Slovenia,SVN,Country or economy,2016,326.248,5.295,16.23
Slovenia,SVN,Country or economy,2017,318.879,5.118,16.05
Slovenia,SVN,Country or economy,2018,304.529,4.909,16.12
Slovenia,SVN,Country or economy,2019,299.056,4.752,15.89
Slovenia,SVN,Country or economy,2020,276.969,4.678,16.89
Slovenia,SVN,Country or economy,2021,268.698,4.189,15.59
Slovenia,SVN,Country or economy,2022,257.635,3.442,13.36
Slovenia,SVN,Country or economy,2023,224.309,3.488,15.55
Slovenia,SVN,Country or economy,2024,230.493,3.852,16.712
Slovenia,SVN,Country or economy,2025,188.482,2.818,14.951
Solomon Islands,SLB,Country or economy,2000,650.0,0.039,0.06
Solomon Islands,SLB,Country or economy,2001,650.0,0.039,0.06
Solomon Islands,SLB,Country or economy,2002,650.0,0.039,0.06
Solomon Islands,SLB,Country or economy,2003,650.0,0.039,0.06
Solomon Islands,SLB,Country or economy,2004,650.0,0.039,0.06
Solomon Islands,SLB,Country or economy,2005,657.143,0.046,0.07
Solomon Islands,SLB,Country or economy,2006,657.143,0.046,0.07
Solomon Islands,SLB,Country or economy,2007,662.5,0.053,0.08
Solomon Islands,SLB,Country or economy,2008,662.5,0.053,0.08
Solomon Islands,SLB,Country or economy,2009,662.5,0.053,0.08
Solomon Islands,SLB,Country or economy,2010,662.5,0.053,0.08
Solomon Islands,SLB,Country or economy,2011,662.5,0.053,0.08
Solomon Islands,SLB,Country or economy,2012,662.5,0.053,0.08
Solomon Islands,SLB,Country or economy,2013,662.5,0.053,0.08
Solomon Islands,SLB,Country or economy,2014,655.556,0.059,0.09
Solomon Islands,SLB,Country or economy,2015,655.556,0.059,0.09
Solomon Islands,SLB,Country or economy,2016,660.0,0.066,0.1
Solomon Islands,SLB,Country or economy,2017,660.0,0.066,0.1
Solomon Islands,SLB,Country or economy,2018,660.0,0.066,0.1
Solomon Islands,SLB,Country or economy,2019,660.0,0.066,0.1
Solomon Islands,SLB,Country or economy,2020,660.0,0.066,0.1
Solomon Islands,SLB,Country or economy,2021,660.0,0.066,0.1
Solomon Islands,SLB,Country or economy,2022,600.0,0.066,0.11
Solomon Islands,SLB,Country or economy,2023,600.0,0.066,0.11
Solomon Islands,SLB,Country or economy,2024,600.0,0.066,0.11
Somalia,SOM,Country or economy,2000,656.0,0.164,0.25
Somalia,SOM,Country or economy,2001,657.692,0.171,0.26
Somalia,SOM,Country or economy,2002,659.259,0.178,0.27
Somalia,SOM,Country or economy,2003,657.143,0.184,0.28
Somalia,SOM,Country or economy,2004,657.143,0.184,0.28
Somalia,SOM,Country or economy,2005,658.621,0.191,0.29
Somalia,SOM,Country or economy,2006,656.667,0.197,0.3
Somalia,SOM,Country or economy,2007,658.065,0.204,0.31
Somalia,SOM,Country or economy,2008,659.375,0.211,0.32
Somalia,SOM,Country or economy,2009,657.576,0.217,0.33
Somalia,SOM,Country or economy,2010,657.576,0.217,0.33
Somalia,SOM,Country or economy,2011,657.576,0.217,0.33
Somalia,SOM,Country or economy,2012,658.824,0.224,0.34
Somalia,SOM,Country or economy,2013,657.143,0.23,0.35
Somalia,SOM,Country or economy,2014,657.143,0.23,0.35
Somalia,SOM,Country or economy,2015,657.143,0.23,0.35
Somalia,SOM,Country or economy,2016,641.667,0.231,0.36
Somalia,SOM,Country or economy,2017,624.324,0.231,0.37
Somalia,SOM,Country or economy,2018,624.324,0.231,0.37
Somalia,SOM,Country or economy,2019,624.324,0.231,0.37
Somalia,SOM,Country or economy,2020,608.108,0.225,0.37
Somalia,SOM,Country or economy,2021,592.105,0.225,0.38
Somalia,SOM,Country or economy,2022,540.476,0.227,0.42
Somalia,SOM,Country or economy,2023,540.476,0.227,0.42
Somalia,SOM,Country or economy,2024,530.233,0.228,0.43
South Africa,ZAF,Country or economy,2000,799.411,168.404,210.66
South Africa,ZAF,Country or economy,2001,806.264,169.388,210.09
South Africa,ZAF,Country or economy,2002,802.258,176.962,220.58
South Africa,ZAF,Country or economy,2003,807.616,189.176,234.24
South Africa,ZAF,Country or economy,2004,806.942,197.386,244.61
South Africa,ZAF,Country or economy,2005,812.722,199.06,244.93
South Africa,ZAF,Country or economy,2006,813.502,206.475,253.81
South Africa,ZAF,Country or economy,2007,810.042,213.438,263.49
South Africa,ZAF,Country or economy,2008,809.424,209.066,258.29
South Africa,ZAF,Country or economy,2009,807.894,201.618,249.56
South Africa,ZAF,Country or economy,2010,807.604,209.646,259.59
South Africa,ZAF,Country or economy,2011,803.577,210.923,262.48
South Africa,ZAF,Country or economy,2012,807.031,208.109,257.87
South Africa,ZAF,Country or economy,2013,799.691,204.681,255.95
South Africa,ZAF,Country or economy,2014,791.588,201.673,254.77
South Africa,ZAF,Country or economy,2015,790.97,197.782,250.05
South Africa,ZAF,Country or economy,2016,779.447,197.052,252.81
South Africa,ZAF,Country or economy,2017,768.923,196.183,255.14
South Africa,ZAF,Country or economy,2018,774.651,198.543,256.3
South Africa,ZAF,Country or economy,2019,764.287,193.418,253.07
South Africa,ZAF,Country or economy,2020,763.201,183.733,240.74
South Africa,ZAF,Country or economy,2021,741.526,182.015,245.46
South Africa,ZAF,Country or economy,2022,729.03,174.362,239.17
South Africa,ZAF,Country or economy,2023,714.432,166.427,232.95
South Africa,ZAF,Country or economy,2024,717.683,177.641,247.52
South Africa,ZAF,Country or economy,2025,698.987,169.686,242.76
South Korea,KOR,Country or economy,1985,523.967,32.837,62.67
South Korea,KOR,Country or economy,1986,431.247,30.045,69.67
South Korea,KOR,Country or economy,1987,344.991,27.689,80.26
South Korea,KOR,Country or economy,1988,405.413,37.748,93.11
South Korea,KOR,Country or economy,1989,382.843,39.674,103.63
South Korea,KOR,Country or economy,1990,379.054,44.899,118.45
South Korea,KOR,Country or economy,1991,399.309,52.553,131.61
South Korea,KOR,Country or economy,1992,426.871,62.511,146.44
South Korea,KOR,Country or economy,1993,451.275,73.066,161.91
South Korea,KOR,Country or economy,1994,492.501,90.31,183.37
South Korea,KOR,Country or economy,1995,478.683,97.436,203.55
South Korea,KOR,Country or economy,1996,481.451,108.731,225.84
South Korea,KOR,Country or economy,1997,492.246,121.378,246.58
South Korea,KOR,Country or economy,1998,462.639,109.738,237.2
South Korea,KOR,Country or economy,1999,452.741,118.686,262.15
South Korea,KOR,Country or economy,2000,461.591,134.069,290.45
South Korea,KOR,Country or economy,2001,475.258,147.273,309.88
South Korea,KOR,Country or economy,2002,472.772,156.965,332.01
South Korea,KOR,Country or economy,2003,457.909,159.247,347.77
South Korea,KOR,Country or economy,2004,462.638,170.26,368.02
South Korea,KOR,Country or economy,2005,449.555,175.088,389.47
South Korea,KOR,Country or economy,2006,451.19,181.825,402.99
South Korea,KOR,Country or economy,2007,473.637,201.49,425.41
South Korea,KOR,Country or economy,2008,477.289,211.253,442.61
South Korea,KOR,Country or economy,2009,495.264,224.082,452.45
South Korea,KOR,Country or economy,2010,500.202,247.615,495.03
South Korea,KOR,Country or economy,2011,497.094,257.574,518.16
South Korea,KOR,Country or economy,2012,501.911,266.62,531.21
South Korea,KOR,Country or economy,2013,511.756,274.895,537.16
South Korea,KOR,Country or economy,2014,493.39,266.618,540.38
South Korea,KOR,Country or economy,2015,487.652,267.136,547.8
South Korea,KOR,Country or economy,2016,489.363,274.523,560.98
South Korea,KOR,Country or economy,2017,511.462,294.812,576.41
South Korea,KOR,Country or economy,2018,518.829,307.619,592.91
South Korea,KOR,Country or economy,2019,497.004,291.642,586.8
South Korea,KOR,Country or economy,2020,457.687,264.136,577.11
South Korea,KOR,Country or economy,2021,459.504,279.268,607.76
South Korea,KOR,Country or economy,2022,438.117,272.767,622.59
South Korea,KOR,Country or economy,2023,427.338,263.877,617.49
South Korea,KOR,Country or economy,2024,415.63,259.927,625.38
South Korea,KOR,Country or economy,2025,417.117,260.561,624.671
South Sudan,SSD,Country or economy,2012,659.091,0.29,0.44
South Sudan,SSD,Country or economy,2013,657.447,0.309,0.47
South Sudan,SSD,Country or economy,2014,658.333,0.316,0.48
South Sudan,SSD,Country or economy,2015,658.621,0.382,0.58
South Sudan,SSD,Country or economy,2016,657.692,0.342,0.52
South Sudan,SSD,Country or economy,2017,657.407,0.355,0.54
South Sudan,SSD,Country or economy,2018,657.407,0.355,0.54
South Sudan,SSD,Country or economy,2019,658.182,0.362,0.55
South Sudan,SSD,Country or economy,2020,646.429,0.362,0.56
South Sudan,SSD,Country or economy,2021,647.368,0.369,0.57
South Sudan,SSD,Country or economy,2022,645.098,0.329,0.51
South Sudan,SSD,Country or economy,2023,646.429,0.362,0.56
South Sudan,SSD,Country or economy,2024,646.429,0.362,0.56
Spain,ESP,Country or economy,1990,437.252,66.095,151.16
Spain,ESP,Country or economy,1991,427.348,66.115,154.71
Spain,ESP,Country or economy,1992,472.62,74.036,156.65
Spain,ESP,Country or economy,1993,443.927,68.862,155.12
Spain,ESP,Country or economy,1994,433.928,69.511,160.19
Spain,ESP,Country or economy,1995,465.645,76.864,165.07
Spain,ESP,Country or economy,1996,385.723,66.811,173.21
Spain,ESP,Country or economy,1997,430.672,81.453,189.13
Spain,ESP,Country or economy,1998,423.652,81.93,193.39
Spain,ESP,Country or economy,1999,483.32,99.385,205.63
Spain,ESP,Country or economy,2000,470.872,104.025,220.92
Spain,ESP,Country or economy,2001,422.487,98.469,233.07
Spain,ESP,Country or economy,2002,481.943,115.623,239.91
Spain,ESP,Country or economy,2003,429.203,110.434,257.3
Spain,ESP,Country or economy,2004,449.127,124.233,276.61
Spain,ESP,Country or economy,2005,475.074,137.515,289.46
Spain,ESP,Country or economy,2006,432.714,127.906,295.59
Spain,ESP,Country or economy,2007,438.79,132.453,301.86
Spain,ESP,Country or economy,2008,390.264,120.9,309.79
Spain,ESP,Country or economy,2009,355.05,103.22,290.72
Spain,ESP,Country or economy,2010,288.23,85.835,297.8
Spain,ESP,Country or economy,2011,337.244,98.32,291.54
Spain,ESP,Country or economy,2012,351.094,103.204,293.95
Spain,ESP,Country or economy,2013,286.897,80.75,281.46
Spain,ESP,Country or economy,2014,288.992,79.311,274.44
Spain,ESP,Country or economy,2015,328.43,91.031,277.17
Spain,ESP,Country or economy,2016,282.966,76.599,270.7
Spain,ESP,Country or economy,2017,329.231,89.676,272.38
Spain,ESP,Country or economy,2018,290.847,78.936,271.4
Spain,ESP,Country or economy,2019,246.692,66.735,270.52
Spain,ESP,Country or economy,2020,199.175,51.68,259.47
Spain,ESP,Country or economy,2021,193.551,52.404,270.75
Spain,ESP,Country or economy,2022,217.123,62.347,287.15
Spain,ESP,Country or economy,2023,169.661,47.354,279.11
Spain,ESP,Country or economy,2024,146.258,41.087,280.922
Spain,ESP,Country or economy,2025,153.458,44.202,288.04
Sri Lanka,LKA,Country or economy,2000,357.67,2.425,6.78
Sri Lanka,LKA,Country or economy,2001,361.319,2.41,6.67
Sri Lanka,LKA,Country or economy,2002,411.239,2.854,6.94
Sri Lanka,LKA,Country or economy,2003,382.045,2.915,7.63
Sri Lanka,LKA,Country or economy,2004,425.216,3.44,8.09
Sri Lanka,LKA,Country or economy,2005,408.503,3.603,8.82
Sri Lanka,LKA,Country or economy,2006,345.657,3.263,9.44
Sri Lanka,LKA,Country or economy,2007,403.138,3.983,9.88
Sri Lanka,LKA,Country or economy,2008,392.238,3.891,9.92
Sri Lanka,LKA,Country or economy,2009,406.977,4.025,9.89
Sri Lanka,LKA,Country or economy,2010,319.496,3.425,10.72
Sri Lanka,LKA,Country or economy,2011,415.584,4.8,11.55
Sri Lanka,LKA,Country or economy,2012,496.102,5.854,11.8
Sri Lanka,LKA,Country or economy,2013,301.836,3.616,11.98
Sri Lanka,LKA,Country or economy,2014,461.687,5.748,12.45
Sri Lanka,LKA,Country or economy,2015,418.849,5.533,13.21
Sri Lanka,LKA,Country or economy,2016,522.432,7.476,14.31
Sri Lanka,LKA,Country or economy,2017,532.774,7.933,14.89
Sri Lanka,LKA,Country or economy,2018,448.724,7.211,16.07
Sri Lanka,LKA,Country or economy,2019,518.476,8.643,16.67
Sri Lanka,LKA,Country or economy,2020,513.212,8.468,16.5
Sri Lanka,LKA,Country or economy,2021,417.933,7.318,17.51
Sri Lanka,LKA,Country or economy,2022,410.448,6.875,16.75
Sri Lanka,LKA,Country or economy,2023,416.901,6.833,16.39
Sri Lanka,LKA,Country or economy,2024,386.756,6.617,17.109
Sri Lanka,LKA,Country or economy,2025,367.655,6.313,17.171
Sudan,SDN,Country or economy,2000,348.425,0.885,2.54
Sudan,SDN,Country or economy,2001,344.03,0.922,2.68
Sudan,SDN,Country or economy,2002,371.667,1.115,3.0
Sudan,SDN,Country or economy,2003,431.124,1.496,3.47
Sudan,SDN,Country or economy,2004,446.944,1.609,3.6
Sudan,SDN,Country or economy,2005,442.172,1.751,3.96
Sudan,SDN,Country or economy,2006,459.14,2.135,4.65
Sudan,SDN,Country or economy,2007,468.217,2.416,5.16
Sudan,SDN,Country or economy,2008,483.156,2.725,5.64
Sudan,SDN,Country or economy,2009,340.998,2.254,6.61
Sudan,SDN,Country or economy,2010,136.148,1.032,7.58
Sudan,SDN,Country or economy,2011,174.736,1.487,8.51
Sudan,SDN,Country or economy,2012,214.526,2.038,9.5
Sudan,SDN,Country or economy,2013,147.15,1.523,10.35
Sudan,SDN,Country or economy,2014,162.577,1.855,11.41
Sudan,SDN,Country or economy,2015,249.733,3.269,13.09
Sudan,SDN,Country or economy,2016,303.089,4.416,14.57
Sudan,SDN,Country or economy,2017,275.86,4.331,15.7
Sudan,SDN,Country or economy,2018,280.427,4.599,16.4
Sudan,SDN,Country or economy,2019,254.994,4.136,16.22
Sudan,SDN,Country or economy,2020,248.14,4.268,17.2
Sudan,SDN,Country or economy,2021,261.864,4.635,17.7
Sudan,SDN,Country or economy,2022,204.35,3.429,16.78
Sudan,SDN,Country or economy,2023,146.106,2.12,14.51
Sudan,SDN,Country or economy,2024,154.299,2.279,14.77
Suriname,SUR,Country or economy,2000,188.542,0.181,0.96
Suriname,SUR,Country or economy,2001,212.5,0.221,1.04
Suriname,SUR,Country or economy,2002,275.61,0.339,1.23
Suriname,SUR,Country or economy,2003,291.538,0.379,1.3
Suriname,SUR,Country or economy,2004,320.28,0.458,1.43
Suriname,SUR,Country or economy,2005,349.704,0.591,1.69
Suriname,SUR,Country or economy,2006,310.191,0.487,1.57
Suriname,SUR,Country or economy,2007,293.333,0.44,1.5
Suriname,SUR,Country or economy,2008,296.026,0.447,1.51
Suriname,SUR,Country or economy,2009,300.654,0.46,1.53
Suriname,SUR,Country or economy,2010,268.878,0.527,1.96
Suriname,SUR,Country or economy,2011,230.065,0.352,1.53
Suriname,SUR,Country or economy,2012,345.509,0.577,1.67
Suriname,SUR,Country or economy,2013,357.955,0.63,1.76
Suriname,SUR,Country or economy,2014,465.934,0.848,1.82
Suriname,SUR,Country or economy,2015,491.935,0.915,1.86
Suriname,SUR,Country or economy,2016,380.22,0.692,1.82
Suriname,SUR,Country or economy,2017,329.282,0.596,1.81
Suriname,SUR,Country or economy,2018,321.053,0.61,1.9
Suriname,SUR,Country or economy,2019,356.863,0.728,2.04
Suriname,SUR,Country or economy,2020,352.195,0.722,2.05
Suriname,SUR,Country or economy,2021,351.675,0.735,2.09
Suriname,SUR,Country or economy,2022,375.829,0.793,2.11
Suriname,SUR,Country or economy,2023,320.809,0.555,1.73
Suriname,SUR,Country or economy,2024,322.989,0.562,1.74
Sweden,SWE,Country or economy,1990,33.285,4.859,145.98
Sweden,SWE,Country or economy,1991,41.002,6.026,146.97
Sweden,SWE,Country or economy,1992,46.207,6.743,145.93
Sweden,SWE,Country or economy,1993,51.342,7.458,145.26
Sweden,SWE,Country or economy,1994,56.713,8.093,142.7
Sweden,SWE,Country or economy,1995,53.912,7.994,148.28
Sweden,SWE,Country or economy,1996,78.615,11.054,140.61
Sweden,SWE,Country or economy,1997,51.826,7.733,149.21
Sweden,SWE,Country or economy,1998,49.48,7.857,158.79
Sweden,SWE,Country or economy,1999,49.793,7.71,154.84
Sweden,SWE,Country or economy,2000,44.805,6.507,145.23
Sweden,SWE,Country or economy,2001,46.677,7.543,161.6
Sweden,SWE,Country or economy,2002,56.162,8.239,146.7
Sweden,SWE,Country or economy,2003,68.506,9.275,135.39
Sweden,SWE,Country or economy,2004,48.06,7.284,151.56
Sweden,SWE,Country or economy,2005,43.149,6.833,158.36
Sweden,SWE,Country or economy,2006,49.679,7.118,143.28
Sweden,SWE,Country or economy,2007,46.096,6.86,148.82
Sweden,SWE,Country or economy,2008,47.885,7.178,149.9
Sweden,SWE,Country or economy,2009,51.127,6.984,136.6
Sweden,SWE,Country or economy,2010,63.705,9.457,148.45
Sweden,SWE,Country or economy,2011,52.316,7.862,150.28
Sweden,SWE,Country or economy,2012,44.641,7.43,166.44
Sweden,SWE,Country or economy,2013,44.664,6.835,153.03
Sweden,SWE,Country or economy,2014,40.232,6.178,153.56
Sweden,SWE,Country or economy,2015,40.938,6.632,162.0
Sweden,SWE,Country or economy,2016,43.062,6.713,155.89
Sweden,SWE,Country or economy,2017,42.447,6.971,164.23
Sweden,SWE,Country or economy,2018,42.783,6.989,163.36
Sweden,SWE,Country or economy,2019,42.37,7.136,168.42
Sweden,SWE,Country or economy,2020,38.674,6.334,163.78
Sweden,SWE,Country or economy,2021,41.687,7.161,171.78
Sweden,SWE,Country or economy,2022,41.005,7.096,173.05
Sweden,SWE,Country or economy,2023,38.44,6.383,166.05
Sweden,SWE,Country or economy,2024,34.908,6.005,172.023
Sweden,SWE,Country or economy,2025,35.345,6.025,170.463
Switzerland,CHE,Country or economy,2000,33.621,2.223,66.12
Switzerland,CHE,Country or economy,2001,33.357,2.37,71.05
Switzerland,CHE,Country or economy,2002,34.307,2.244,65.41
Switzerland,CHE,Country or economy,2003,34.619,2.262,65.34
Switzerland,CHE,Country or economy,2004,35.181,2.247,63.87
Switzerland,CHE,Country or economy,2005,38.166,2.206,57.8
Switzerland,CHE,Country or economy,2006,36.343,2.258,62.13
Switzerland,CHE,Country or economy,2007,34.397,2.285,66.43
Switzerland,CHE,Country or economy,2008,34.308,2.3,67.04
Switzerland,CHE,Country or economy,2009,33.973,2.265,66.67
Switzerland,CHE,Country or economy,2010,36.003,2.378,66.05
Switzerland,CHE,Country or economy,2011,36.148,2.273,62.88
Switzerland,CHE,Country or economy,2012,36.21,2.467,68.13
Switzerland,CHE,Country or economy,2013,35.609,2.446,68.69
Switzerland,CHE,Country or economy,2014,34.432,2.413,70.08
Switzerland,CHE,Country or economy,2015,35.75,2.362,66.07
Switzerland,CHE,Country or economy,2016,39.591,2.419,61.1
Switzerland,CHE,Country or economy,2017,39.817,2.395,60.15
Switzerland,CHE,Country or economy,2018,36.25,2.403,66.29
Switzerland,CHE,Country or economy,2019,35.482,2.504,70.57
Switzerland,CHE,Country or economy,2020,36.613,2.508,68.5
Switzerland,CHE,Country or economy,2021,38.627,2.437,63.09
Switzerland,CHE,Country or economy,2022,37.054,2.287,61.72
Switzerland,CHE,Country or economy,2023,34.808,2.439,70.07
Switzerland,CHE,Country or economy,2024,34.592,2.711,78.37
Switzerland,CHE,Country or economy,2025,39.05,2.539,65.02
Syria,SYR,Country or economy,2000,626.218,15.812,25.25
Syria,SYR,Country or economy,2001,632.199,16.905,26.74
Syria,SYR,Country or economy,2002,663.377,18.621,28.07
Syria,SYR,Country or economy,2003,667.533,20.293,30.4
Syria,SYR,Country or economy,2004,630.401,20.28,32.17
Syria,SYR,Country or economy,2005,634.174,22.881,36.08
Syria,SYR,Country or economy,2006,642.503,24.081,37.48
Syria,SYR,Country or economy,2007,642.565,24.848,38.67
Syria,SYR,Country or economy,2008,655.431,26.912,41.06
Syria,SYR,Country or economy,2009,691.717,29.979,43.34
Syria,SYR,Country or economy,2010,696.232,32.333,46.44
Syria,SYR,Country or economy,2011,684.417,28.636,41.84
Syria,SYR,Country or economy,2012,676.139,21.819,32.27
Syria,SYR,Country or economy,2013,662.733,16.681,25.17
Syria,SYR,Country or economy,2014,676.047,14.366,21.25
Syria,SYR,Country or economy,2015,734.481,13.228,18.01
Syria,SYR,Country or economy,2016,704.018,12.792,18.17
Syria,SYR,Country or economy,2017,708.514,13.065,18.44
Syria,SYR,Country or economy,2018,699.373,15.61,22.32
Syria,SYR,Country or economy,2019,696.774,15.552,22.32
Syria,SYR,Country or economy,2020,690.775,14.527,21.03
Syria,SYR,Country or economy,2021,692.17,15.027,21.71
Syria,SYR,Country or economy,2022,682.171,13.698,20.08
Syria,SYR,Country or economy,2023,705.635,17.655,25.02
Syria,SYR,Country or economy,2024,706.19,17.57,24.88
Taiwan (China),TWN,Country or economy,1985,330.567,18.363,55.55
Taiwan (China),TWN,Country or economy,1986,411.391,25.642,62.33
Taiwan (China),TWN,Country or economy,1987,393.351,27.212,69.18
Taiwan (China),TWN,Country or economy,1988,448.99,34.24,76.26
Taiwan (China),TWN,Country or economy,1989,493.731,41.508,84.07
Taiwan (China),TWN,Country or economy,1990,456.242,41.153,90.2
Taiwan (China),TWN,Country or economy,1991,485.419,48.139,99.17
Taiwan (China),TWN,Country or economy,1992,510.187,53.84,105.53
Taiwan (China),TWN,Country or economy,1993,552.778,63.68,115.2
Taiwan (China),TWN,Country or economy,1994,560.868,69.901,124.63
Taiwan (China),TWN,Country or economy,1995,569.749,75.845,133.12
Taiwan (China),TWN,Country or economy,1996,584.017,82.907,141.96
Taiwan (China),TWN,Country or economy,1997,601.973,90.597,150.5
Taiwan (China),TWN,Country or economy,1998,605.826,98.895,163.24
Taiwan (China),TWN,Country or economy,1999,611.747,103.422,169.06
Taiwan (China),TWN,Country or economy,2000,635.414,117.45,184.84
Taiwan (China),TWN,Country or economy,2001,654.395,123.373,188.53
Taiwan (China),TWN,Country or economy,2002,654.436,130.128,198.84
Taiwan (China),TWN,Country or economy,2003,666.11,139.257,209.06
Taiwan (China),TWN,Country or economy,2004,664.036,145.032,218.41
Taiwan (China),TWN,Country or economy,2005,665.402,151.379,227.5
Taiwan (China),TWN,Country or economy,2006,669.695,157.74,235.54
Taiwan (China),TWN,Country or economy,2007,669.87,162.852,243.11
Taiwan (China),TWN,Country or economy,2008,660.308,157.358,238.31
Taiwan (China),TWN,Country or economy,2009,657.918,151.354,230.05
Taiwan (China),TWN,Country or economy,2010,653.406,161.424,247.05
Taiwan (China),TWN,Country or economy,2011,652.508,164.53,252.15
Taiwan (China),TWN,Country or economy,2012,649.563,162.631,250.37
Taiwan (China),TWN,Country or economy,2013,644.307,162.578,252.33
Taiwan (China),TWN,Country or economy,2014,645.713,167.866,259.97
Taiwan (China),TWN,Country or economy,2015,650.453,167.908,258.14
Taiwan (China),TWN,Country or economy,2016,659.393,174.159,264.12
Taiwan (China),TWN,Country or economy,2017,685.014,185.132,270.26
Taiwan (China),TWN,Country or economy,2018,672.5,185.294,275.53
Taiwan (China),TWN,Country or economy,2019,649.384,178.048,274.18
Taiwan (China),TWN,Country or economy,2020,648.387,181.542,279.99
Taiwan (China),TWN,Country or economy,2021,652.424,189.875,291.03
Taiwan (China),TWN,Country or economy,2022,639.918,184.418,288.19
Taiwan (China),TWN,Country or economy,2023,645.384,182.179,282.28
Taiwan (China),TWN,Country or economy,2024,636.218,183.587,288.56
Taiwan (China),TWN,Country or economy,2025,634.049,183.147,288.853
Tajikistan,TJK,Country or economy,2000,32.374,0.461,14.24
Tajikistan,TJK,Country or economy,2001,30.716,0.442,14.39
Tajikistan,TJK,Country or economy,2002,28.889,0.442,15.3
Tajikistan,TJK,Country or economy,2003,29.497,0.487,16.51
Tajikistan,TJK,Country or economy,2004,28.866,0.476,16.49
Tajikistan,TJK,Country or economy,2005,27.677,0.473,17.09
Tajikistan,TJK,Country or economy,2006,31.364,0.531,16.93
Tajikistan,TJK,Country or economy,2007,35.906,0.628,17.49
Tajikistan,TJK,Country or economy,2008,35.851,0.579,16.15
Tajikistan,TJK,Country or economy,2009,31.39,0.506,16.12
Tajikistan,TJK,Country or economy,2010,25.122,0.413,16.44
Tajikistan,TJK,Country or economy,2011,25.123,0.408,16.24
Tajikistan,TJK,Country or economy,2012,26.046,0.442,16.97
Tajikistan,TJK,Country or economy,2013,25.95,0.444,17.11
Tajikistan,TJK,Country or economy,2014,32.983,0.533,16.16
Tajikistan,TJK,Country or economy,2015,32.459,0.557,17.16
Tajikistan,TJK,Country or economy,2016,56.787,0.979,17.24
Tajikistan,TJK,Country or economy,2017,74.268,1.345,18.11
Tajikistan,TJK,Country or economy,2018,87.589,1.729,19.74
Tajikistan,TJK,Country or economy,2019,97.901,2.052,20.96
Tajikistan,TJK,Country or economy,2020,110.0,2.211,20.1
Tajikistan,TJK,Country or economy,2021,110.956,2.299,20.72
Tajikistan,TJK,Country or economy,2022,86.878,1.867,21.49
Tajikistan,TJK,Country or economy,2023,73.952,1.57,21.23
Tajikistan,TJK,Country or economy,2024,70.811,1.572,22.2
Tajikistan,TJK,Country or economy,2025,72.642,1.745,24.022
Tanzania (the United Republic of),TZA,Country or economy,2000,119.6,0.299,2.5
Tanzania (the United Republic of),TZA,Country or economy,2001,68.198,0.193,2.83
Tanzania (the United Republic of),TZA,Country or economy,2002,64.014,0.185,2.89
Tanzania (the United Republic of),TZA,Country or economy,2003,59.779,0.162,2.71
Tanzania (the United Republic of),TZA,Country or economy,2004,143.295,0.374,2.61
Tanzania (the United Republic of),TZA,Country or economy,2005,292.896,1.072,3.66
Tanzania (the United Republic of),TZA,Country or economy,2006,328.775,1.154,3.51
Tanzania (the United Republic of),TZA,Country or economy,2007,231.368,0.981,4.24
Tanzania (the United Republic of),TZA,Country or economy,2008,222.247,0.989,4.45
Tanzania (the United Republic of),TZA,Country or economy,2009,233.125,1.119,4.8
Tanzania (the United Republic of),TZA,Country or economy,2010,254.784,1.358,5.33
Tanzania (the United Republic of),TZA,Country or economy,2011,320.696,1.658,5.17
Tanzania (the United Republic of),TZA,Country or economy,2012,364.727,2.068,5.67
Tanzania (the United Republic of),TZA,Country or economy,2013,386.978,2.318,5.99
Tanzania (the United Republic of),TZA,Country or economy,2014,317.891,1.99,6.26
Tanzania (the United Republic of),TZA,Country or economy,2015,372.588,2.433,6.53
Tanzania (the United Republic of),TZA,Country or economy,2016,328.006,2.237,6.82
Tanzania (the United Republic of),TZA,Country or economy,2017,335.361,2.371,7.07
Tanzania (the United Republic of),TZA,Country or economy,2018,345.007,2.522,7.31
Tanzania (the United Republic of),TZA,Country or economy,2019,337.194,2.62,7.77
Tanzania (the United Republic of),TZA,Country or economy,2020,299.234,2.343,7.83
Tanzania (the United Republic of),TZA,Country or economy,2021,320.231,2.77,8.65
Tanzania (the United Republic of),TZA,Country or economy,2022,348.753,3.355,9.62
Tanzania (the United Republic of),TZA,Country or economy,2023,372.469,3.937,10.57
Tanzania (the United Republic of),TZA,Country or economy,2024,343.891,3.04,8.84
Thailand,THA,Country or economy,1985,573.513,13.208,23.03
Thailand,THA,Country or economy,1986,535.59,13.213,24.67
Thailand,THA,Country or economy,1987,578.824,16.537,28.57
Thailand,THA,Country or economy,1988,587.014,19.031,32.42
Thailand,THA,Country or economy,1989,572.102,21.368,37.35
Thailand,THA,Country or economy,1990,614.529,27.113,44.12
Thailand,THA,Country or economy,1991,635.986,31.882,50.13
Thailand,THA,Country or economy,1992,641.206,36.568,57.03
Thailand,THA,Country or economy,1993,636.365,40.301,63.33
Thailand,THA,Country or economy,1994,629.484,44.75,71.09
Thailand,THA,Country or economy,1995,615.302,49.058,79.73
Thailand,THA,Country or economy,1996,618.23,53.786,87.0
Thailand,THA,Country or economy,1997,617.645,57.231,92.66
Thailand,THA,Country or economy,1998,619.133,55.431,89.53
Thailand,THA,Country or economy,1999,626.106,56.481,90.21
Thailand,THA,Country or economy,2000,608.543,58.128,95.52
Thailand,THA,Country or economy,2001,605.486,61.148,100.99
Thailand,THA,Country or economy,2002,593.167,64.323,108.44
Thailand,THA,Country or economy,2003,591.401,68.567,115.94
Thailand,THA,Country or economy,2004,599.315,74.393,124.13
Thailand,THA,Country or economy,2005,600.843,78.368,130.43
Thailand,THA,Country or economy,2006,598.582,81.874,136.78
Thailand,THA,Country or economy,2007,606.89,86.5,142.53
Thailand,THA,Country or economy,2008,608.904,88.559,145.44
Thailand,THA,Country or economy,2009,605.86,88.395,145.9
Thailand,THA,Country or economy,2010,606.327,95.539,157.57
Thailand,THA,Country or economy,2011,600.939,92.124,153.3
Thailand,THA,Country or economy,2012,597.952,101.03,168.96
Thailand,THA,Country or economy,2013,602.775,101.652,168.64
Thailand,THA,Country or economy,2014,602.302,104.656,173.76
Thailand,THA,Country or economy,2015,598.037,106.349,177.83
Thailand,THA,Country or economy,2016,596.485,107.26,179.82
Thailand,THA,Country or economy,2017,584.225,103.25,176.73
Thailand,THA,Country or economy,2018,568.654,101.084,177.76
Thailand,THA,Country or economy,2019,563.08,105.02,186.51
Thailand,THA,Country or economy,2020,571.385,100.838,176.48
Thailand,THA,Country or economy,2021,566.96,99.989,176.36
Thailand,THA,Country or economy,2022,561.058,101.198,180.37
Thailand,THA,Country or economy,2023,549.906,104.746,190.48
Thailand,THA,Country or economy,2024,555.408,110.815,199.52
Thailand,THA,Country or economy,2025,546.338,102.865,188.281
The Philippines,PHL,Country or economy,2000,468.035,21.202,45.3
The Philippines,PHL,Country or economy,2001,506.249,23.819,47.05
The Philippines,PHL,Country or economy,2002,467.21,22.641,48.46
The Philippines,PHL,Country or economy,2003,455.648,24.122,52.94
The Philippines,PHL,Country or economy,2004,460.94,25.785,55.94
The Philippines,PHL,Country or economy,2005,448.771,25.387,56.57
The Philippines,PHL,Country or economy,2006,427.545,24.276,56.78
The Philippines,PHL,Country or economy,2007,452.449,26.975,59.62
The Philippines,PHL,Country or economy,2008,431.437,26.24,60.82
The Philippines,PHL,Country or economy,2009,441.424,27.333,61.92
The Philippines,PHL,Country or economy,2010,504.976,34.202,67.73
The Philippines,PHL,Country or economy,2011,493.16,34.102,69.15
The Philippines,PHL,Country or economy,2012,505.351,36.835,72.89
The Philippines,PHL,Country or economy,2013,530.427,39.904,75.23
The Philippines,PHL,Country or economy,2014,537.395,41.503,77.23
The Philippines,PHL,Country or economy,2015,545.498,44.949,82.4
The Philippines,PHL,Country or economy,2016,562.485,51.068,90.79
The Philippines,PHL,Country or economy,2017,564.657,53.281,94.36
The Philippines,PHL,Country or economy,2018,577.983,57.648,99.74
The Philippines,PHL,Country or economy,2019,599.198,63.533,106.03
The Philippines,PHL,Country or economy,2020,605.759,61.636,101.75
The Philippines,PHL,Country or economy,2021,606.42,64.135,105.76
The Philippines,PHL,Country or economy,2022,609.144,67.95,111.55
The Philippines,PHL,Country or economy,2023,622.702,72.688,116.73
The Philippines,PHL,Country or economy,2024,629.484,78.163,124.17
The Philippines,PHL,Country or economy,2025,595.395,73.311,123.13
Togo,TGO,Country or economy,2000,305.556,0.055,0.18
Togo,TGO,Country or economy,2001,415.385,0.054,0.13
Togo,TGO,Country or economy,2002,300.0,0.048,0.16
Togo,TGO,Country or economy,2003,233.333,0.042,0.18
Togo,TGO,Country or economy,2004,389.474,0.074,0.19
Togo,TGO,Country or economy,2005,426.316,0.081,0.19
Togo,TGO,Country or economy,2006,400.0,0.088,0.22
Togo,TGO,Country or economy,2007,336.842,0.064,0.19
Togo,TGO,Country or economy,2008,215.385,0.028,0.13
Togo,TGO,Country or economy,2009,193.333,0.029,0.15
Togo,TGO,Country or economy,2010,400.0,0.088,0.22
Togo,TGO,Country or economy,2011,342.857,0.072,0.21
Togo,TGO,Country or economy,2012,459.375,0.147,0.32
Togo,TGO,Country or economy,2013,562.5,0.18,0.32
Togo,TGO,Country or economy,2014,428.571,0.15,0.35
Togo,TGO,Country or economy,2015,540.909,0.238,0.44
Togo,TGO,Country or economy,2016,520.213,0.489,0.94
Togo,TGO,Country or economy,2017,481.481,0.39,0.81
Togo,TGO,Country or economy,2018,410.0,0.246,0.6
Togo,TGO,Country or economy,2019,465.574,0.284,0.61
Togo,TGO,Country or economy,2020,508.197,0.31,0.61
Togo,TGO,Country or economy,2021,466.197,0.331,0.71
Togo,TGO,Country or economy,2022,478.889,0.431,0.9
Togo,TGO,Country or economy,2023,436.62,0.31,0.71
Togo,TGO,Country or economy,2024,421.127,0.299,0.71
Tonga,TON,Country or economy,2000,650.0,0.026,0.04
Tonga,TON,Country or economy,2001,650.0,0.026,0.04
Tonga,TON,Country or economy,2002,650.0,0.026,0.04
Tonga,TON,Country or economy,2003,650.0,0.026,0.04
Tonga,TON,Country or economy,2004,660.0,0.033,0.05
Tonga,TON,Country or economy,2005,660.0,0.033,0.05
Tonga,TON,Country or economy,2006,660.0,0.033,0.05
Tonga,TON,Country or economy,2007,660.0,0.033,0.05
Tonga,TON,Country or economy,2008,660.0,0.033,0.05
Tonga,TON,Country or economy,2009,660.0,0.033,0.05
Tonga,TON,Country or economy,2010,660.0,0.033,0.05
Tonga,TON,Country or economy,2011,660.0,0.033,0.05
Tonga,TON,Country or economy,2012,660.0,0.033,0.05
Tonga,TON,Country or economy,2013,660.0,0.033,0.05
Tonga,TON,Country or economy,2014,660.0,0.033,0.05
Tonga,TON,Country or economy,2015,660.0,0.033,0.05
Tonga,TON,Country or economy,2016,650.0,0.039,0.06
Tonga,TON,Country or economy,2017,571.429,0.04,0.07
Tonga,TON,Country or economy,2018,571.429,0.04,0.07
Tonga,TON,Country or economy,2019,571.429,0.04,0.07
Tonga,TON,Country or economy,2020,571.429,0.04,0.07
Tonga,TON,Country or economy,2021,571.429,0.04,0.07
Tonga,TON,Country or economy,2022,587.5,0.047,0.08
Tonga,TON,Country or economy,2023,571.429,0.04,0.07
Tonga,TON,Country or economy,2024,571.429,0.04,0.07
Trinidad and Tobago,TTO,Country or economy,2000,680.403,3.715,5.46
Trinidad and Tobago,TTO,Country or economy,2001,679.61,3.833,5.64
Trinidad and Tobago,TTO,Country or economy,2002,679.61,3.833,5.64
Trinidad and Tobago,TTO,Country or economy,2003,681.211,4.387,6.44
Trinidad and Tobago,TTO,Country or economy,2004,680.56,4.376,6.43
Trinidad and Tobago,TTO,Country or economy,2005,680.709,4.799,7.05
Trinidad and Tobago,TTO,Country or economy,2006,680.056,4.876,7.17
Trinidad and Tobago,TTO,Country or economy,2007,680.729,5.228,7.68
Trinidad and Tobago,TTO,Country or economy,2008,680.724,5.262,7.73
Trinidad and Tobago,TTO,Country or economy,2009,680.74,5.337,7.84
Trinidad and Tobago,TTO,Country or economy,2010,681.958,5.783,8.48
Trinidad and Tobago,TTO,Country or economy,2011,681.963,5.974,8.76
Trinidad and Tobago,TTO,Country or economy,2012,682.018,6.22,9.12
Trinidad and Tobago,TTO,Country or economy,2013,682.0,6.479,9.5
Trinidad and Tobago,TTO,Country or economy,2014,681.934,6.417,9.41
Trinidad and Tobago,TTO,Country or economy,2015,681.296,6.52,9.57
Trinidad and Tobago,TTO,Country or economy,2016,681.316,6.418,9.42
Trinidad and Tobago,TTO,Country or economy,2017,681.33,6.35,9.32
Trinidad and Tobago,TTO,Country or economy,2018,681.257,6.288,9.23
Trinidad and Tobago,TTO,Country or economy,2019,681.196,6.267,9.2
Trinidad and Tobago,TTO,Country or economy,2020,681.257,6.288,9.23
Trinidad and Tobago,TTO,Country or economy,2021,681.23,6.315,9.27
Trinidad and Tobago,TTO,Country or economy,2022,681.263,6.472,9.5
Trinidad and Tobago,TTO,Country or economy,2023,681.303,6.486,9.52
Trinidad and Tobago,TTO,Country or economy,2024,681.257,6.506,9.55
Tunisia,TUN,Country or economy,2000,586.119,6.207,10.59
Tunisia,TUN,Country or economy,2001,585.501,6.663,11.38
Tunisia,TUN,Country or economy,2002,584.966,6.926,11.84
Tunisia,TUN,Country or economy,2003,572.695,6.46,11.28
Tunisia,TUN,Country or economy,2004,573.512,6.842,11.93
Tunisia,TUN,Country or economy,2005,574.724,7.276,12.66
Tunisia,TUN,Country or economy,2006,581.714,7.603,13.07
Tunisia,TUN,Country or economy,2007,585.881,8.05,13.74
Tunisia,TUN,Country or economy,2008,582.533,8.371,14.37
Tunisia,TUN,Country or economy,2009,577.457,8.812,15.26
Tunisia,TUN,Country or economy,2010,574.638,9.131,15.89
Tunisia,TUN,Country or economy,2011,575.951,9.388,16.3
Tunisia,TUN,Country or economy,2012,571.581,10.197,17.84
Tunisia,TUN,Country or economy,2013,568.357,10.31,18.14
Tunisia,TUN,Country or economy,2014,565.156,10.721,18.97
Tunisia,TUN,Country or economy,2015,568.172,11.068,19.48
Tunisia,TUN,Country or economy,2016,563.525,11.062,19.63
Tunisia,TUN,Country or economy,2017,566.035,11.649,20.58
Tunisia,TUN,Country or economy,2018,567.782,11.878,20.92
Tunisia,TUN,Country or economy,2019,564.896,12.439,22.02
Tunisia,TUN,Country or economy,2020,564.687,12.073,21.38
Tunisia,TUN,Country or economy,2021,564.977,12.373,21.9
Tunisia,TUN,Country or economy,2022,565.53,12.108,21.41
Tunisia,TUN,Country or economy,2023,560.526,11.928,21.28
Tunisia,TUN,Country or economy,2024,558.119,11.927,21.37
Tunisia,TUN,Country or economy,2025,561.145,12.504,22.283
Turkmenistan,TKM,Country or economy,2000,1306.599,12.87,9.85
Turkmenistan,TKM,Country or economy,2001,1306.503,13.862,10.61
Turkmenistan,TKM,Country or economy,2002,1306.542,13.98,10.7
Turkmenistan,TKM,Country or economy,2003,1306.574,14.111,10.8
Turkmenistan,TKM,Country or economy,2004,1306.544,15.574,11.92
Turkmenistan,TKM,Country or economy,2005,1306.552,16.75,12.82
Turkmenistan,TKM,Country or economy,2006,1306.52,17.834,13.65
Turkmenistan,TKM,Country or economy,2007,1306.519,19.441,14.88
Turkmenistan,TKM,Country or economy,2008,1306.582,19.651,15.04
Turkmenistan,TKM,Country or economy,2009,1306.571,20.879,15.98
Turkmenistan,TKM,Country or economy,2010,1306.543,21.767,16.66
Turkmenistan,TKM,Country or economy,2011,1306.562,22.499,17.22
Turkmenistan,TKM,Country or economy,2012,1306.535,23.191,17.75
Turkmenistan,TKM,Country or economy,2013,1306.571,24.655,18.87
Turkmenistan,TKM,Country or economy,2014,1306.569,26.654,20.4
Turkmenistan,TKM,Country or economy,2015,1306.569,29.437,22.53
Turkmenistan,TKM,Country or economy,2016,1306.569,29.437,22.53
Turkmenistan,TKM,Country or economy,2017,1306.53,31.213,23.89
Turkmenistan,TKM,Country or economy,2018,1306.546,33.134,25.36
Turkmenistan,TKM,Country or economy,2019,1306.533,29.397,22.5
Turkmenistan,TKM,Country or economy,2020,1306.561,33.657,25.76
Turkmenistan,TKM,Country or economy,2021,1306.092,37.093,28.4
Turkmenistan,TKM,Country or economy,2022,1306.166,42.581,32.6
Turkmenistan,TKM,Country or economy,2023,1306.166,42.581,32.6
Turkmenistan,TKM,Country or economy,2024,1306.15,43.116,33.01
Turks and Caicos Islands,TCA,Country or economy,2000,662.5,0.053,0.08
Turks and Caicos Islands,TCA,Country or economy,2001,662.5,0.053,0.08
Turks and Caicos Islands,TCA,Country or economy,2002,660.0,0.066,0.1
Turks and Caicos Islands,TCA,Country or economy,2003,654.545,0.072,0.11
Turks and Caicos Islands,TCA,Country or economy,2004,658.333,0.079,0.12
Turks and Caicos Islands,TCA,Country or economy,2005,661.538,0.086,0.13
Turks and Caicos Islands,TCA,Country or economy,2006,656.25,0.105,0.16
Turks and Caicos Islands,TCA,Country or economy,2007,655.556,0.118,0.18
Turks and Caicos Islands,TCA,Country or economy,2008,657.895,0.125,0.19
Turks and Caicos Islands,TCA,Country or economy,2009,660.0,0.132,0.2
Turks and Caicos Islands,TCA,Country or economy,2010,657.143,0.138,0.21
Turks and Caicos Islands,TCA,Country or economy,2011,657.143,0.138,0.21
Turks and Caicos Islands,TCA,Country or economy,2012,657.143,0.138,0.21
Turks and Caicos Islands,TCA,Country or economy,2013,657.143,0.138,0.21
Turks and Caicos Islands,TCA,Country or economy,2014,656.522,0.151,0.23
Turks and Caicos Islands,TCA,Country or economy,2015,656.522,0.151,0.23
Turks and Caicos Islands,TCA,Country or economy,2016,656.0,0.164,0.25
Turks and Caicos Islands,TCA,Country or economy,2017,658.621,0.191,0.29
Turks and Caicos Islands,TCA,Country or economy,2018,657.692,0.171,0.26
Turks and Caicos Islands,TCA,Country or economy,2019,657.692,0.171,0.26
Turks and Caicos Islands,TCA,Country or economy,2020,656.0,0.164,0.25
Turks and Caicos Islands,TCA,Country or economy,2021,657.692,0.171,0.26
Turks and Caicos Islands,TCA,Country or economy,2022,657.692,0.171,0.26
Turks and Caicos Islands,TCA,Country or economy,2023,657.692,0.171,0.26
Turks and Caicos Islands,TCA,Country or economy,2024,637.037,0.172,0.27
Türkiye,TUR,Country or economy,1990,525.912,30.261,57.54
Türkiye,TUR,Country or economy,1991,539.392,32.493,60.24
Türkiye,TUR,Country or economy,1992,538.753,36.285,67.35
Türkiye,TUR,Country or economy,1993,480.965,35.5,73.81
Türkiye,TUR,Country or economy,1994,536.857,42.052,78.33
Türkiye,TUR,Country or economy,1995,504.835,43.537,86.24
Türkiye,TUR,Country or economy,1996,495.793,47.026,94.85
Türkiye,TUR,Country or economy,1997,519.429,53.657,103.3
Türkiye,TUR,Country or economy,1998,519.114,57.632,111.02
Türkiye,TUR,Country or economy,1999,556.999,64.857,116.44
Türkiye,TUR,Country or economy,2000,574.192,71.418,124.38
Türkiye,TUR,Country or economy,2001,605.358,73.999,122.24
Türkiye,TUR,Country or economy,2002,536.447,68.912,128.46
Türkiye,TUR,Country or economy,2003,524.867,73.24,139.54
Türkiye,TUR,Country or economy,2004,494.21,74.008,149.75
Türkiye,TUR,Country or economy,2005,543.593,87.861,161.63
Türkiye,TUR,Country or economy,2006,537.549,94.743,176.25
Türkiye,TUR,Country or economy,2007,577.799,110.66,191.52
Türkiye,TUR,Country or economy,2008,593.477,117.728,198.37
Türkiye,TUR,Country or economy,2009,577.162,112.437,194.81
Türkiye,TUR,Country or economy,2010,525.206,110.913,211.18
Türkiye,TUR,Country or economy,2011,541.157,124.136,229.39
Türkiye,TUR,Country or economy,2012,527.943,126.437,239.49
Türkiye,TUR,Country or economy,2013,510.148,122.512,240.15
Türkiye,TUR,Country or economy,2014,567.438,142.966,251.95
Türkiye,TUR,Country or economy,2015,504.894,132.166,261.77
Türkiye,TUR,Country or economy,2016,523.488,143.645,274.4
Türkiye,TUR,Country or economy,2017,535.134,159.09,297.29
Türkiye,TUR,Country or economy,2018,542.755,162.908,300.15
Türkiye,TUR,Country or economy,2019,489.64,146.98,300.18
Türkiye,TUR,Country or economy,2020,483.55,146.032,302.0
Türkiye,TUR,Country or economy,2021,501.83,164.54,327.88
Türkiye,TUR,Country or economy,2022,489.169,156.808,320.56
Türkiye,TUR,Country or economy,2023,494.887,158.26,319.79
Türkiye,TUR,Country or economy,2024,470.788,160.647,341.23
Türkiye,TUR,Country or economy,2025,475.776,168.358,353.86
Uganda,UGA,Country or economy,2000,31.447,0.05,1.59
Uganda,UGA,Country or economy,2001,31.447,0.05,1.59
Uganda,UGA,Country or economy,2002,31.977,0.055,1.72
Uganda,UGA,Country or economy,2003,31.667,0.057,1.8
Uganda,UGA,Country or economy,2004,28.866,0.056,1.94
Uganda,UGA,Country or economy,2005,51.531,0.101,1.96
Uganda,UGA,Country or economy,2006,180.625,0.289,1.6
Uganda,UGA,Country or economy,2007,200.0,0.4,2.0
Uganda,UGA,Country or economy,2008,193.991,0.452,2.33
Uganda,UGA,Country or economy,2009,264.05,0.639,2.42
Uganda,UGA,Country or economy,2010,289.416,0.793,2.74
Uganda,UGA,Country or economy,2011,275.188,0.732,2.66
Uganda,UGA,Country or economy,2012,96.207,0.279,2.9
Uganda,UGA,Country or economy,2013,34.528,0.106,3.07
Uganda,UGA,Country or economy,2014,56.037,0.181,3.23
Uganda,UGA,Country or economy,2015,57.183,0.203,3.55
Uganda,UGA,Country or economy,2016,54.111,0.204,3.77
Uganda,UGA,Country or economy,2017,46.561,0.176,3.78
Uganda,UGA,Country or economy,2018,82.326,0.354,4.3
Uganda,UGA,Country or economy,2019,55.24,0.253,4.58
Uganda,UGA,Country or economy,2020,51.957,0.239,4.6
Uganda,UGA,Country or economy,2021,53.51,0.282,5.27
Uganda,UGA,Country or economy,2022,56.696,0.326,5.75
Uganda,UGA,Country or economy,2023,58.752,0.339,5.77
Uganda,UGA,Country or economy,2024,58.52,0.34,5.81
Ukraine,UKR,Country or economy,1985,616.948,167.816,272.01
Ukraine,UKR,Country or economy,1986,648.623,176.886,272.71
Ukraine,UKR,Country or economy,1987,634.54,178.623,281.5
Ukraine,UKR,Country or economy,1988,579.387,172.188,297.19
Ukraine,UKR,Country or economy,1989,597.528,176.45,295.3
Ukraine,UKR,Country or economy,1990,575.595,173.093,300.72
Ukraine,UKR,Country or economy,1991,561.479,157.214,280.0
Ukraine,UKR,Country or economy,1992,564.744,143.411,253.94
Ukraine,UKR,Country or economy,1993,520.315,120.38,231.36
Ukraine,UKR,Country or economy,1994,504.746,103.059,204.18
Ukraine,UKR,Country or economy,1995,489.727,95.722,195.46
Ukraine,UKR,Country or economy,1996,429.069,79.043,184.22
Ukraine,UKR,Country or economy,1997,417.394,74.772,179.14
Ukraine,UKR,Country or economy,1998,394.519,68.382,173.33
Ukraine,UKR,Country or economy,1999,416.427,71.867,172.58
Ukraine,UKR,Country or economy,2000,402.497,69.165,171.84
Ukraine,UKR,Country or economy,2001,408.794,70.844,173.3
Ukraine,UKR,Country or economy,2002,414.164,72.077,174.03
Ukraine,UKR,Country or economy,2003,410.699,74.164,180.58
Ukraine,UKR,Country or economy,2004,368.116,67.159,182.44
Ukraine,UKR,Country or economy,2005,374.886,69.875,186.39
Ukraine,UKR,Country or economy,2006,404.261,78.269,193.61
Ukraine,UKR,Country or economy,2007,416.076,81.655,196.25
Ukraine,UKR,Country or economy,2008,417.967,80.492,192.58
Ukraine,UKR,Country or economy,2009,409.688,71.126,173.61
Ukraine,UKR,Country or economy,2010,409.93,77.403,188.82
Ukraine,UKR,Country or economy,2011,427.561,83.353,194.95
Ukraine,UKR,Country or economy,2012,441.864,87.878,198.88
Ukraine,UKR,Country or economy,2013,448.917,87.256,194.37
Ukraine,UKR,Country or economy,2014,417.684,76.361,182.82
Ukraine,UKR,Country or economy,2015,380.163,62.225,163.68
Ukraine,UKR,Country or economy,2016,408.507,67.232,164.58
Ukraine,UKR,Country or economy,2017,347.289,54.191,156.04
Ukraine,UKR,Country or economy,2018,349.349,55.847,159.86
Ukraine,UKR,Country or economy,2019,341.566,52.649,154.14
Ukraine,UKR,Country or economy,2020,325.414,48.093,147.79
Ukraine,UKR,Country or economy,2021,279.481,43.722,156.44
Ukraine,UKR,Country or economy,2022,250.525,27.936,111.51
United Arab Emirates,ARE,Country or economy,1985,676.765,8.243,12.18
United Arab Emirates,ARE,Country or economy,1986,676.737,8.669,12.81
United Arab Emirates,ARE,Country or economy,1987,676.72,9.244,13.66
United Arab Emirates,ARE,Country or economy,1988,676.752,10.043,14.84
United Arab Emirates,ARE,Country or economy,1989,676.746,10.564,15.61
United Arab Emirates,ARE,Country or economy,1990,676.756,11.559,17.08
United Arab Emirates,ARE,Country or economy,1991,676.713,11.653,17.22
United Arab Emirates,ARE,Country or economy,1992,676.726,12.648,18.69
United Arab Emirates,ARE,Country or economy,1993,676.76,14.706,21.73
United Arab Emirates,ARE,Country or economy,1994,676.738,16.059,23.73
United Arab Emirates,ARE,Country or economy,1995,676.741,16.905,24.98
United Arab Emirates,ARE,Country or economy,1996,676.741,17.981,26.57
United Arab Emirates,ARE,Country or economy,1997,676.739,19.26,28.46
United Arab Emirates,ARE,Country or economy,1998,676.73,22.596,33.39
United Arab Emirates,ARE,Country or economy,1999,676.751,25.121,37.12
United Arab Emirates,ARE,Country or economy,2000,676.74,27.029,39.94
United Arab Emirates,ARE,Country or economy,2001,676.743,29.215,43.17
United Arab Emirates,ARE,Country or economy,2002,676.734,31.705,46.85
United Arab Emirates,ARE,Country or economy,2003,676.744,33.465,49.45
United Arab Emirates,ARE,Country or economy,2004,676.741,35.468,52.41
United Arab Emirates,ARE,Country or economy,2005,676.738,41.078,60.7
United Arab Emirates,ARE,Country or economy,2006,676.746,42.256,62.44
United Arab Emirates,ARE,Country or economy,2007,676.739,53.3,78.76
United Arab Emirates,ARE,Country or economy,2008,676.734,54.45,80.46
United Arab Emirates,ARE,Country or economy,2009,676.663,57.99,85.7
United Arab Emirates,ARE,Country or economy,2010,676.605,63.567,93.95
United Arab Emirates,ARE,Country or economy,2011,676.606,67.072,99.13
United Arab Emirates,ARE,Country or economy,2012,676.622,71.864,106.21
United Arab Emirates,ARE,Country or economy,2013,676.225,74.378,109.99
United Arab Emirates,ARE,Country or economy,2014,675.064,78.672,116.54
United Arab Emirates,ARE,Country or economy,2015,675.255,86.014,127.38
United Arab Emirates,ARE,Country or economy,2016,675.187,87.511,129.61
United Arab Emirates,ARE,Country or economy,2017,673.233,90.597,134.57
United Arab Emirates,ARE,Country or economy,2018,671.186,91.288,136.01
United Arab Emirates,ARE,Country or economy,2019,660.101,91.391,138.45
United Arab Emirates,ARE,Country or economy,2020,645.678,88.658,137.31
United Arab Emirates,ARE,Country or economy,2021,605.294,90.219,149.05
United Arab Emirates,ARE,Country or economy,2022,558.525,86.806,155.42
United Arab Emirates,ARE,Country or economy,2023,483.788,81.049,167.53
United Arab Emirates,ARE,Country or economy,2024,467.528,82.874,177.26
United Kingdom,GBR,Country or economy,1985,693.593,206.753,298.09
United Kingdom,GBR,Country or economy,1986,720.872,217.033,301.07
United Kingdom,GBR,Country or economy,1987,737.092,222.683,302.11
United Kingdom,GBR,Country or economy,1988,710.016,219.267,308.82
United Kingdom,GBR,Country or economy,1989,688.721,216.658,314.58
United Kingdom,GBR,Country or economy,1990,705.013,225.428,319.75
United Kingdom,GBR,Country or economy,1991,700.13,226.058,322.88
United Kingdom,GBR,Country or economy,1992,665.11,213.527,321.04
United Kingdom,GBR,Country or economy,1993,608.232,196.526,323.11
United Kingdom,GBR,Country or economy,1994,588.961,192.331,326.56
United Kingdom,GBR,Country or economy,1995,579.462,195.522,337.42
United Kingdom,GBR,Country or economy,1996,556.528,195.269,350.87
United Kingdom,GBR,Country or economy,1997,511.977,179.535,350.67
United Kingdom,GBR,Country or economy,1998,509.589,184.833,362.71
United Kingdom,GBR,Country or economy,1999,492.305,181.242,368.15
United Kingdom,GBR,Country or economy,2000,521.989,196.821,377.06
United Kingdom,GBR,Country or economy,2001,529.004,203.545,384.77
United Kingdom,GBR,Country or economy,2002,520.891,201.71,387.24
United Kingdom,GBR,Country or economy,2003,536.765,213.745,398.21
United Kingdom,GBR,Country or economy,2004,536.025,211.151,393.92
United Kingdom,GBR,Country or economy,2005,535.238,213.212,398.35
United Kingdom,GBR,Country or economy,2006,559.34,222.209,397.27
United Kingdom,GBR,Country or economy,2007,556.08,220.658,396.81
United Kingdom,GBR,Country or economy,2008,554.383,215.633,388.96
United Kingdom,GBR,Country or economy,2009,504.65,190.132,376.76
United Kingdom,GBR,Country or economy,2010,517.194,197.599,382.06
United Kingdom,GBR,Country or economy,2011,499.633,183.85,367.97
United Kingdom,GBR,Country or economy,2012,537.228,195.481,363.87
United Kingdom,GBR,Country or economy,2013,506.919,181.619,358.28
United Kingdom,GBR,Country or economy,2014,462.896,156.496,338.08
United Kingdom,GBR,Country or economy,2015,397.778,134.795,338.87
United Kingdom,GBR,Country or economy,2016,333.442,113.097,339.18
United Kingdom,GBR,Country or economy,2017,302.179,102.203,338.22
United Kingdom,GBR,Country or economy,2018,285.696,95.354,333.76
United Kingdom,GBR,Country or economy,2019,268.425,87.826,327.19
United Kingdom,GBR,Country or economy,2020,242.581,75.273,310.301
United Kingdom,GBR,Country or economy,2021,267.064,82.229,307.9
United Kingdom,GBR,Country or economy,2022,255.04,82.781,324.58
United Kingdom,GBR,Country or economy,2023,235.617,68.925,292.53
United Kingdom,GBR,Country or economy,2024,216.473,61.513,284.16
United Kingdom,GBR,Country or economy,2025,218.22,64.022,293.383
United States,USA,Country or economy,2000,607.516,2309.837,3802.1
United States,USA,Country or economy,2001,609.887,2273.398,3727.57
United States,USA,Country or economy,2002,600.66,2309.075,3844.23
United States,USA,Country or economy,2003,606.338,2345.886,3868.94
United States,USA,Country or economy,2004,602.442,2380.82,3951.95
United States,USA,Country or economy,2005,604.39,2438.706,4034.99
United States,USA,Country or economy,2006,595.455,2409.771,4046.94
United States,USA,Country or economy,2007,598.477,2479.231,4142.57
United States,USA,Country or economy,2008,591.333,2428.919,4107.53
United States,USA,Country or economy,2009,565.022,2226.086,3939.82
United States,USA,Country or economy,2010,570.84,2348.401,4113.94
United States,USA,Country or economy,2011,550.533,2251.059,4088.87
United States,USA,Country or economy,2012,532.82,2152.948,4040.67
United States,USA,Country or economy,2013,533.49,2163.628,4055.61
United States,USA,Country or economy,2014,529.455,2168.654,4096.01
United States,USA,Country or economy,2015,504.944,2062.187,4083.99
United States,USA,Country or economy,2016,483.393,1975.898,4087.56
United States,USA,Country or economy,2017,469.067,1900.804,4052.31
United States,USA,Country or economy,2018,462.631,1943.766,4201.55
United States,USA,Country or economy,2019,439.447,1827.387,4158.38
United States,USA,Country or economy,2020,411.73,1664.698,4043.18
United States,USA,Country or economy,2021,423.779,1760.219,4153.62
United States,USA,Country or economy,2022,410.387,1759.282,4286.89
United States,USA,Country or economy,2023,392.9,1671.363,4253.91
United States,USA,Country or economy,2024,383.81,1685.316,4391.02
United States,USA,Country or economy,2025,384.403,1737.423,4519.79
Uruguay,URY,Country or economy,2000,66.535,0.505,7.59
Uruguay,URY,Country or economy,2001,25.946,0.24,9.25
Uruguay,URY,Country or economy,2002,26.563,0.255,9.6
Uruguay,URY,Country or economy,2003,25.408,0.218,8.58
Uruguay,URY,Country or economy,2004,141.186,0.833,5.9
Uruguay,URY,Country or economy,2005,104.036,0.799,7.68
Uruguay,URY,Country or economy,2006,249.731,1.391,5.57
Uruguay,URY,Country or economy,2007,109.168,1.024,9.38
Uruguay,URY,Country or economy,2008,288.712,2.532,8.77
Uruguay,URY,Country or economy,2009,243.599,2.112,8.67
Uruguay,URY,Country or economy,2010,111.918,1.202,10.74
Uruguay,URY,Country or economy,2011,205.319,2.123,10.34
Uruguay,URY,Country or economy,2012,271.981,2.883,10.6
Uruguay,URY,Country or economy,2013,148.285,1.729,11.66
Uruguay,URY,Country or economy,2014,84.515,1.097,12.98
Uruguay,URY,Country or economy,2015,98.544,1.354,13.74
Uruguay,URY,Country or economy,2016,74.694,1.036,13.87
Uruguay,URY,Country or economy,2017,64.181,0.921,14.35
Uruguay,URY,Country or economy,2018,68.446,1.0,14.61
Uruguay,URY,Country or economy,2019,60.734,0.976,16.07
Uruguay,URY,Country or economy,2020,94.62,1.284,13.57
Uruguay,URY,Country or economy,2021,150.594,2.408,15.99
Uruguay,URY,Country or economy,2022,110.498,1.642,14.86
Uruguay,URY,Country or economy,2023,112.949,1.448,12.82
Uruguay,URY,Country or economy,2024,68.811,0.92,13.37
Uruguay,URY,Country or economy,2025,79.813,0.958,12.003
Uzbekistan,UZB,Country or economy,2000,1103.692,51.719,46.86
Uzbekistan,UZB,Country or economy,2001,1085.113,52.042,47.96
Uzbekistan,UZB,Country or economy,2002,1049.474,51.844,49.4
Uzbekistan,UZB,Country or economy,2003,997.497,48.618,48.74
Uzbekistan,UZB,Country or economy,2004,1058.008,52.583,49.7
Uzbekistan,UZB,Country or economy,2005,984.833,46.947,47.67
Uzbekistan,UZB,Country or economy,2006,1105.718,54.534,49.32
Uzbekistan,UZB,Country or economy,2007,1114.851,54.65,49.02
Uzbekistan,UZB,Country or economy,2008,1129.749,56.736,50.22
Uzbekistan,UZB,Country or economy,2009,1085.21,54.369,50.1
Uzbekistan,UZB,Country or economy,2010,1053.743,54.763,51.97
Uzbekistan,UZB,Country or economy,2011,1118.333,59.048,52.8
Uzbekistan,UZB,Country or economy,2012,1098.321,58.211,53.0
Uzbekistan,UZB,Country or economy,2013,1126.003,61.491,54.61
Uzbekistan,UZB,Country or economy,2014,1121.202,62.507,55.75
Uzbekistan,UZB,Country or economy,2015,1111.792,63.828,57.41
Uzbekistan,UZB,Country or economy,2016,1114.188,65.414,58.71
Uzbekistan,UZB,Country or economy,2017,1096.91,66.736,60.84
Uzbekistan,UZB,Country or economy,2018,1139.24,71.943,63.15
Uzbekistan,UZB,Country or economy,2019,1119.289,71.142,63.56
Uzbekistan,UZB,Country or economy,2020,1149.031,76.445,66.53
Uzbekistan,UZB,Country or economy,2021,1150.518,82.193,71.44
Uzbekistan,UZB,Country or economy,2022,1121.38,84.182,75.07
Uzbekistan,UZB,Country or economy,2023,1113.229,85.496,76.8
Uzbekistan,UZB,Country or economy,2024,1040.172,84.774,81.5
Uzbekistan,UZB,Country or economy,2025,999.965,86.697,86.7
Vanuatu,VUT,Country or economy,2000,660.0,0.033,0.05
Vanuatu,VUT,Country or economy,2001,660.0,0.033,0.05
Vanuatu,VUT,Country or economy,2002,660.0,0.033,0.05
Vanuatu,VUT,Country or economy,2003,660.0,0.033,0.05
Vanuatu,VUT,Country or economy,2004,660.0,0.033,0.05
Vanuatu,VUT,Country or economy,2005,660.0,0.033,0.05
Vanuatu,VUT,Country or economy,2006,660.0,0.033,0.05
Vanuatu,VUT,Country or economy,2007,660.0,0.033,0.05
Vanuatu,VUT,Country or economy,2008,650.0,0.039,0.06
Vanuatu,VUT,Country or economy,2009,650.0,0.039,0.06
Vanuatu,VUT,Country or economy,2010,650.0,0.039,0.06
Vanuatu,VUT,Country or economy,2011,650.0,0.039,0.06
Vanuatu,VUT,Country or economy,2012,650.0,0.039,0.06
Vanuatu,VUT,Country or economy,2013,571.429,0.04,0.07
Vanuatu,VUT,Country or economy,2014,571.429,0.04,0.07
Vanuatu,VUT,Country or economy,2015,550.0,0.033,0.06
Vanuatu,VUT,Country or economy,2016,571.429,0.04,0.07
Vanuatu,VUT,Country or economy,2017,650.0,0.039,0.06
Vanuatu,VUT,Country or economy,2018,500.0,0.04,0.08
Vanuatu,VUT,Country or economy,2019,444.444,0.04,0.09
Vanuatu,VUT,Country or economy,2020,444.444,0.04,0.09
Vanuatu,VUT,Country or economy,2021,500.0,0.04,0.08
Vanuatu,VUT,Country or economy,2022,500.0,0.04,0.08
Vanuatu,VUT,Country or economy,2023,500.0,0.04,0.08
Venezuela,VEN,Country or economy,2000,212.713,18.138,85.27
Venezuela,VEN,Country or economy,2001,261.525,23.566,90.11
Venezuela,VEN,Country or economy,2002,274.295,25.194,91.85
Venezuela,VEN,Country or economy,2003,263.774,24.254,91.95
Venezuela,VEN,Country or economy,2004,228.716,22.54,98.55
Venezuela,VEN,Country or economy,2005,211.253,22.264,105.39
Venezuela,VEN,Country or economy,2006,207.164,22.875,110.42
Venezuela,VEN,Country or economy,2007,217.634,24.856,114.21
Venezuela,VEN,Country or economy,2008,215.759,25.74,119.3
Venezuela,VEN,Country or economy,2009,222.087,26.555,119.57
Venezuela,VEN,Country or economy,2010,252.004,28.668,113.76
Venezuela,VEN,Country or economy,2011,227.085,26.787,117.96
Venezuela,VEN,Country or economy,2012,279.861,35.909,128.31
Venezuela,VEN,Country or economy,2013,297.795,40.241,135.13
Venezuela,VEN,Country or economy,2014,341.491,39.35,115.23
Venezuela,VEN,Country or economy,2015,318.891,40.665,127.52
Venezuela,VEN,Country or economy,2016,356.696,41.712,116.94
Venezuela,VEN,Country or economy,2017,320.771,33.296,103.8
Venezuela,VEN,Country or economy,2018,320.941,32.001,99.71
Venezuela,VEN,Country or economy,2019,320.857,27.321,85.15
Venezuela,VEN,Country or economy,2020,184.499,14.854,80.51
Venezuela,VEN,Country or economy,2021,174.267,14.452,82.93
Venezuela,VEN,Country or economy,2022,180.464,14.863,82.36
Venezuela,VEN,Country or economy,2023,91.801,6.606,71.96
Venezuela,VEN,Country or economy,2024,85.91,6.884,80.13
Viet Nam,VNM,Country or economy,1985,578.895,2.935,5.07
Viet Nam,VNM,Country or economy,1986,609.025,3.374,5.54
Viet Nam,VNM,Country or economy,1987,632.343,3.832,6.06
Viet Nam,VNM,Country or economy,1988,609.882,4.135,6.78
Viet Nam,VNM,Country or economy,1989,427.856,3.333,7.79
Viet Nam,VNM,Country or economy,1990,320.046,2.778,8.68
Viet Nam,VNM,Country or economy,1991,258.026,2.379,9.22
Viet Nam,VNM,Country or economy,1992,206.385,2.004,9.71
Viet Nam,VNM,Country or economy,1993,198.407,2.117,10.67
Viet Nam,VNM,Country or economy,1994,201.384,2.473,12.28
Viet Nam,VNM,Country or economy,1995,227.117,3.325,14.64
Viet Nam,VNM,Country or economy,1996,235.28,3.988,16.95
Viet Nam,VNM,Country or economy,1997,302.403,5.788,19.14
Viet Nam,VNM,Country or economy,1998,355.484,7.714,21.7
Viet Nam,VNM,Country or economy,1999,300.934,7.087,23.55
Viet Nam,VNM,Country or economy,2000,321.837,8.548,26.56
Viet Nam,VNM,Country or economy,2001,290.983,8.907,30.61
Viet Nam,VNM,Country or economy,2002,344.274,12.325,35.8
Viet Nam,VNM,Country or economy,2003,375.837,15.383,40.93
Viet Nam,VNM,Country or economy,2004,407.143,18.81,46.2
Viet Nam,VNM,Country or economy,2005,462.558,24.09,52.08
Viet Nam,VNM,Country or economy,2006,448.446,25.965,57.9
Viet Nam,VNM,Country or economy,2007,438.934,28.162,64.16
Viet Nam,VNM,Country or economy,2008,421.889,29.933,70.95
Viet Nam,VNM,Country or economy,2009,412.5,33.264,80.64
Viet Nam,VNM,Country or economy,2010,451.668,41.427,91.72
Viet Nam,VNM,Country or economy,2011,407.556,41.371,101.51
Viet Nam,VNM,Country or economy,2012,371.857,42.823,115.16
Viet Nam,VNM,Country or economy,2013,374.168,46.569,124.46
Viet Nam,VNM,Country or economy,2014,404.078,57.076,141.25
Viet Nam,VNM,Country or economy,2015,486.562,78.789,161.93
Viet Nam,VNM,Country or economy,2016,491.611,88.082,179.17
Viet Nam,VNM,Country or economy,2017,432.631,84.242,194.72
Viet Nam,VNM,Country or economy,2018,485.597,105.462,217.18
Viet Nam,VNM,Country or economy,2019,557.373,132.036,236.89
Viet Nam,VNM,Country or economy,2020,531.754,129.748,244.0
Viet Nam,VNM,Country or economy,2021,477.789,121.172,253.61
Viet Nam,VNM,Country or economy,2022,417.529,110.691,265.11
Viet Nam,VNM,Country or economy,2023,474.706,131.299,276.59
Viet Nam,VNM,Country or economy,2024,486.985,147.839,303.58
Viet Nam,VNM,Country or economy,2025,463.892,144.065,310.557
Virgin Islands (British),VGB,Country or economy,2000,654.545,0.072,0.11
Virgin Islands (British),VGB,Country or economy,2001,658.333,0.079,0.12
Virgin Islands (British),VGB,Country or economy,2002,657.143,0.092,0.14
Virgin Islands (British),VGB,Country or economy,2003,657.143,0.092,0.14
Virgin Islands (British),VGB,Country or economy,2004,660.0,0.099,0.15
Virgin Islands (British),VGB,Country or economy,2005,656.25,0.105,0.16
Virgin Islands (British),VGB,Country or economy,2006,658.824,0.112,0.17
Virgin Islands (British),VGB,Country or economy,2007,655.556,0.118,0.18
Virgin Islands (British),VGB,Country or economy,2008,655.556,0.118,0.18
Virgin Islands (British),VGB,Country or economy,2009,657.895,0.125,0.19
Virgin Islands (British),VGB,Country or economy,2010,660.0,0.132,0.2
Virgin Islands (British),VGB,Country or economy,2011,657.895,0.125,0.19
Virgin Islands (British),VGB,Country or economy,2012,660.0,0.132,0.2
Virgin Islands (British),VGB,Country or economy,2013,660.0,0.132,0.2
Virgin Islands (British),VGB,Country or economy,2014,660.0,0.132,0.2
Virgin Islands (British),VGB,Country or economy,2015,657.143,0.138,0.21
Virgin Islands (British),VGB,Country or economy,2016,659.091,0.145,0.22
Virgin Islands (British),VGB,Country or economy,2017,658.824,0.112,0.17
Virgin Islands (British),VGB,Country or economy,2018,656.25,0.105,0.16
Virgin Islands (British),VGB,Country or economy,2019,656.25,0.105,0.16
Virgin Islands (British),VGB,Country or economy,2020,656.25,0.105,0.16
Virgin Islands (British),VGB,Country or economy,2021,658.824,0.112,0.17
Virgin Islands (British),VGB,Country or economy,2022,658.824,0.112,0.17
Virgin Islands (British),VGB,Country or economy,2023,658.824,0.112,0.17
Virgin Islands (U.S.),VIR,Country or economy,2000,658.252,0.678,1.03
Virgin Islands (U.S.),VIR,Country or economy,2001,658.252,0.678,1.03
Virgin Islands (U.S.),VIR,Country or economy,2002,657.692,0.684,1.04
Virgin Islands (U.S.),VIR,Country or economy,2003,657.692,0.684,1.04
Virgin Islands (U.S.),VIR,Country or economy,2004,658.095,0.691,1.05
Virgin Islands (U.S.),VIR,Country or economy,2005,657.732,0.638,0.97
Virgin Islands (U.S.),VIR,Country or economy,2006,657.732,0.638,0.97
Virgin Islands (U.S.),VIR,Country or economy,2007,658.163,0.645,0.98
Virgin Islands (U.S.),VIR,Country or economy,2008,657.732,0.638,0.97
Virgin Islands (U.S.),VIR,Country or economy,2009,657.609,0.605,0.92
Virgin Islands (U.S.),VIR,Country or economy,2010,658.333,0.632,0.96
Virgin Islands (U.S.),VIR,Country or economy,2011,657.895,0.625,0.95
Virgin Islands (U.S.),VIR,Country or economy,2012,657.471,0.572,0.87
Virgin Islands (U.S.),VIR,Country or economy,2013,658.537,0.54,0.82
Virgin Islands (U.S.),VIR,Country or economy,2014,650.0,0.507,0.78
Virgin Islands (U.S.),VIR,Country or economy,2015,650.0,0.507,0.78
Virgin Islands (U.S.),VIR,Country or economy,2016,650.649,0.501,0.77
Virgin Islands (U.S.),VIR,Country or economy,2017,648.333,0.389,0.6
Virgin Islands (U.S.),VIR,Country or economy,2018,648.387,0.402,0.62
Virgin Islands (U.S.),VIR,Country or economy,2019,648.485,0.428,0.66
Virgin Islands (U.S.),VIR,Country or economy,2020,648.438,0.415,0.64
Virgin Islands (U.S.),VIR,Country or economy,2021,639.394,0.422,0.66
Virgin Islands (U.S.),VIR,Country or economy,2022,639.706,0.435,0.68
Virgin Islands (U.S.),VIR,Country or economy,2023,639.706,0.435,0.68
World,,Region,2000,527.871,8089.776,15325.294
World,,Region,2001,529.849,8237.867,15547.572
World,,Region,2002,532.892,8578.516,16098.029
World,,Region,2003,545.087,9090.017,16676.277
World,,Region,2004,539.938,9429.495,17464.022
World,,Region,2005,543.857,9889.254,18183.546
World,,Region,2006,546.87,10330.213,18889.705
World,,Region,2007,555.128,10973.173,19766.915
World,,Region,2008,548.199,11050.054,20157.001
World,,Region,2009,543.994,10878.719,19997.849
World,,Region,2010,544.462,11602.871,21310.699
World,,Region,2011,550.952,12135.886,22027.122
World,,Region,2012,548.926,12393.367,22577.478
World,,Region,2013,549.281,12755.579,23222.306
World,,Region,2014,545.481,12977.879,23791.633
World,,Region,2015,534.109,12842.304,24044.333
World,,Region,2016,525.97,13004.5,24724.776
World,,Region,2017,522.952,13322.488,25475.531
World,,Region,2018,519.587,13772.942,26507.498
World,,Region,2019,507.074,13633.713,26887.022
World,,Region,2020,493.579,13211.167,26766.09
World,,Region,2021,496.662,14057.729,28304.406
World,,Region,2022,491.5,14233.885,28960.067
World,,Region,2023,485.483,14429.93,29722.838
World,,Region,2024,473.721,14680.709,30990.182
World,,Region,2025,460.503,14653.274,31820.135
Yemen,YEM,Country or economy,2000,658.065,2.244,3.41
Yemen,YEM,Country or economy,2001,657.967,2.395,3.64
Yemen,YEM,Country or economy,2002,658.09,2.481,3.77
Yemen,YEM,Country or economy,2003,658.049,2.698,4.1
Yemen,YEM,Country or economy,2004,658.028,2.869,4.36
Yemen,YEM,Country or economy,2005,658.071,3.139,4.77
Yemen,YEM,Country or economy,2006,658.071,3.547,5.39
Yemen,YEM,Country or economy,2007,658.043,3.968,6.03
Yemen,YEM,Country or economy,2008,658.015,4.31,6.55
Yemen,YEM,Country or economy,2009,658.074,4.442,6.75
Yemen,YEM,Country or economy,2010,703.737,5.461,7.76
Yemen,YEM,Country or economy,2011,695.169,4.317,6.21
Yemen,YEM,Country or economy,2012,712.023,5.034,7.07
Yemen,YEM,Country or economy,2013,713.059,6.061,8.5
Yemen,YEM,Country or economy,2014,723.499,5.542,7.66
Yemen,YEM,Country or economy,2015,712.847,4.106,5.76
Yemen,YEM,Country or economy,2016,694.179,3.339,4.81
Yemen,YEM,Country or economy,2017,669.63,2.712,4.05
Yemen,YEM,Country or economy,2018,589.685,2.058,3.49
Yemen,YEM,Country or economy,2019,585.366,1.92,3.28
Yemen,YEM,Country or economy,2020,580.272,1.706,2.94
Yemen,YEM,Country or economy,2021,590.753,1.725,2.92
Yemen,YEM,Country or economy,2022,585.809,1.775,3.03
Yemen,YEM,Country or economy,2023,598.047,3.062,5.12
Yemen,YEM,Country or economy,2024,591.429,3.105,5.25
Zambia,ZMB,Country or economy,2000,27.367,0.211,7.71
Zambia,ZMB,Country or economy,2001,27.96,0.222,7.94
Zambia,ZMB,Country or economy,2002,28.922,0.236,8.16
Zambia,ZMB,Country or economy,2003,28.846,0.24,8.32
Zambia,ZMB,Country or economy,2004,27.732,0.236,8.51
Zambia,ZMB,Country or economy,2005,28.412,0.254,8.94
Zambia,ZMB,Country or economy,2006,24.38,0.236,9.68
Zambia,ZMB,Country or economy,2007,24.378,0.235,9.64
Zambia,ZMB,Country or economy,2008,24.449,0.233,9.53
Zambia,ZMB,Country or economy,2009,24.368,0.241,9.89
Zambia,ZMB,Country or economy,2010,24.402,0.255,10.45
Zambia,ZMB,Country or economy,2011,24.282,0.279,11.49
Zambia,ZMB,Country or economy,2012,24.818,0.307,12.37
Zambia,ZMB,Country or economy,2013,24.737,0.329,13.3
Zambia,ZMB,Country or economy,2014,42.631,0.619,14.52
Zambia,ZMB,Country or economy,2015,43.523,0.588,13.51
Zambia,ZMB,Country or economy,2016,66.78,0.786,11.77
Zambia,ZMB,Country or economy,2017,129.052,1.879,14.56
Zambia,ZMB,Country or economy,2018,146.99,2.393,16.28
Zambia,ZMB,Country or economy,2019,144.76,2.141,14.79
Zambia,ZMB,Country or economy,2020,141.825,2.16,15.23
Zambia,ZMB,Country or economy,2021,90.293,1.6,17.72
Zambia,ZMB,Country or economy,2022,117.257,2.283,19.47
Zambia,ZMB,Country or economy,2023,116.341,2.264,19.46
Zambia,ZMB,Country or economy,2024,125.761,2.48,19.72
Zimbabwe,ZWE,Country or economy,2000,475.107,3.321,6.99
Zimbabwe,ZWE,Country or economy,2001,544.557,4.302,7.9
Zimbabwe,ZWE,Country or economy,2002,487.179,4.18,8.58
Zimbabwe,ZWE,Country or economy,2003,350.853,3.084,8.79
Zimbabwe,ZWE,Country or economy,2004,385.391,3.746,9.72
Zimbabwe,ZWE,Country or economy,2005,419.872,3.93,9.36
Zimbabwe,ZWE,Country or economy,2006,293.734,2.344,7.98
Zimbabwe,ZWE,Country or economy,2007,261.579,1.988,7.6
Zimbabwe,ZWE,Country or economy,2008,226.081,1.725,7.63
Zimbabwe,ZWE,Country or economy,2009,227.298,1.657,7.29
Zimbabwe,ZWE,Country or economy,2010,292.245,2.525,8.64
Zimbabwe,ZWE,Country or economy,2011,377.644,3.463,9.17
Zimbabwe,ZWE,Country or economy,2012,356.94,3.266,9.15
Zimbabwe,ZWE,Country or economy,2013,410.692,3.918,9.54
Zimbabwe,ZWE,Country or economy,2014,397.363,3.918,9.86
Zimbabwe,ZWE,Country or economy,2015,420.021,4.028,9.59
Zimbabwe,ZWE,Country or economy,2016,488.285,3.501,7.17
Zimbabwe,ZWE,Country or economy,2017,404.371,3.053,7.55
Zimbabwe,ZWE,Country or economy,2018,396.288,3.737,9.43
Zimbabwe,ZWE,Country or economy,2019,430.189,3.648,8.48
Zimbabwe,ZWE,Country or economy,2020,371.088,2.49,6.71
Zimbabwe,ZWE,Country or economy,2021,270.595,2.319,8.57
Zimbabwe,ZWE,Country or economy,2022,298.658,2.67,8.94
Zimbabwe,ZWE,Country or economy,2023,391.792,3.914,9.99
Zimbabwe,ZWE,Country or economy,2024,383.723,3.937,10.26
